20200505T,200.4387566447258,200.4387566447258,200.4387566447258,200.4387566447258,0
20200506T,189.0202390551567,189.0202390551567,189.0202390551567,189.0202390551567,0
20200507T,947.0422064065933,947.0422064065933,947.0422064065933,947.0422064065933,0
20200508T,579.7338837385178,579.7338837385178,579.7338837385178,579.7338837385178,0
20200509T,456.6764109134674,456.6764109134674,456.6764109134674,456.6764109134674,0
20200510T,-195.8816840648651,-195.8816840648651,-195.8816840648651,-195.8816840648651,0
20200511T,1450.2315945625305,1450.2315945625305,1450.2315945625305,1450.2315945625305,0
20200512T,694.8713404536247,694.8713404536247,694.8713404536247,694.8713404536247,0
20200513T,500.431364774704,500.431364774704,500.431364774704,500.431364774704,0
20200514T,255.218241751194,255.218241751194,255.218241751194,255.218241751194,0
20200515T,149.69611793756485,149.69611793756485,149.69611793756485,149.69611793756485,0
20200516T,726.4462355971336,726.4462355971336,726.4462355971336,726.4462355971336,0
20200517T,454.6978282928467,454.6978282928467,454.6978282928467,454.6978282928467,0
20200518T,384.1465567946434,384.1465567946434,384.1465567946434,384.1465567946434,0
20200519T,333.069973051548,333.069973051548,333.069973051548,333.069973051548,0
20200520T,102.76463252305984,102.76463252305984,102.76463252305984,102.76463252305984,0
20200521T,115.57005304098129,115.57005304098129,115.57005304098129,115.57005304098129,0
20200522T,557.5969458818436,557.5969458818436,557.5969458818436,557.5969458818436,0
20200523T,388.6786302924156,388.6786302924156,388.6786302924156,388.6786302924156,0
20200524T,391.4534956216812,391.4534956216812,391.4534956216812,391.4534956216812,0
20200525T,470.0696313381195,470.0696313381195,470.0696313381195,470.0696313381195,0
20200526T,675.7248401641846,675.7248401641846,675.7248401641846,675.7248401641846,0
20200527T,573.5971972942352,573.5971972942352,573.5971972942352,573.5971972942352,0
20200528T,721.327568590641,721.327568590641,721.327568590641,721.327568590641,0
20200529T,397.9679991006851,397.9679991006851,397.9679991006851,397.9679991006851,0
20200530T,526.9825401902199,526.9825401902199,526.9825401902199,526.9825401902199,0
20200531T,519.3841550350189,519.3841550350189,519.3841550350189,519.3841550350189,0
20200601T,1137.3586158156395,1137.3586158156395,1137.3586158156395,1137.3586158156395,0
20200602T,-15.095435619354248,-15.095435619354248,-15.095435619354248,-15.095435619354248,0
20200603T,471.2025821208954,471.2025821208954,471.2025821208954,471.2025821208954,0
20200604T,467.03543347120285,467.03543347120285,467.03543347120285,467.03543347120285,0
20200605T,274.8890842795372,274.8890842795372,274.8890842795372,274.8890842795372,0
20200606T,429.9112792611122,429.9112792611122,429.9112792611122,429.9112792611122,0
20200607T,377.17125737667084,377.17125737667084,377.17125737667084,377.17125737667084,0
20200608T,478.9892649054527,478.9892649054527,478.9892649054527,478.9892649054527,0
20200609T,379.83888894319534,379.83888894319534,379.83888894319534,379.83888894319534,0
20200610T,495.69158548116684,495.69158548116684,495.69158548116684,495.69158548116684,0
20200611T,-11.953888058662415,-11.953888058662415,-11.953888058662415,-11.953888058662415,0
20200612T,253.5170481801033,253.5170481801033,253.5170481801033,253.5170481801033,0
20200613T,248.5938612818718,248.5938612818718,248.5938612818718,248.5938612818718,0
20200614T,177.8290314078331,177.8290314078331,177.8290314078331,177.8290314078331,0
20200615T,252.69895005226135,252.69895005226135,252.69895005226135,252.69895005226135,0
20200616T,395.353956758976,395.353956758976,395.353956758976,395.353956758976,0
20200617T,337.16715556383133,337.16715556383133,337.16715556383133,337.16715556383133,0
20200618T,486.319296002388,486.319296002388,486.319296002388,486.319296002388,0
20200619T,457.2577826976776,457.2577826976776,457.2577826976776,457.2577826976776,0
20200620T,410.01152032613754,410.01152032613754,410.01152032613754,410.01152032613754,0
20200621T,262.63322550058365,262.63322550058365,262.63322550058365,262.63322550058365,0
20200622T,515.4011821746826,515.4011821746826,515.4011821746826,515.4011821746826,0
20200623T,299.6102246642113,299.6102246642113,299.6102246642113,299.6102246642113,0
20200624T,-54.11442148685455,-54.11442148685455,-54.11442148685455,-54.11442148685455,0
20200625T,79.75993001461029,79.75993001461029,79.75993001461029,79.75993001461029,0
20200626T,262.1509594321251,262.1509594321251,262.1509594321251,262.1509594321251,0
20200627T,117.77881246805191,117.77881246805191,117.77881246805191,117.77881246805191,0
20200628T,344.13826805353165,344.13826805353165,344.13826805353165,344.13826805353165,0
20200629T,424.3407720923424,424.3407720923424,424.3407720923424,424.3407720923424,0
20200630T,347.27409476041794,347.27409476041794,347.27409476041794,347.27409476041794,0
20200701T,476.38118785619736,476.38118785619736,476.38118785619736,476.38118785619736,0
20200702T,338.357324719429,338.357324719429,338.357324719429,338.357324719429,0
20200703T,329.83111703395844,329.83111703395844,329.83111703395844,329.83111703395844,0
20200704T,300.67436534166336,300.67436534166336,300.67436534166336,300.67436534166336,0
20200705T,181.85657769441605,181.85657769441605,181.85657769441605,181.85657769441605,0
20200706T,405.25900650024414,405.25900650024414,405.25900650024414,405.25900650024414,0
20200707T,411.00288039445877,411.00288039445877,411.00288039445877,411.00288039445877,0
20200708T,309.1979477405548,309.1979477405548,309.1979477405548,309.1979477405548,0
20200709T,180.7662702202797,180.7662702202797,180.7662702202797,180.7662702202797,0
20200710T,338.1819307208061,338.1819307208061,338.1819307208061,338.1819307208061,0
20200711T,285.3027021288872,285.3027021288872,285.3027021288872,285.3027021288872,0
20200712T,270.08351254463196,270.08351254463196,270.08351254463196,270.08351254463196,0
20200713T,258.61530834436417,258.61530834436417,258.61530834436417,258.61530834436417,0
20200714T,306.1608936190605,306.1608936190605,306.1608936190605,306.1608936190605,0
20200715T,246.6655889749527,246.6655889749527,246.6655889749527,246.6655889749527,0
20200716T,91.41676515340805,91.41676515340805,91.41676515340805,91.41676515340805,0
20200717T,320.4929069876671,320.4929069876671,320.4929069876671,320.4929069876671,0
20200718T,397.47962510585785,397.47962510585785,397.47962510585785,397.47962510585785,0
20200719T,200.52056115865707,200.52056115865707,200.52056115865707,200.52056115865707,0
20200720T,202.175379216671,202.175379216671,202.175379216671,202.175379216671,0
20200721T,293.0355439186096,293.0355439186096,293.0355439186096,293.0355439186096,0
20200722T,412.586856007576,412.586856007576,412.586856007576,412.586856007576,0
20200723T,515.595496058464,515.595496058464,515.595496058464,515.595496058464,0
20200724T,239.4379796385765,239.4379796385765,239.4379796385765,239.4379796385765,0
20200725T,405.4523716568947,405.4523716568947,405.4523716568947,405.4523716568947,0
20200726T,130.4536018371582,130.4536018371582,130.4536018371582,130.4536018371582,0
20200727T,939.068773329258,939.068773329258,939.068773329258,939.068773329258,0
20200728T,758.0277623534203,758.0277623534203,758.0277623534203,758.0277623534203,0
20200729T,1020.2831377983093,1020.2831377983093,1020.2831377983093,1020.2831377983093,0
20200730T,696.3135496973991,696.3135496973991,696.3135496973991,696.3135496973991,0
20200731T,1027.497828066349,1027.497828066349,1027.497828066349,1027.497828066349,0
20200801T,1069.4788166284561,1069.4788166284561,1069.4788166284561,1069.4788166284561,0
20200802T,831.5224589109421,831.5224589109421,831.5224589109421,831.5224589109421,0
20200803T,669.5142267346382,669.5142267346382,669.5142267346382,669.5142267346382,0
20200804T,561.0223299860954,561.0223299860954,561.0223299860954,561.0223299860954,0
20200805T,748.0103748440742,748.0103748440742,748.0103748440742,748.0103748440742,0
20200806T,731.7861248850822,731.7861248850822,731.7861248850822,731.7861248850822,0
20200807T,864.7707522511482,864.7707522511482,864.7707522511482,864.7707522511482,0
20200808T,640.8056499958038,640.8056499958038,640.8056499958038,640.8056499958038,0
20200809T,671.3527924418449,671.3527924418449,671.3527924418449,671.3527924418449,0
20200810T,904.7858290672302,904.7858290672302,904.7858290672302,904.7858290672302,0
20200811T,830.9180828332901,830.9180828332901,830.9180828332901,830.9180828332901,0
20200812T,725.4296575784683,725.4296575784683,725.4296575784683,725.4296575784683,0
20200813T,921.4412753582001,921.4412753582001,921.4412753582001,921.4412753582001,0
20200814T,680.988415658474,680.988415658474,680.988415658474,680.988415658474,0
20200815T,801.0762320756912,801.0762320756912,801.0762320756912,801.0762320756912,0
20200816T,576.4774087071419,576.4774087071419,576.4774087071419,576.4774087071419,0
20200817T,694.0639454722404,694.0639454722404,694.0639454722404,694.0639454722404,0
20200818T,475.309183716774,475.309183716774,475.309183716774,475.309183716774,0
20200819T,836.0213135480881,836.0213135480881,836.0213135480881,836.0213135480881,0
20200820T,721.9690757989883,721.9690757989883,721.9690757989883,721.9690757989883,0
20200821T,671.2394040226936,671.2394040226936,671.2394040226936,671.2394040226936,0
20200822T,499.04141396284103,499.04141396284103,499.04141396284103,499.04141396284103,0
20200823T,461.7756117582321,461.7756117582321,461.7756117582321,461.7756117582321,0
20200824T,554.4922600388527,554.4922600388527,554.4922600388527,554.4922600388527,0
20200825T,535.0452961325645,535.0452961325645,535.0452961325645,535.0452961325645,0
20200826T,705.811869263649,705.811869263649,705.811869263649,705.811869263649,0
20200827T,487.2456950545311,487.2456950545311,487.2456950545311,487.2456950545311,0
20200828T,536.0611526966095,536.0611526966095,536.0611526966095,536.0611526966095,0
20200829T,342.0818794965744,342.0818794965744,342.0818794965744,342.0818794965744,0
20200830T,315.687822163105,315.687822163105,315.687822163105,315.687822163105,0
20200831T,667.4167532324791,667.4167532324791,667.4167532324791,667.4167532324791,0
20200901T,460.47341561317444,460.47341561317444,460.47341561317444,460.47341561317444,0
20200902T,256.8820493221283,256.8820493221283,256.8820493221283,256.8820493221283,0
20200903T,-21.01328134536743,-21.01328134536743,-21.01328134536743,-21.01328134536743,0
20200904T,179.96810239553452,179.96810239553452,179.96810239553452,179.96810239553452,0
20200905T,89.21252489089966,89.21252489089966,89.21252489089966,89.21252489089966,0
20200906T,183.20462888479233,183.20462888479233,183.20462888479233,183.20462888479233,0
20200907T,214.8383259177208,214.8383259177208,214.8383259177208,214.8383259177208,0
20200908T,348.698154091835,348.698154091835,348.698154091835,348.698154091835,0
20200909T,370.9569460749626,370.9569460749626,370.9569460749626,370.9569460749626,0
20200910T,436.12881165742874,436.12881165742874,436.12881165742874,436.12881165742874,0
20200911T,307.96378606557846,307.96378606557846,307.96378606557846,307.96378606557846,0
20200912T,295.3027832508087,295.3027832508087,295.3027832508087,295.3027832508087,0
20200913T,292.5424833893776,292.5424833893776,292.5424833893776,292.5424833893776,0
20200914T,374.79334330558777,374.79334330558777,374.79334330558777,374.79334330558777,0
20200915T,359.9300420284271,359.9300420284271,359.9300420284271,359.9300420284271,0
20200916T,477.4068466424942,477.4068466424942,477.4068466424942,477.4068466424942,0
20200917T,443.7477523088455,443.7477523088455,443.7477523088455,443.7477523088455,0
20200918T,458.72694247961044,458.72694247961044,458.72694247961044,458.72694247961044,0
20200919T,404.55844634771347,404.55844634771347,404.55844634771347,404.55844634771347,0
20200920T,186.36567372083664,186.36567372083664,186.36567372083664,186.36567372083664,0
20200921T,119.89336591959,119.89336591959,119.89336591959,119.89336591959,0
20200922T,260.9712844491005,260.9712844491005,260.9712844491005,260.9712844491005,0
20200923T,287.4911925792694,287.4911925792694,287.4911925792694,287.4911925792694,0
20200924T,239.09912037849426,239.09912037849426,239.09912037849426,239.09912037849426,0
20200925T,260.24956625699997,260.24956625699997,260.24956625699997,260.24956625699997,0
20200926T,145.1513453722,145.1513453722,145.1513453722,145.1513453722,0
20200927T,372.835614323616,372.835614323616,372.835614323616,372.835614323616,0
20200928T,240.9786108136177,240.9786108136177,240.9786108136177,240.9786108136177,0
20200929T,353.5135633945465,353.5135633945465,353.5135633945465,353.5135633945465,0
20200930T,542.8310028910637,542.8310028910637,542.8310028910637,542.8310028910637,0
20201001T,275.0070462822914,275.0070462822914,275.0070462822914,275.0070462822914,0
20201002T,167.45746743679047,167.45746743679047,167.45746743679047,167.45746743679047,0
20201003T,139.22093617916107,139.22093617916107,139.22093617916107,139.22093617916107,0
20201004T,269.62446135282516,269.62446135282516,269.62446135282516,269.62446135282516,0
20201005T,358.32365244627,358.32365244627,358.32365244627,358.32365244627,0
20201006T,204.88230526447296,204.88230526447296,204.88230526447296,204.88230526447296,0
20201007T,354.0892086029053,354.0892086029053,354.0892086029053,354.0892086029053,0
20201008T,528.6136918663979,528.6136918663979,528.6136918663979,528.6136918663979,0
20201009T,495.8907639980316,495.8907639980316,495.8907639980316,495.8907639980316,0
20201010T,653.6161103248596,653.6161103248596,653.6161103248596,653.6161103248596,0
20201011T,735.8341936469078,735.8341936469078,735.8341936469078,735.8341936469078,0
20201012T,593.9959279894829,593.9959279894829,593.9959279894829,593.9959279894829,0
20201013T,530.2878948450089,530.2878948450089,530.2878948450089,530.2878948450089,0
20201014T,698.6848760843277,698.6848760843277,698.6848760843277,698.6848760843277,0
20201015T,473.50876927375793,473.50876927375793,473.50876927375793,473.50876927375793,0
20201016T,241.24981290102005,241.24981290102005,241.24981290102005,241.24981290102005,0
20201017T,281.1100084781647,281.1100084781647,281.1100084781647,281.1100084781647,0
20201018T,315.33898824453354,315.33898824453354,315.33898824453354,315.33898824453354,0
20201019T,588.8338941931725,588.8338941931725,588.8338941931725,588.8338941931725,0
20201020T,676.5747244358063,676.5747244358063,676.5747244358063,676.5747244358063,0
20201021T,550.4261703491211,550.4261703491211,550.4261703491211,550.4261703491211,0
20201022T,748.8259521722794,748.8259521722794,748.8259521722794,748.8259521722794,0
20201023T,436.52804684638977,436.52804684638977,436.52804684638977,436.52804684638977,0
20201024T,326.65549314022064,326.65549314022064,326.65549314022064,326.65549314022064,0
20201025T,402.0727215409279,402.0727215409279,402.0727215409279,402.0727215409279,0
20201026T,412.67484003305435,412.67484003305435,412.67484003305435,412.67484003305435,0
20201027T,656.1478255391121,656.1478255391121,656.1478255391121,656.1478255391121,0
20201028T,533.3309769034386,533.3309769034386,533.3309769034386,533.3309769034386,0
20201029T,485.17531007528305,485.17531007528305,485.17531007528305,485.17531007528305,0
20201030T,446.1387463212013,446.1387463212013,446.1387463212013,446.1387463212013,0
20201031T,589.7809765338898,589.7809765338898,589.7809765338898,589.7809765338898,0
20201101T,414.52824425697327,414.52824425697327,414.52824425697327,414.52824425697327,0
20201102T,652.326119363308,652.326119363308,652.326119363308,652.326119363308,0
20201103T,565.912318110466,565.912318110466,565.912318110466,565.912318110466,0
20201104T,524.6409163475037,524.6409163475037,524.6409163475037,524.6409163475037,0
20201105T,740.931332051754,740.931332051754,740.931332051754,740.931332051754,0
20201106T,395.0277821421623,395.0277821421623,395.0277821421623,395.0277821421623,0
20201107T,334.23392432928085,334.23392432928085,334.23392432928085,334.23392432928085,0
20201108T,390.66317915916443,390.66317915916443,390.66317915916443,390.66317915916443,0
20201109T,365.96890491247177,365.96890491247177,365.96890491247177,365.96890491247177,0
20201110T,409.2216836810112,409.2216836810112,409.2216836810112,409.2216836810112,0
20201111T,466.92153680324554,466.92153680324554,466.92153680324554,466.92153680324554,0
20201112T,348.5189158320427,348.5189158320427,348.5189158320427,348.5189158320427,0
20201113T,419.80054837465286,419.80054837465286,419.80054837465286,419.80054837465286,0
20201114T,626.3176710009575,626.3176710009575,626.3176710009575,626.3176710009575,0
20201115T,310.95257019996643,310.95257019996643,310.95257019996643,310.95257019996643,0
20201116T,444.009339094162,444.009339094162,444.009339094162,444.009339094162,0
20201117T,928.0015409588814,928.0015409588814,928.0015409588814,928.0015409588814,0
20201118T,900.0427361130714,900.0427361130714,900.0427361130714,900.0427361130714,0
20201119T,982.179964363575,982.179964363575,982.179964363575,982.179964363575,0
20201120T,849.4887636303902,849.4887636303902,849.4887636303902,849.4887636303902,0
20201121T,697.2107280492783,697.2107280492783,697.2107280492783,697.2107280492783,0
20201122T,431.6208384633064,431.6208384633064,431.6208384633064,431.6208384633064,0
20201123T,750.0840937495232,750.0840937495232,750.0840937495232,750.0840937495232,0
20201124T,934.7280081510544,934.7280081510544,934.7280081510544,934.7280081510544,0
20201125T,746.6400729417801,746.6400729417801,746.6400729417801,746.6400729417801,0
20201126T,707.0838479995728,707.0838479995728,707.0838479995728,707.0838479995728,0
20201127T,523.824981033802,523.824981033802,523.824981033802,523.824981033802,0
20201128T,637.3095615506172,637.3095615506172,637.3095615506172,637.3095615506172,0
20201129T,723.3259698152542,723.3259698152542,723.3259698152542,723.3259698152542,0
20201130T,920.564583837986,920.564583837986,920.564583837986,920.564583837986,0
20201201T,743.5560908317566,743.5560908317566,743.5560908317566,743.5560908317566,0
20201202T,777.7307201623917,777.7307201623917,777.7307201623917,777.7307201623917,0
20201203T,726.0934696793556,726.0934696793556,726.0934696793556,726.0934696793556,0
20201204T,610.4450929164886,610.4450929164886,610.4450929164886,610.4450929164886,0
20201205T,430.153039932251,430.153039932251,430.153039932251,430.153039932251,0
20201206T,626.1853044629097,626.1853044629097,626.1853044629097,626.1853044629097,0
20201207T,559.2285525798798,559.2285525798798,559.2285525798798,559.2285525798798,0
20201208T,629.9348245859146,629.9348245859146,629.9348245859146,629.9348245859146,0
20201209T,402.7469484806061,402.7469484806061,402.7469484806061,402.7469484806061,0
20201210T,624.389181137085,624.389181137085,624.389181137085,624.389181137085,0
20201211T,756.5676004886627,756.5676004886627,756.5676004886627,756.5676004886627,0
20201212T,554.7253305315971,554.7253305315971,554.7253305315971,554.7253305315971,0
20201213T,895.1131988167763,895.1131988167763,895.1131988167763,895.1131988167763,0
20201214T,536.5333523750305,536.5333523750305,536.5333523750305,536.5333523750305,0
20201215T,530.8586410284042,530.8586410284042,530.8586410284042,530.8586410284042,0
20201216T,1146.2760731577873,1146.2760731577873,1146.2760731577873,1146.2760731577873,0
20201217T,1166.8903431296349,1166.8903431296349,1166.8903431296349,1166.8903431296349,0
20201218T,778.5656384825706,778.5656384825706,778.5656384825706,778.5656384825706,0
20201219T,619.4504514336586,619.4504514336586,619.4504514336586,619.4504514336586,0
20201220T,796.7211042642593,796.7211042642593,796.7211042642593,796.7211042642593,0
20201221T,462.5746330022812,462.5746330022812,462.5746330022812,462.5746330022812,0
20201222T,730.3799304962158,730.3799304962158,730.3799304962158,730.3799304962158,0
20201223T,414.33374857902527,414.33374857902527,414.33374857902527,414.33374857902527,0
20201224T,590.8661560416222,590.8661560416222,590.8661560416222,590.8661560416222,0
20201225T,728.8628044724464,728.8628044724464,728.8628044724464,728.8628044724464,0
20201226T,829.3256756663322,829.3256756663322,829.3256756663322,829.3256756663322,0
20201227T,721.2713630199432,721.2713630199432,721.2713630199432,721.2713630199432,0
20201228T,1504.9042444229126,1504.9042444229126,1504.9042444229126,1504.9042444229126,0
20201229T,1357.708202779293,1357.708202779293,1357.708202779293,1357.708202779293,0
20201230T,1132.1843246221542,1132.1843246221542,1132.1843246221542,1132.1843246221542,0
20201231T,1071.2157692313194,1071.2157692313194,1071.2157692313194,1071.2157692313194,0
20210101T,876.264572262764,876.264572262764,876.264572262764,876.264572262764,0
20210102T,1266.2777844071388,1266.2777844071388,1266.2777844071388,1266.2777844071388,0
20210103T,1283.917258322239,1283.917258322239,1283.917258322239,1283.917258322239,0
20210104T,724.7920669913292,724.7920669913292,724.7920669913292,724.7920669913292,0
20210105T,867.7527521252632,867.7527521252632,867.7527521252632,867.7527521252632,0
20210106T,917.094503223896,917.094503223896,917.094503223896,917.094503223896,0
20210107T,1089.794190108776,1089.794190108776,1089.794190108776,1089.794190108776,0
20210108T,975.1348359584808,975.1348359584808,975.1348359584808,975.1348359584808,0
20210109T,1123.7443817257881,1123.7443817257881,1123.7443817257881,1123.7443817257881,0
20210110T,773.5572015047073,773.5572015047073,773.5572015047073,773.5572015047073,0
20210111T,561.8900033831596,561.8900033831596,561.8900033831596,561.8900033831596,0
20210112T,752.7345496416092,752.7345496416092,752.7345496416092,752.7345496416092,0
20210113T,914.8129231333733,914.8129231333733,914.8129231333733,914.8129231333733,0
20210114T,925.9788675308228,925.9788675308228,925.9788675308228,925.9788675308228,0
20210115T,730.665610074997,730.665610074997,730.665610074997,730.665610074997,0
20210116T,651.6387202739716,651.6387202739716,651.6387202739716,651.6387202739716,0
20210117T,527.418021440506,527.418021440506,527.418021440506,527.418021440506,0
20210118T,863.4711825847626,863.4711825847626,863.4711825847626,863.4711825847626,0
20210119T,949.6821492314339,949.6821492314339,949.6821492314339,949.6821492314339,0
20210120T,788.5416793227196,788.5416793227196,788.5416793227196,788.5416793227196,0
20210121T,737.4597552418709,737.4597552418709,737.4597552418709,737.4597552418709,0
20210122T,666.7227234840393,666.7227234840393,666.7227234840393,666.7227234840393,0
20210123T,896.2320013642311,896.2320013642311,896.2320013642311,896.2320013642311,0
20210124T,733.2329996228218,733.2329996228218,733.2329996228218,733.2329996228218,0
20210125T,1070.2494741678238,1070.2494741678238,1070.2494741678238,1070.2494741678238,0
20210126T,727.3763374686241,727.3763374686241,727.3763374686241,727.3763374686241,0
20210127T,735.7565947175026,735.7565947175026,735.7565947175026,735.7565947175026,0
20210128T,1065.1168522238731,1065.1168522238731,1065.1168522238731,1065.1168522238731,0
20210129T,1718.4366277456284,1718.4366277456284,1718.4366277456284,1718.4366277456284,0
20210130T,970.034442782402,970.034442782402,970.034442782402,970.034442782402,0
20210131T,1019.3369464278221,1019.3369464278221,1019.3369464278221,1019.3369464278221,0
20210201T,1402.5426937937737,1402.5426937937737,1402.5426937937737,1402.5426937937737,0
20210202T,1268.5817702412605,1268.5817702412605,1268.5817702412605,1268.5817702412605,0
20210203T,1747.9723928570747,1747.9723928570747,1747.9723928570747,1747.9723928570747,0
20210204T,2091.481489300728,2091.481489300728,2091.481489300728,2091.481489300728,0
20210205T,1282.6081011295319,1282.6081011295319,1282.6081011295319,1282.6081011295319,0
20210206T,942.8298702836037,942.8298702836037,942.8298702836037,942.8298702836037,0
20210207T,1008.4606240391731,1008.4606240391731,1008.4606240391731,1008.4606240391731,0
20210208T,2395.230863571167,2395.230863571167,2395.230863571167,2395.230863571167,0
20210209T,2168.725567996502,2168.725567996502,2168.725567996502,2168.725567996502,0
20210210T,1486.6327449679375,1486.6327449679375,1486.6327449679375,1486.6327449679375,0
20210211T,1257.1649205088615,1257.1649205088615,1257.1649205088615,1257.1649205088615,0
20210212T,1242.9154291749,1242.9154291749,1242.9154291749,1242.9154291749,0
20210213T,1021.963717520237,1021.963717520237,1021.963717520237,1021.963717520237,0
20210214T,1230.7013911604881,1230.7013911604881,1230.7013911604881,1230.7013911604881,0
20210215T,703.7500113844872,703.7500113844872,703.7500113844872,703.7500113844872,0
20210216T,1213.0203587412834,1213.0203587412834,1213.0203587412834,1213.0203587412834,0
20210217T,1259.3442887663841,1259.3442887663841,1259.3442887663841,1259.3442887663841,0
20210218T,1034.7761365771294,1034.7761365771294,1034.7761365771294,1034.7761365771294,0
20210219T,1459.3045383691788,1459.3045383691788,1459.3045383691788,1459.3045383691788,0
20210220T,1039.5774521827698,1039.5774521827698,1039.5774521827698,1039.5774521827698,0
20210221T,1027.9073519706726,1027.9073519706726,1027.9073519706726,1027.9073519706726,0
20210222T,864.7619247436523,864.7619247436523,864.7619247436523,864.7619247436523,0
20210223T,579.9871224761009,579.9871224761009,579.9871224761009,579.9871224761009,0
20210224T,1055.9959008693695,1055.9959008693695,1055.9959008693695,1055.9959008693695,0
20210225T,1008.2231140136719,1008.2231140136719,1008.2231140136719,1008.2231140136719,0
20210226T,893.8951236605644,893.8951236605644,893.8951236605644,893.8951236605644,0
20210227T,1066.242025256157,1066.242025256157,1066.242025256157,1066.242025256157,0
20210228T,515.5701631903648,515.5701631903648,515.5701631903648,515.5701631903648,0
20210301T,1381.2331008911133,1381.2331008911133,1381.2331008911133,1381.2331008911133,0
20210302T,1077.3740955591202,1077.3740955591202,1077.3740955591202,1077.3740955591202,0
20210303T,829.3787912726402,829.3787912726402,829.3787912726402,829.3787912726402,0
20210304T,802.5537906289101,802.5537906289101,802.5537906289101,802.5537906289101,0
20210305T,688.34204018116,688.34204018116,688.34204018116,688.34204018116,0
20210306T,721.9603604078293,721.9603604078293,721.9603604078293,721.9603604078293,0
20210307T,729.9096742272377,729.9096742272377,729.9096742272377,729.9096742272377,0
20210308T,854.2663338780403,854.2663338780403,854.2663338780403,854.2663338780403,0
20210309T,1197.3633579015732,1197.3633579015732,1197.3633579015732,1197.3633579015732,0
20210310T,1279.7209162712097,1279.7209162712097,1279.7209162712097,1279.7209162712097,0
20210311T,996.5249670147896,996.5249670147896,996.5249670147896,996.5249670147896,0
20210312T,1033.6303590536118,1033.6303590536118,1033.6303590536118,1033.6303590536118,0
20210313T,1452.025767147541,1452.025767147541,1452.025767147541,1452.025767147541,0
20210314T,836.4681684374809,836.4681684374809,836.4681684374809,836.4681684374809,0
20210315T,911.206791639328,911.206791639328,911.206791639328,911.206791639328,0
20210316T,1000.6909306049347,1000.6909306049347,1000.6909306049347,1000.6909306049347,0
20210317T,1221.0945920348167,1221.0945920348167,1221.0945920348167,1221.0945920348167,0
20210318T,1159.3326110839844,1159.3326110839844,1159.3326110839844,1159.3326110839844,0
20210319T,1156.8441907167435,1156.8441907167435,1156.8441907167435,1156.8441907167435,0
20210320T,791.3145785331726,791.3145785331726,791.3145785331726,791.3145785331726,0
20210321T,853.5913712978363,853.5913712978363,853.5913712978363,853.5913712978363,0
20210322T,825.5066391825676,825.5066391825676,825.5066391825676,825.5066391825676,0
20210323T,932.7932832241058,932.7932832241058,932.7932832241058,932.7932832241058,0
20210324T,1625.1403380036354,1625.1403380036354,1625.1403380036354,1625.1403380036354,0
20210325T,1009.0292451381683,1009.0292451381683,1009.0292451381683,1009.0292451381683,0
20210326T,969.5849138498306,969.5849138498306,969.5849138498306,969.5849138498306,0
20210327T,1193.118363082409,1193.118363082409,1193.118363082409,1193.118363082409,0
20210328T,1013.6075207591057,1013.6075207591057,1013.6075207591057,1013.6075207591057,0
20210329T,1232.9421064853668,1232.9421064853668,1232.9421064853668,1232.9421064853668,0
20210330T,1141.7975152730942,1141.7975152730942,1141.7975152730942,1141.7975152730942,0
20210331T,1024.7805917859077,1024.7805917859077,1024.7805917859077,1024.7805917859077,0
20210401T,991.0811820626259,991.0811820626259,991.0811820626259,991.0811820626259,0
20210402T,1106.8433869481087,1106.8433869481087,1106.8433869481087,1106.8433869481087,0
20210403T,822.9433748722076,822.9433748722076,822.9433748722076,822.9433748722076,0
20210404T,815.8240762352943,815.8240762352943,815.8240762352943,815.8240762352943,0
20210405T,943.4135816693306,943.4135816693306,943.4135816693306,943.4135816693306,0
20210406T,1142.8481730222702,1142.8481730222702,1142.8481730222702,1142.8481730222702,0
20210407T,842.7313743233681,842.7313743233681,842.7313743233681,842.7313743233681,0
20210408T,1116.2999791502953,1116.2999791502953,1116.2999791502953,1116.2999791502953,0
20210409T,890.6902559399605,890.6902559399605,890.6902559399605,890.6902559399605,0
20210410T,828.5753725171089,828.5753725171089,828.5753725171089,828.5753725171089,0
20210411T,836.709993481636,836.709993481636,836.709993481636,836.709993481636,0
20210412T,978.3372868895531,978.3372868895531,978.3372868895531,978.3372868895531,0
20210413T,1858.2699607014656,1858.2699607014656,1858.2699607014656,1858.2699607014656,0
20210414T,1343.9448977708817,1343.9448977708817,1343.9448977708817,1343.9448977708817,0
20210415T,1291.308156490326,1291.308156490326,1291.308156490326,1291.308156490326,0
20210416T,1082.1957251429558,1082.1957251429558,1082.1957251429558,1082.1957251429558,0
20210417T,737.1113221645355,737.1113221645355,737.1113221645355,737.1113221645355,0
20210418T,185.41906291246414,185.41906291246414,185.41906291246414,185.41906291246414,0
20210419T,825.9477530121803,825.9477530121803,825.9477530121803,825.9477530121803,0
20210420T,762.57005828619,762.57005828619,762.57005828619,762.57005828619,0
20210421T,849.5010955929756,849.5010955929756,849.5010955929756,849.5010955929756,0
20210422T,914.1390071511269,914.1390071511269,914.1390071511269,914.1390071511269,0
20210423T,469.4965474009514,469.4965474009514,469.4965474009514,469.4965474009514,0
20210424T,753.8581236004829,753.8581236004829,753.8581236004829,753.8581236004829,0
20210425T,740.8453068733215,740.8453068733215,740.8453068733215,740.8453068733215,0
20210426T,1441.9664646983147,1441.9664646983147,1441.9664646983147,1441.9664646983147,0
20210427T,1280.7155742049217,1280.7155742049217,1280.7155742049217,1280.7155742049217,0
20210428T,1218.787684082985,1218.787684082985,1218.787684082985,1218.787684082985,0
20210429T,1566.4449969530106,1566.4449969530106,1566.4449969530106,1566.4449969530106,0
20210430T,1432.8398312330246,1432.8398312330246,1432.8398312330246,1432.8398312330246,0
20210501T,948.3943232893944,948.3943232893944,948.3943232893944,948.3943232893944,0
20210502T,1517.0433425307274,1517.0433425307274,1517.0433425307274,1517.0433425307274,0
20210503T,1015.8325180411339,1015.8325180411339,1015.8325180411339,1015.8325180411339,0
20210504T,1055.9011859297752,1055.9011859297752,1055.9011859297752,1055.9011859297752,0
20210505T,1237.9634120464325,1237.9634120464325,1237.9634120464325,1237.9634120464325,0
20210506T,1214.0066730380058,1214.0066730380058,1214.0066730380058,1214.0066730380058,0
20210507T,1326.1695234775543,1326.1695234775543,1326.1695234775543,1326.1695234775543,0
20210508T,1265.6107017993927,1265.6107017993927,1265.6107017993927,1265.6107017993927,0
20210509T,962.6151000857353,962.6151000857353,962.6151000857353,962.6151000857353,0
20210510T,877.4133388996124,877.4133388996124,877.4133388996124,877.4133388996124,0
20210511T,1131.6324449777603,1131.6324449777603,1131.6324449777603,1131.6324449777603,0
20210512T,1189.4843403697014,1189.4843403697014,1189.4843403697014,1189.4843403697014,0
20210513T,1291.652932524681,1291.652932524681,1291.652932524681,1291.652932524681,0
20210514T,1398.1131383180618,1398.1131383180618,1398.1131383180618,1398.1131383180618,0
20210515T,606.2026835680008,606.2026835680008,606.2026835680008,606.2026835680008,0
20210516T,755.195232629776,755.195232629776,755.195232629776,755.195232629776,0
20210517T,866.3226127624512,866.3226127624512,866.3226127624512,866.3226127624512,0
20210518T,1379.9181938171387,1379.9181938171387,1379.9181938171387,1379.9181938171387,0
20210519T,266.94789683818817,266.94789683818817,266.94789683818817,266.94789683818817,0
20210520T,1718.0114966630936,1718.0114966630936,1718.0114966630936,1718.0114966630936,0
20210521T,536.7631404399872,536.7631404399872,536.7631404399872,536.7631404399872,0
20210522T,1100.0606603622437,1100.0606603622437,1100.0606603622437,1100.0606603622437,0
20210523T,492.7484050989151,492.7484050989151,492.7484050989151,492.7484050989151,0
20210524T,2001.1602162122726,2001.1602162122726,2001.1602162122726,2001.1602162122726,0
20210525T,1797.07177567482,1797.07177567482,1797.07177567482,1797.07177567482,0
20210526T,1358.2212186455727,1358.2212186455727,1358.2212186455727,1358.2212186455727,0
20210527T,1147.338613986969,1147.338613986969,1147.338613986969,1147.338613986969,0
20210528T,1294.3798760771751,1294.3798760771751,1294.3798760771751,1294.3798760771751,0
20210529T,1316.5896942019463,1316.5896942019463,1316.5896942019463,1316.5896942019463,0
20210530T,1207.8148069381714,1207.8148069381714,1207.8148069381714,1207.8148069381714,0
20210531T,1241.806521475315,1241.806521475315,1241.806521475315,1241.806521475315,0
20210601T,1371.0557942986488,1371.0557942986488,1371.0557942986488,1371.0557942986488,0
20210602T,1207.3090693354607,1207.3090693354607,1207.3090693354607,1207.3090693354607,0
20210603T,1665.1310653686523,1665.1310653686523,1665.1310653686523,1665.1310653686523,0
20210604T,1475.2245820760727,1475.2245820760727,1475.2245820760727,1475.2245820760727,0
20210605T,1423.4348558187485,1423.4348558187485,1423.4348558187485,1423.4348558187485,0
20210606T,1585.538177549839,1585.538177549839,1585.538177549839,1585.538177549839,0
20210607T,915.3189631700516,915.3189631700516,915.3189631700516,915.3189631700516,0
20210608T,636.5194935202599,636.5194935202599,636.5194935202599,636.5194935202599,0
20210609T,2921.4360961914062,2921.4360961914062,2921.4360961914062,2921.4360961914062,0
20210610T,1800.120875120163,1800.120875120163,1800.120875120163,1800.120875120163,0
20210611T,1730.0535744428635,1730.0535744428635,1730.0535744428635,1730.0535744428635,0
20210612T,1012.582799911499,1012.582799911499,1012.582799911499,1012.582799911499,0
20210613T,1417.9595512151718,1417.9595512151718,1417.9595512151718,1417.9595512151718,0
20210614T,1512.0336367487907,1512.0336367487907,1512.0336367487907,1512.0336367487907,0
20210615T,1726.5466161370277,1726.5466161370277,1726.5466161370277,1726.5466161370277,0
20210616T,1398.1522753238678,1398.1522753238678,1398.1522753238678,1398.1522753238678,0
20210617T,1546.712533056736,1546.712533056736,1546.712533056736,1546.712533056736,0
20210618T,861.9146110415459,861.9146110415459,861.9146110415459,861.9146110415459,0
20210619T,1021.002044737339,1021.002044737339,1021.002044737339,1021.002044737339,0
20210620T,1112.7638945579529,1112.7638945579529,1112.7638945579529,1112.7638945579529,0
20210621T,570.467555642128,570.467555642128,570.467555642128,570.467555642128,0
20210622T,253.9601929783821,253.9601929783821,253.9601929783821,253.9601929783821,0
20210623T,1237.3949286937714,1237.3949286937714,1237.3949286937714,1237.3949286937714,0
20210624T,1847.5881455540657,1847.5881455540657,1847.5881455540657,1847.5881455540657,0
20210625T,1551.7790213227272,1551.7790213227272,1551.7790213227272,1551.7790213227272,0
20210626T,807.2767380475998,807.2767380475998,807.2767380475998,807.2767380475998,0
20210627T,819.0886306762695,819.0886306762695,819.0886306762695,819.0886306762695,0
20210628T,1051.9933922886848,1051.9933922886848,1051.9933922886848,1051.9933922886848,0
20210629T,973.4628921747208,973.4628921747208,973.4628921747208,973.4628921747208,0
20210630T,1199.1811190247536,1199.1811190247536,1199.1811190247536,1199.1811190247536,0
20210701T,1280.3163748383522,1280.3163748383522,1280.3163748383522,1280.3163748383522,0
20210702T,1282.6206503510475,1282.6206503510475,1282.6206503510475,1282.6206503510475,0
20210703T,1493.1063641905785,1493.1063641905785,1493.1063641905785,1493.1063641905785,0
20210704T,1493.571428179741,1493.571428179741,1493.571428179741,1493.571428179741,0
20210705T,1530.6299242973328,1530.6299242973328,1530.6299242973328,1530.6299242973328,0
20210706T,1417.370722770691,1417.370722770691,1417.370722770691,1417.370722770691,0
20210707T,1240.3955062031746,1240.3955062031746,1240.3955062031746,1240.3955062031746,0
20210708T,959.1242523789406,959.1242523789406,959.1242523789406,959.1242523789406,0
20210709T,992.8026739358902,992.8026739358902,992.8026739358902,992.8026739358902,0
20210710T,1105.1415714025497,1105.1415714025497,1105.1415714025497,1105.1415714025497,0
20210711T,883.4958547353745,883.4958547353745,883.4958547353745,883.4958547353745,0
20210712T,1150.2829900979996,1150.2829900979996,1150.2829900979996,1150.2829900979996,0
20210713T,1162.1235197782516,1162.1235197782516,1162.1235197782516,1162.1235197782516,0
20210714T,1380.9929581284523,1380.9929581284523,1380.9929581284523,1380.9929581284523,0
20210715T,1181.7142323851585,1181.7142323851585,1181.7142323851585,1181.7142323851585,0
20210716T,895.1249632239342,895.1249632239342,895.1249632239342,895.1249632239342,0
20210717T,891.5923547148705,891.5923547148705,891.5923547148705,891.5923547148705,0
20210718T,943.1749666929245,943.1749666929245,943.1749666929245,943.1749666929245,0
20210719T,1056.327859699726,1056.327859699726,1056.327859699726,1056.327859699726,0
20210720T,1043.5243051052094,1043.5243051052094,1043.5243051052094,1043.5243051052094,0
20210721T,1973.4180665016174,1973.4180665016174,1973.4180665016174,1973.4180665016174,0
20210722T,1810.6627988219261,1810.6627988219261,1810.6627988219261,1810.6627988219261,0
20210723T,1362.2513508200645,1362.2513508200645,1362.2513508200645,1362.2513508200645,0
20210724T,1243.1265015602112,1243.1265015602112,1243.1265015602112,1243.1265015602112,0
20210725T,1073.2671871185303,1073.2671871185303,1073.2671871185303,1073.2671871185303,0
20210726T,1712.4915037155151,1712.4915037155151,1712.4915037155151,1712.4915037155151,0
20210727T,1693.857467532158,1693.857467532158,1693.857467532158,1693.857467532158,0
20210728T,1527.0427293777466,1527.0427293777466,1527.0427293777466,1527.0427293777466,0
20210729T,1562.4083809256554,1562.4083809256554,1562.4083809256554,1562.4083809256554,0
20210730T,1368.1050691604614,1368.1050691604614,1368.1050691604614,1368.1050691604614,0
20210731T,1675.2490491867065,1675.2490491867065,1675.2490491867065,1675.2490491867065,0
20210801T,1860.6305718421936,1860.6305718421936,1860.6305718421936,1860.6305718421936,0
20210802T,1682.7015990018845,1682.7015990018845,1682.7015990018845,1682.7015990018845,0
20210803T,1658.7556035518646,1658.7556035518646,1658.7556035518646,1658.7556035518646,0
20210804T,1940.1813506484032,1940.1813506484032,1940.1813506484032,1940.1813506484032,0
20210805T,2053.9043825268745,2053.9043825268745,2053.9043825268745,2053.9043825268745,0
20210806T,1742.1672105193138,1742.1672105193138,1742.1672105193138,1742.1672105193138,0
20210807T,1459.1005553007126,1459.1005553007126,1459.1005553007126,1459.1005553007126,0
20210808T,1284.7813746333122,1284.7813746333122,1284.7813746333122,1284.7813746333122,0
20210809T,1867.4833577275276,1867.4833577275276,1867.4833577275276,1867.4833577275276,0
20210810T,1901.446121096611,1901.446121096611,1901.446121096611,1901.446121096611,0
20210811T,1555.709440290928,1555.709440290928,1555.709440290928,1555.709440290928,0
20210812T,1481.4168315529823,1481.4168315529823,1481.4168315529823,1481.4168315529823,0
20210813T,1737.3197147250175,1737.3197147250175,1737.3197147250175,1737.3197147250175,0
20210814T,2798.925083041191,2798.925083041191,2798.925083041191,2798.925083041191,0
20210815T,1543.4566188454628,1543.4566188454628,1543.4566188454628,1543.4566188454628,0
20210816T,1529.5620627999306,1529.5620627999306,1529.5620627999306,1529.5620627999306,0
20210817T,1496.3434320092201,1496.3434320092201,1496.3434320092201,1496.3434320092201,0
20210818T,1434.9570170640945,1434.9570170640945,1434.9570170640945,1434.9570170640945,0
20210819T,1558.857476592064,1558.857476592064,1558.857476592064,1558.857476592064,0
20210820T,2525.516195476055,2525.516195476055,2525.516195476055,2525.516195476055,0
20210821T,1398.0323629379272,1398.0323629379272,1398.0323629379272,1398.0323629379272,0
20210822T,1194.7736615538597,1194.7736615538597,1194.7736615538597,1194.7736615538597,0
20210823T,1912.8275139331818,1912.8275139331818,1912.8275139331818,1912.8275139331818,0
20210824T,1672.2236822247505,1672.2236822247505,1672.2236822247505,1672.2236822247505,0
20210825T,1869.7558928132057,1869.7558928132057,1869.7558928132057,1869.7558928132057,0
20210826T,1377.9237868785858,1377.9237868785858,1377.9237868785858,1377.9237868785858,0
20210827T,1627.8636513352394,1627.8636513352394,1627.8636513352394,1627.8636513352394,0
20210828T,1234.7862905859947,1234.7862905859947,1234.7862905859947,1234.7862905859947,0
20210829T,1072.39480894804,1072.39480894804,1072.39480894804,1072.39480894804,0
20210830T,2409.4580470323563,2409.4580470323563,2409.4580470323563,2409.4580470323563,0
20210831T,1078.8568467497826,1078.8568467497826,1078.8568467497826,1078.8568467497826,0
20210901T,1685.0607712864876,1685.0607712864876,1685.0607712864876,1685.0607712864876,0
20210902T,1922.3121193647385,1922.3121193647385,1922.3121193647385,1922.3121193647385,0
20210903T,1712.728730082512,1712.728730082512,1712.728730082512,1712.728730082512,0
20210904T,1615.3888664841652,1615.3888664841652,1615.3888664841652,1615.3888664841652,0
20210905T,1335.175975382328,1335.175975382328,1335.175975382328,1335.175975382328,0
20210906T,1614.4979635477066,1614.4979635477066,1614.4979635477066,1614.4979635477066,0
20210907T,1730.8738213181496,1730.8738213181496,1730.8738213181496,1730.8738213181496,0
20210908T,1501.9224954247475,1501.9224954247475,1501.9224954247475,1501.9224954247475,0
20210909T,2054.821993649006,2054.821993649006,2054.821993649006,2054.821993649006,0
20210910T,1464.461824953556,1464.461824953556,1464.461824953556,1464.461824953556,0
20210911T,1293.6417068839073,1293.6417068839073,1293.6417068839073,1293.6417068839073,0
20210912T,1088.7905768752098,1088.7905768752098,1088.7905768752098,1088.7905768752098,0
20210913T,1037.3823243379593,1037.3823243379593,1037.3823243379593,1037.3823243379593,0
20210914T,1428.347663283348,1428.347663283348,1428.347663283348,1428.347663283348,0
20210915T,1328.178750872612,1328.178750872612,1328.178750872612,1328.178750872612,0
20210916T,1149.0257235765457,1149.0257235765457,1149.0257235765457,1149.0257235765457,0
20210917T,1336.3605107665062,1336.3605107665062,1336.3605107665062,1336.3605107665062,0
20210918T,1796.581388413906,1796.581388413906,1796.581388413906,1796.581388413906,0
20210919T,1539.9034442901611,1539.9034442901611,1539.9034442901611,1539.9034442901611,0
20210920T,1519.7637631297112,1519.7637631297112,1519.7637631297112,1519.7637631297112,0
20210921T,2036.073209643364,2036.073209643364,2036.073209643364,2036.073209643364,0
20210922T,2470.6730939149857,2470.6730939149857,2470.6730939149857,2470.6730939149857,0
20210923T,1899.7422984838486,1899.7422984838486,1899.7422984838486,1899.7422984838486,0
20210924T,1637.9399892687798,1637.9399892687798,1637.9399892687798,1637.9399892687798,0
20210925T,1404.5842886567116,1404.5842886567116,1404.5842886567116,1404.5842886567116,0
20210926T,1002.5985431671143,1002.5985431671143,1002.5985431671143,1002.5985431671143,0
20210927T,1812.6651620864868,1812.6651620864868,1812.6651620864868,1812.6651620864868,0
20210928T,1416.6949378848076,1416.6949378848076,1416.6949378848076,1416.6949378848076,0
20210929T,1483.042886853218,1483.042886853218,1483.042886853218,1483.042886853218,0
20210930T,1723.373636841774,1723.373636841774,1723.373636841774,1723.373636841774,0
20211001T,1725.9570051431656,1725.9570051431656,1725.9570051431656,1725.9570051431656,0
20211002T,1357.869239628315,1357.869239628315,1357.869239628315,1357.869239628315,0
20211003T,1186.2313359975815,1186.2313359975815,1186.2313359975815,1186.2313359975815,0
20211004T,1934.2425903081894,1934.2425903081894,1934.2425903081894,1934.2425903081894,0
20211005T,2105.370192170143,2105.370192170143,2105.370192170143,2105.370192170143,0
20211006T,2124.007266819477,2124.007266819477,2124.007266819477,2124.007266819477,0
20211007T,1857.9167374968529,1857.9167374968529,1857.9167374968529,1857.9167374968529,0
20211008T,1938.4077486395836,1938.4077486395836,1938.4077486395836,1938.4077486395836,0
20211009T,1612.5112788677216,1612.5112788677216,1612.5112788677216,1612.5112788677216,0
20211010T,1610.9454237222672,1610.9454237222672,1610.9454237222672,1610.9454237222672,0
20211011T,2755.0472540855408,2755.0472540855408,2755.0472540855408,2755.0472540855408,0
20211012T,3164.618652045727,3164.618652045727,3164.618652045727,3164.618652045727,0
20211013T,2783.061847984791,2783.061847984791,2783.061847984791,2783.061847984791,0
20211014T,2274.1157343387604,2274.1157343387604,2274.1157343387604,2274.1157343387604,0
20211015T,3019.407481968403,3019.407481968403,3019.407481968403,3019.407481968403,0
20211016T,2070.738716840744,2070.738716840744,2070.738716840744,2070.738716840744,0
20211017T,2687.1745653152466,2687.1745653152466,2687.1745653152466,2687.1745653152466,0
20211018T,1832.4637301564217,1832.4637301564217,1832.4637301564217,1832.4637301564217,0
20211019T,3351.399557352066,3351.399557352066,3351.399557352066,3351.399557352066,0
20211020T,4771.075943529606,4771.075943529606,4771.075943529606,4771.075943529606,0
20211021T,3185.5290024876595,3185.5290024876595,3185.5290024876595,3185.5290024876595,0
20211022T,1618.269463300705,1618.269463300705,1618.269463300705,1618.269463300705,0
20211023T,1814.9871355295181,1814.9871355295181,1814.9871355295181,1814.9871355295181,0
20211024T,2602.3915179371834,2602.3915179371834,2602.3915179371834,2602.3915179371834,0
20211025T,3415.4640127420425,3415.4640127420425,3415.4640127420425,3415.4640127420425,0
20211026T,2415.235653460026,2415.235653460026,2415.235653460026,2415.235653460026,0
20211027T,3651.5193575024605,3651.5193575024605,3651.5193575024605,3651.5193575024605,0
20211028T,4030.926391363144,4030.926391363144,4030.926391363144,4030.926391363144,0
20211029T,2208.4449884295464,2208.4449884295464,2208.4449884295464,2208.4449884295464,0
20211030T,3647.812584877014,3647.812584877014,3647.812584877014,3647.812584877014,0
20211031T,2041.5715379714966,2041.5715379714966,2041.5715379714966,2041.5715379714966,0
20211101T,3965.8086413145065,3965.8086413145065,3965.8086413145065,3965.8086413145065,0
20211102T,6770.387173116207,6770.387173116207,6770.387173116207,6770.387173116207,0
20211103T,3319.9950162172318,3319.9950162172318,3319.9950162172318,3319.9950162172318,0
20211104T,1901.9239877462387,1901.9239877462387,1901.9239877462387,1901.9239877462387,0
20211105T,2225.2502745985985,2225.2502745985985,2225.2502745985985,2225.2502745985985,0
20211106T,1844.972120642662,1844.972120642662,1844.972120642662,1844.972120642662,0
20211107T,1808.122717678547,1808.122717678547,1808.122717678547,1808.122717678547,0
20211108T,2908.4023471474648,2908.4023471474648,2908.4023471474648,2908.4023471474648,0
20211109T,3043.1970158815384,3043.1970158815384,3043.1970158815384,3043.1970158815384,0
20211110T,3778.172408401966,3778.172408401966,3778.172408401966,3778.172408401966,0
20211111T,2992.4551680088043,2992.4551680088043,2992.4551680088043,2992.4551680088043,0
20211112T,3705.684656918049,3705.684656918049,3705.684656918049,3705.684656918049,0
20211113T,4971.891366243362,4971.891366243362,4971.891366243362,4971.891366243362,0
20211114T,4323.141500174999,4323.141500174999,4323.141500174999,4323.141500174999,0
20211115T,5491.887163519859,5491.887163519859,5491.887163519859,5491.887163519859,0
20211116T,6800.181366324425,6800.181366324425,6800.181366324425,6800.181366324425,0
20211117T,6322.643690526485,6322.643690526485,6322.643690526485,6322.643690526485,0
20211118T,3214.243778347969,3214.243778347969,3214.243778347969,3214.243778347969,0
20211119T,3948.5202739834785,3948.5202739834785,3948.5202739834785,3948.5202739834785,0
20211120T,5560.32915776968,5560.32915776968,5560.32915776968,5560.32915776968,0
20211121T,3680.97494328022,3680.97494328022,3680.97494328022,3680.97494328022,0
20211122T,5993.656062602997,5993.656062602997,5993.656062602997,5993.656062602997,0
20211123T,4581.040326833725,4581.040326833725,4581.040326833725,4581.040326833725,0
20211124T,4103.449935793877,4103.449935793877,4103.449935793877,4103.449935793877,0
20211125T,4121.519321680069,4121.519321680069,4121.519321680069,4121.519321680069,0
20211126T,3383.0203273892403,3383.0203273892403,3383.0203273892403,3383.0203273892403,0
20211127T,4147.730940580368,4147.730940580368,4147.730940580368,4147.730940580368,0
20211128T,3456.613167822361,3456.613167822361,3456.613167822361,3456.613167822361,0
20211129T,4651.68945902586,4651.68945902586,4651.68945902586,4651.68945902586,0
20211130T,8121.929473340511,8121.929473340511,8121.929473340511,8121.929473340511,0
20211201T,9087.09779715538,9087.09779715538,9087.09779715538,9087.09779715538,0
20211202T,7649.917930543423,7649.917930543423,7649.917930543423,7649.917930543423,0
20211203T,6708.707667291164,6708.707667291164,6708.707667291164,6708.707667291164,0
20211204T,5675.287414312363,5675.287414312363,5675.287414312363,5675.287414312363,0
20211205T,8152.198983669281,8152.198983669281,8152.198983669281,8152.198983669281,0
20211206T,4764.6734120845795,4764.6734120845795,4764.6734120845795,4764.6734120845795,0
20211207T,4829.322072565556,4829.322072565556,4829.322072565556,4829.322072565556,0
20211208T,5056.276033818722,5056.276033818722,5056.276033818722,5056.276033818722,0
20211209T,4380.024014830589,4380.024014830589,4380.024014830589,4380.024014830589,0
20211210T,5347.571634829044,5347.571634829044,5347.571634829044,5347.571634829044,0
20211211T,7285.939581871033,7285.939581871033,7285.939581871033,7285.939581871033,0
20211212T,4116.257611989975,4116.257611989975,4116.257611989975,4116.257611989975,0
20211213T,5408.27720361948,5408.27720361948,5408.27720361948,5408.27720361948,0
20211214T,6438.730819225311,6438.730819225311,6438.730819225311,6438.730819225311,0
20211215T,5342.852583229542,5342.852583229542,5342.852583229542,5342.852583229542,0
20211216T,4678.255166828632,4678.255166828632,4678.255166828632,4678.255166828632,0
20211217T,4679.862913787365,4679.862913787365,4679.862913787365,4679.862913787365,0
20211218T,3366.4531915187836,3366.4531915187836,3366.4531915187836,3366.4531915187836,0
20211219T,3533.325147688389,3533.325147688389,3533.325147688389,3533.325147688389,0
20211220T,3866.6021616458893,3866.6021616458893,3866.6021616458893,3866.6021616458893,0
20211221T,4338.946172297001,4338.946172297001,4338.946172297001,4338.946172297001,0
20211222T,3665.5374560952187,3665.5374560952187,3665.5374560952187,3665.5374560952187,0
20211223T,6150.906847417355,6150.906847417355,6150.906847417355,6150.906847417355,0
20211224T,3175.1491934657097,3175.1491934657097,3175.1491934657097,3175.1491934657097,0
20211225T,2948.7923861145973,2948.7923861145973,2948.7923861145973,2948.7923861145973,0
20211226T,3792.528497636318,3792.528497636318,3792.528497636318,3792.528497636318,0
20211227T,5315.622593164444,5315.622593164444,5315.622593164444,5315.622593164444,0
20211228T,3360.5838084816933,3360.5838084816933,3360.5838084816933,3360.5838084816933,0
20211229T,3000.422284245491,3000.422284245491,3000.422284245491,3000.422284245491,0
20211230T,3069.3172078728676,3069.3172078728676,3069.3172078728676,3069.3172078728676,0
20211231T,2448.802562534809,2448.802562534809,2448.802562534809,2448.802562534809,0
20220101T,4805.760044455528,4805.760044455528,4805.760044455528,4805.760044455528,0
20220102T,3249.449663937092,3249.449663937092,3249.449663937092,3249.449663937092,0
20220103T,3941.883296906948,3941.883296906948,3941.883296906948,3941.883296906948,0
20220104T,4240.207181692123,4240.207181692123,4240.207181692123,4240.207181692123,0
20220105T,5472.887230753899,5472.887230753899,5472.887230753899,5472.887230753899,0
20220106T,3415.0529351830482,3415.0529351830482,3415.0529351830482,3415.0529351830482,0
20220107T,3107.897055745125,3107.897055745125,3107.897055745125,3107.897055745125,0
20220108T,2426.041358292103,2426.041358292103,2426.041358292103,2426.041358292103,0
20220109T,2211.417829632759,2211.417829632759,2211.417829632759,2211.417829632759,0
20220110T,3805.463994383812,3805.463994383812,3805.463994383812,3805.463994383812,0
20220111T,3358.125937104225,3358.125937104225,3358.125937104225,3358.125937104225,0
20220112T,3337.8287739753723,3337.8287739753723,3337.8287739753723,3337.8287739753723,0
20220113T,3498.914251744747,3498.914251744747,3498.914251744747,3498.914251744747,0
20220114T,4239.4336822628975,4239.4336822628975,4239.4336822628975,4239.4336822628975,0
20220115T,5369.3057816028595,5369.3057816028595,5369.3057816028595,5369.3057816028595,0
20220116T,4475.8622806072235,4475.8622806072235,4475.8622806072235,4475.8622806072235,0
20220117T,5189.234166204929,5189.234166204929,5189.234166204929,5189.234166204929,0
20220118T,6839.808432877064,6839.808432877064,6839.808432877064,6839.808432877064,0
20220119T,5149.971678376198,5149.971678376198,5149.971678376198,5149.971678376198,0
20220120T,3808.336600124836,3808.336600124836,3808.336600124836,3808.336600124836,0
20220121T,3795.2689819335938,3795.2689819335938,3795.2689819335938,3795.2689819335938,0
20220122T,4063.6709387898445,4063.6709387898445,4063.6709387898445,4063.6709387898445,0
20220123T,4677.527921259403,4677.527921259403,4677.527921259403,4677.527921259403,0
20220124T,7252.51161056757,7252.51161056757,7252.51161056757,7252.51161056757,0
20220125T,4838.861799359322,4838.861799359322,4838.861799359322,4838.861799359322,0
20220126T,4709.613942921162,4709.613942921162,4709.613942921162,4709.613942921162,0
20220127T,4049.9025843143463,4049.9025843143463,4049.9025843143463,4049.9025843143463,0
20220128T,4850.324805498123,4850.324805498123,4850.324805498123,4850.324805498123,0
20220129T,3741.6921075582504,3741.6921075582504,3741.6921075582504,3741.6921075582504,0
20220130T,5254.933115065098,5254.933115065098,5254.933115065098,5254.933115065098,0
20220131T,5030.503279864788,5030.503279864788,5030.503279864788,5030.503279864788,0
20220201T,4835.870140016079,4835.870140016079,4835.870140016079,4835.870140016079,0
20220202T,4933.240978419781,4933.240978419781,4933.240978419781,4933.240978419781,0
20220203T,5190.29445451498,5190.29445451498,5190.29445451498,5190.29445451498,0
20220204T,6658.143111228943,6658.143111228943,6658.143111228943,6658.143111228943,0
20220205T,4764.7525534033775,4764.7525534033775,4764.7525534033775,4764.7525534033775,0
20220206T,5472.548722445965,5472.548722445965,5472.548722445965,5472.548722445965,0
20220207T,5905.834354877472,5905.834354877472,5905.834354877472,5905.834354877472,0
20220208T,6770.916910111904,6770.916910111904,6770.916910111904,6770.916910111904,0
20220209T,4988.590414345264,4988.590414345264,4988.590414345264,4988.590414345264,0
20220210T,6760.37831646204,6760.37831646204,6760.37831646204,6760.37831646204,0
20220211T,4668.997966945171,4668.997966945171,4668.997966945171,4668.997966945171,0
20220212T,6287.420948088169,6287.420948088169,6287.420948088169,6287.420948088169,0
20220213T,5773.209938168526,5773.209938168526,5773.209938168526,5773.209938168526,0
20220214T,4166.075913310051,4166.075913310051,4166.075913310051,4166.075913310051,0
20220215T,5329.831499159336,5329.831499159336,5329.831499159336,5329.831499159336,0
20220216T,4791.10694527626,4791.10694527626,4791.10694527626,4791.10694527626,0
20220217T,5014.2022340893745,5014.2022340893745,5014.2022340893745,5014.2022340893745,0
20220218T,4339.334147274494,4339.334147274494,4339.334147274494,4339.334147274494,0
20220219T,2951.69426125288,2951.69426125288,2951.69426125288,2951.69426125288,0
20220220T,3852.7432602643967,3852.7432602643967,3852.7432602643967,3852.7432602643967,0
20220221T,4717.359598338604,4717.359598338604,4717.359598338604,4717.359598338604,0
20220222T,4493.574203133583,4493.574203133583,4493.574203133583,4493.574203133583,0
20220223T,4150.892390549183,4150.892390549183,4150.892390549183,4150.892390549183,0
20220224T,3367.646236002445,3367.646236002445,3367.646236002445,3367.646236002445,0
20220225T,5741.426510095596,5741.426510095596,5741.426510095596,5741.426510095596,0
20220226T,3432.9623854756355,3432.9623854756355,3432.9623854756355,3432.9623854756355,0
20220227T,3467.264672577381,3467.264672577381,3467.264672577381,3467.264672577381,0
20220228T,5967.086004137993,5967.086004137993,5967.086004137993,5967.086004137993,0
20220301T,3793.6096509695053,3793.6096509695053,3793.6096509695053,3793.6096509695053,0
20220302T,2908.0509973168373,2908.0509973168373,2908.0509973168373,2908.0509973168373,0
20220303T,3263.863435804844,3263.863435804844,3263.863435804844,3263.863435804844,0
20220304T,3273.7442978024483,3273.7442978024483,3273.7442978024483,3273.7442978024483,0
20220305T,3169.7332471609116,3169.7332471609116,3169.7332471609116,3169.7332471609116,0
20220306T,3886.416912853718,3886.416912853718,3886.416912853718,3886.416912853718,0
20220307T,4072.076424241066,4072.076424241066,4072.076424241066,4072.076424241066,0
20220308T,4239.673621296883,4239.673621296883,4239.673621296883,4239.673621296883,0
20220309T,4939.658269584179,4939.658269584179,4939.658269584179,4939.658269584179,0
20220310T,4509.619256675243,4509.619256675243,4509.619256675243,4509.619256675243,0
20220311T,4109.626167654991,4109.626167654991,4109.626167654991,4109.626167654991,0
20220312T,4297.610111176968,4297.610111176968,4297.610111176968,4297.610111176968,0
20220313T,3033.184532880783,3033.184532880783,3033.184532880783,3033.184532880783,0
20220314T,4187.866312146187,4187.866312146187,4187.866312146187,4187.866312146187,0
20220315T,6869.011471927166,6869.011471927166,6869.011471927166,6869.011471927166,0
20220316T,5288.818760812283,5288.818760812283,5288.818760812283,5288.818760812283,0
20220317T,4757.3746572732925,4757.3746572732925,4757.3746572732925,4757.3746572732925,0
20220318T,4842.375083804131,4842.375083804131,4842.375083804131,4842.375083804131,0
20220319T,3810.2446326613426,3810.2446326613426,3810.2446326613426,3810.2446326613426,0
20220320T,5122.752208054066,5122.752208054066,5122.752208054066,5122.752208054066,0
20220321T,4258.127789378166,4258.127789378166,4258.127789378166,4258.127789378166,0
20220322T,4168.08766657114,4168.08766657114,4168.08766657114,4168.08766657114,0
20220323T,2769.141713321209,2769.141713321209,2769.141713321209,2769.141713321209,0
20220324T,3005.648245692253,3005.648245692253,3005.648245692253,3005.648245692253,0
20220325T,3180.79043674469,3180.79043674469,3180.79043674469,3180.79043674469,0
20220326T,5976.689676463604,5976.689676463604,5976.689676463604,5976.689676463604,0
20220327T,5007.497565984726,5007.497565984726,5007.497565984726,5007.497565984726,0
20220328T,5841.524313211441,5841.524313211441,5841.524313211441,5841.524313211441,0
20220329T,4132.939269840717,4132.939269840717,4132.939269840717,4132.939269840717,0
20220330T,3801.373789548874,3801.373789548874,3801.373789548874,3801.373789548874,0
20220331T,4593.722540378571,4593.722540378571,4593.722540378571,4593.722540378571,0
20220401T,3229.687402367592,3229.687402367592,3229.687402367592,3229.687402367592,0
20220402T,3642.558886408806,3642.558886408806,3642.558886408806,3642.558886408806,0
20220403T,3785.5389142632484,3785.5389142632484,3785.5389142632484,3785.5389142632484,0
20220404T,3194.131494820118,3194.131494820118,3194.131494820118,3194.131494820118,0
20220405T,3995.061546087265,3995.061546087265,3995.061546087265,3995.061546087265,0
20220406T,4001.9876592755318,4001.9876592755318,4001.9876592755318,4001.9876592755318,0
20220407T,4409.241722524166,4409.241722524166,4409.241722524166,4409.241722524166,0
20220408T,3065.777982711792,3065.777982711792,3065.777982711792,3065.777982711792,0
20220409T,3347.6532257795334,3347.6532257795334,3347.6532257795334,3347.6532257795334,0
20220410T,3795.12505954504,3795.12505954504,3795.12505954504,3795.12505954504,0
20220411T,3785.3878856301308,3785.3878856301308,3785.3878856301308,3785.3878856301308,0
20220412T,3984.0104908943176,3984.0104908943176,3984.0104908943176,3984.0104908943176,0
20220413T,4020.1747438907623,4020.1747438907623,4020.1747438907623,4020.1747438907623,0
20220414T,4025.450392842293,4025.450392842293,4025.450392842293,4025.450392842293,0
20220415T,2974.8846967816353,2974.8846967816353,2974.8846967816353,2974.8846967816353,0
20220416T,3665.473986387253,3665.473986387253,3665.473986387253,3665.473986387253,0
20220417T,3813.6424602270126,3813.6424602270126,3813.6424602270126,3813.6424602270126,0
20220418T,4399.589001595974,4399.589001595974,4399.589001595974,4399.589001595974,0
20220419T,5573.713399708271,5573.713399708271,5573.713399708271,5573.713399708271,0
20220420T,7143.913176417351,7143.913176417351,7143.913176417351,7143.913176417351,0
20220421T,8222.667962670326,8222.667962670326,8222.667962670326,8222.667962670326,0
20220422T,5551.041747570038,5551.041747570038,5551.041747570038,5551.041747570038,0
20220423T,5064.38043487072,5064.38043487072,5064.38043487072,5064.38043487072,0
20220424T,4546.007509231567,4546.007509231567,4546.007509231567,4546.007509231567,0
20220425T,4798.642424702644,4798.642424702644,4798.642424702644,4798.642424702644,0
20220426T,4869.078920960426,4869.078920960426,4869.078920960426,4869.078920960426,0
20220427T,5050.371840715408,5050.371840715408,5050.371840715408,5050.371840715408,0
20220428T,4606.472113072872,4606.472113072872,4606.472113072872,4606.472113072872,0
20220429T,4320.970433533192,4320.970433533192,4320.970433533192,4320.970433533192,0
20220430T,4166.144992887974,4166.144992887974,4166.144992887974,4166.144992887974,0
20220501T,4110.846254688979,4110.846254688979,4110.846254688979,4110.846254688979,0
20220502T,3590.1862100809813,3590.1862100809813,3590.1862100809813,3590.1862100809813,0
20220503T,4062.698238513636,4062.698238513636,4062.698238513636,4062.698238513636,0
20220504T,4087.478472565359,4087.478472565359,4087.478472565359,4087.478472565359,0
20220505T,3834.506286800606,3834.506286800606,3834.506286800606,3834.506286800606,0
20220506T,3054.0917840169277,3054.0917840169277,3054.0917840169277,3054.0917840169277,0
20220507T,2399.56792085059,2399.56792085059,2399.56792085059,2399.56792085059,0
20220508T,1591.566052078735,1591.566052078735,1591.566052078735,1591.566052078735,0
20220509T,2448.344481980428,2448.344481980428,2448.344481980428,2448.344481980428,0
20220510T,3194.3390346090277,3194.3390346090277,3194.3390346090277,3194.3390346090277,0
20220511T,3167.5730175686185,3167.5730175686185,3167.5730175686185,3167.5730175686185,0
20220512T,2655.9098937951494,2655.9098937951494,2655.9098937951494,2655.9098937951494,0
20220513T,2241.5303440797434,2241.5303440797434,2241.5303440797434,2241.5303440797434,0
20220514T,1679.7157094530412,1679.7157094530412,1679.7157094530412,1679.7157094530412,0
20220515T,2085.122861192096,2085.122861192096,2085.122861192096,2085.122861192096,0
20220516T,2466.5800034435233,2466.5800034435233,2466.5800034435233,2466.5800034435233,0
20220517T,2785.4349714767886,2785.4349714767886,2785.4349714767886,2785.4349714767886,0
20220518T,2188.5889415297424,2188.5889415297424,2188.5889415297424,2188.5889415297424,0
20220519T,2696.362832828687,2696.362832828687,2696.362832828687,2696.362832828687,0
20220520T,2476.2923098983083,2476.2923098983083,2476.2923098983083,2476.2923098983083,0
20220521T,2009.4485905552283,2009.4485905552283,2009.4485905552283,2009.4485905552283,0
20220522T,2195.280431620078,2195.280431620078,2195.280431620078,2195.280431620078,0
20220523T,2571.0942044939147,2571.0942044939147,2571.0942044939147,2571.0942044939147,0
20220524T,2720.8467304522474,2720.8467304522474,2720.8467304522474,2720.8467304522474,0
20220525T,2456.234333563574,2456.234333563574,2456.234333563574,2456.234333563574,0
20220526T,2410.7014395818114,2410.7014395818114,2410.7014395818114,2410.7014395818114,0
20220527T,3034.038999210185,3034.038999210185,3034.038999210185,3034.038999210185,0
20220528T,2452.9022742437664,2452.9022742437664,2452.9022742437664,2452.9022742437664,0
20220529T,1876.7649143473245,1876.7649143473245,1876.7649143473245,1876.7649143473245,0
20220530T,2505.996860341169,2505.996860341169,2505.996860341169,2505.996860341169,0
20220531T,2190.8553193670814,2190.8553193670814,2190.8553193670814,2190.8553193670814,0
20220601T,1877.9453193885274,1877.9453193885274,1877.9453193885274,1877.9453193885274,0
20220602T,1817.3201985354535,1817.3201985354535,1817.3201985354535,1817.3201985354535,0
20220603T,1953.0053303578607,1953.0053303578607,1953.0053303578607,1953.0053303578607,0
20220604T,1629.8129628491588,1629.8129628491588,1629.8129628491588,1629.8129628491588,0
20220605T,1586.656666324081,1586.656666324081,1586.656666324081,1586.656666324081,0
20220606T,1492.0507937734947,1492.0507937734947,1492.0507937734947,1492.0507937734947,0
20220607T,1607.5723471395322,1607.5723471395322,1607.5723471395322,1607.5723471395322,0
20220608T,1889.5120024290954,1889.5120024290954,1889.5120024290954,1889.5120024290954,0
20220609T,1633.6527429642156,1633.6527429642156,1633.6527429642156,1633.6527429642156,0
20220610T,1641.5687401330797,1641.5687401330797,1641.5687401330797,1641.5687401330797,0
20220611T,1341.6432253608073,1341.6432253608073,1341.6432253608073,1341.6432253608073,0
20220612T,1254.9188820952695,1254.9188820952695,1254.9188820952695,1254.9188820952695,0
20220613T,937.5625118809985,937.5625118809985,937.5625118809985,937.5625118809985,0
20220614T,1698.020853531314,1698.020853531314,1698.020853531314,1698.020853531314,0
20220615T,3017.31041302644,3017.31041302644,3017.31041302644,3017.31041302644,0
20220616T,1999.2455880954803,1999.2455880954803,1999.2455880954803,1999.2455880954803,0
20220617T,1594.4679412757978,1594.4679412757978,1594.4679412757978,1594.4679412757978,0
20220618T,1441.335167679019,1441.335167679019,1441.335167679019,1441.335167679019,0
20220619T,2189.76917698537,2189.76917698537,2189.76917698537,2189.76917698537,0
20220620T,3285.059216776208,3285.059216776208,3285.059216776208,3285.059216776208,0
20220621T,3507.3312083035707,3507.3312083035707,3507.3312083035707,3507.3312083035707,0
20220622T,3482.2914318637922,3482.2914318637922,3482.2914318637922,3482.2914318637922,0
20220623T,2451.7191315840464,2451.7191315840464,2451.7191315840464,2451.7191315840464,0
20220624T,2643.973925346567,2643.973925346567,2643.973925346567,2643.973925346567,0
20220625T,1413.6452586504165,1413.6452586504165,1413.6452586504165,1413.6452586504165,0
20220626T,1663.437969605904,1663.437969605904,1663.437969605904,1663.437969605904,0
20220627T,1868.7378566524712,1868.7378566524712,1868.7378566524712,1868.7378566524712,0
20220628T,1854.657057937351,1854.657057937351,1854.657057937351,1854.657057937351,0
20220629T,2016.1912546572275,2016.1912546572275,2016.1912546572275,2016.1912546572275,0
20220630T,1754.6584906145,1754.6584906145,1754.6584906145,1754.6584906145,0
20220701T,2643.9371574910183,2643.9371574910183,2643.9371574910183,2643.9371574910183,0
20220702T,2000.6353380486835,2000.6353380486835,2000.6353380486835,2000.6353380486835,0
20220703T,1709.585017088346,1709.585017088346,1709.585017088346,1709.585017088346,0
20220704T,1702.4788056162652,1702.4788056162652,1702.4788056162652,1702.4788056162652,0
20220705T,1622.9123397739604,1622.9123397739604,1622.9123397739604,1622.9123397739604,0
20220706T,1957.0986619695323,1957.0986619695323,1957.0986619695323,1957.0986619695323,0
20220707T,1572.6535255392082,1572.6535255392082,1572.6535255392082,1572.6535255392082,0
20220708T,5243.1866972304415,5243.1866972304415,5243.1866972304415,5243.1866972304415,0
20220709T,10870.031186018925,10870.031186018925,10870.031186018925,10870.031186018925,0
20220710T,12799.919572229963,12799.919572229963,12799.919572229963,12799.919572229963,0
20220711T,13905.827195054619,13905.827195054619,13905.827195054619,13905.827195054619,0
20220712T,4646.10971216904,4646.10971216904,4646.10971216904,4646.10971216904,0
20220713T,2701.1701286565512,2701.1701286565512,2701.1701286565512,2701.1701286565512,0
20220714T,2428.1994668858824,2428.1994668858824,2428.1994668858824,2428.1994668858824,0
20220715T,2256.824234945234,2256.824234945234,2256.824234945234,2256.824234945234,0
20220716T,1619.2632558280893,1619.2632558280893,1619.2632558280893,1619.2632558280893,0
20220717T,1123.6220230296603,1123.6220230296603,1123.6220230296603,1123.6220230296603,0
20220718T,2421.4531797965756,2421.4531797965756,2421.4531797965756,2421.4531797965756,0
20220719T,2632.0312650733395,2632.0312650733395,2632.0312650733395,2632.0312650733395,0
20220720T,1958.6690238839365,1958.6690238839365,1958.6690238839365,1958.6690238839365,0
20220721T,2335.216508411395,2335.216508411395,2335.216508411395,2335.216508411395,0
20220722T,2271.8598156531807,2271.8598156531807,2271.8598156531807,2271.8598156531807,0
20220723T,2252.8676436687965,2252.8676436687965,2252.8676436687965,2252.8676436687965,0
20220724T,1626.96098984743,1626.96098984743,1626.96098984743,1626.96098984743,0
20220725T,1689.3634146787226,1689.3634146787226,1689.3634146787226,1689.3634146787226,0
20220726T,1766.2349879993126,1766.2349879993126,1766.2349879993126,1766.2349879993126,0
20220727T,2055.89031829359,2055.89031829359,2055.89031829359,2055.89031829359,0
20220728T,3998.52317453883,3998.52317453883,3998.52317453883,3998.52317453883,0
20220729T,3748.0779966425616,3748.0779966425616,3748.0779966425616,3748.0779966425616,0
20220730T,2939.3098127983976,2939.3098127983976,2939.3098127983976,2939.3098127983976,0
20220731T,1712.4477345962805,1712.4477345962805,1712.4477345962805,1712.4477345962805,0
20220801T,3489.6007921660785,3489.6007921660785,3489.6007921660785,3489.6007921660785,0
20220802T,3240.7424550587457,3240.7424550587457,3240.7424550587457,3240.7424550587457,0
20220803T,2744.9578451626294,2744.9578451626294,2744.9578451626294,2744.9578451626294,0
20220804T,1553.5406016078778,1553.5406016078778,1553.5406016078778,1553.5406016078778,0
20220805T,2650.369370117318,2650.369370117318,2650.369370117318,2650.369370117318,0
20220806T,1919.6754971534247,1919.6754971534247,1919.6754971534247,1919.6754971534247,0
20220807T,1929.9564810323063,1929.9564810323063,1929.9564810323063,1929.9564810323063,0
20220808T,2705.5619220753724,2705.5619220753724,2705.5619220753724,2705.5619220753724,0
20220809T,1371.2674148469232,1371.2674148469232,1371.2674148469232,1371.2674148469232,0
20220810T,3621.929287489562,3621.929287489562,3621.929287489562,3621.929287489562,0
20220811T,3275.9538750019856,3275.9538750019856,3275.9538750019856,3275.9538750019856,0
20220812T,4059.628264435567,4059.628264435567,4059.628264435567,4059.628264435567,0
20220813T,1589.6947477627546,1589.6947477627546,1589.6947477627546,1589.6947477627546,0
20220814T,1497.78193844005,1497.78193844005,1497.78193844005,1497.78193844005,0
20220815T,2035.2714505488984,2035.2714505488984,2035.2714505488984,2035.2714505488984,0
20220816T,1565.051622346742,1565.051622346742,1565.051622346742,1565.051622346742,0
20220817T,3422.6966000925167,3422.6966000925167,3422.6966000925167,3422.6966000925167,0
20220818T,1865.6857364380267,1865.6857364380267,1865.6857364380267,1865.6857364380267,0
20220819T,2536.24615342007,2536.24615342007,2536.24615342007,2536.24615342007,0
20220820T,3920.6072968114167,3920.6072968114167,3920.6072968114167,3920.6072968114167,0
20220821T,3789.5718976324424,3789.5718976324424,3789.5718976324424,3789.5718976324424,0
20220822T,2348.7877677328215,2348.7877677328215,2348.7877677328215,2348.7877677328215,0
20220823T,5449.570994848385,5449.570994848385,5449.570994848385,5449.570994848385,0
20220824T,5301.465566845611,5301.465566845611,5301.465566845611,5301.465566845611,0
20220825T,2388.8845127057284,2388.8845127057284,2388.8845127057284,2388.8845127057284,0
20220826T,2844.302081875794,2844.302081875794,2844.302081875794,2844.302081875794,0
20220827T,1728.0958138629067,1728.0958138629067,1728.0958138629067,1728.0958138629067,0
20220828T,1473.6068536592647,1473.6068536592647,1473.6068536592647,1473.6068536592647,0
20220829T,4699.826294883154,4699.826294883154,4699.826294883154,4699.826294883154,0
20220830T,3935.8165296483785,3935.8165296483785,3935.8165296483785,3935.8165296483785,0
20220831T,1854.991428981768,1854.991428981768,1854.991428981768,1854.991428981768,0
20220901T,2841.6859132709797,2841.6859132709797,2841.6859132709797,2841.6859132709797,0
20220902T,3500.582295644097,3500.582295644097,3500.582295644097,3500.582295644097,0
20220903T,2477.646833373641,2477.646833373641,2477.646833373641,2477.646833373641,0
20220904T,2175.250454880865,2175.250454880865,2175.250454880865,2175.250454880865,0
20220905T,2147.818379338598,2147.818379338598,2147.818379338598,2147.818379338598,0
20220906T,4648.831133986416,4648.831133986416,4648.831133986416,4648.831133986416,0
20220907T,4716.417526945414,4716.417526945414,4716.417526945414,4716.417526945414,0
20220908T,3449.0439361206663,3449.0439361206663,3449.0439361206663,3449.0439361206663,0
20220909T,2444.3941605163272,2444.3941605163272,2444.3941605163272,2444.3941605163272,0
20220910T,2270.654351916164,2270.654351916164,2270.654351916164,2270.654351916164,0
20220911T,1145.504286622745,1145.504286622745,1145.504286622745,1145.504286622745,0
20220912T,1826.2097521284595,1826.2097521284595,1826.2097521284595,1826.2097521284595,0
20220913T,2532.1485993114766,2532.1485993114766,2532.1485993114766,2532.1485993114766,0
20220914T,3428.31149043428,3428.31149043428,3428.31149043428,3428.31149043428,0
20220915T,2671.2954041195826,2671.2954041195826,2671.2954041195826,2671.2954041195826,0
20220916T,1722.8562752259895,1722.8562752259895,1722.8562752259895,1722.8562752259895,0
20220917T,1361.7277155889897,1361.7277155889897,1361.7277155889897,1361.7277155889897,0
20220918T,1342.0393517252523,1342.0393517252523,1342.0393517252523,1342.0393517252523,0
20220919T,2201.921446879758,2201.921446879758,2201.921446879758,2201.921446879758,0
20220920T,6207.641291189269,6207.641291189269,6207.641291189269,6207.641291189269,0
20220921T,2271.321775782024,2271.321775782024,2271.321775782024,2271.321775782024,0
20220922T,1619.070657495642,1619.070657495642,1619.070657495642,1619.070657495642,0
20220923T,1619.8849971387535,1619.8849971387535,1619.8849971387535,1619.8849971387535,0
20220924T,1598.3678517338558,1598.3678517338558,1598.3678517338558,1598.3678517338558,0
20220925T,1251.1443271199241,1251.1443271199241,1251.1443271199241,1251.1443271199241,0
20220926T,1914.406447417452,1914.406447417452,1914.406447417452,1914.406447417452,0
20220927T,2607.6853366433643,2607.6853366433643,2607.6853366433643,2607.6853366433643,0
20220928T,2648.5457674603676,2648.5457674603676,2648.5457674603676,2648.5457674603676,0
20220929T,2019.852721616393,2019.852721616393,2019.852721616393,2019.852721616393,0
20220930T,2385.96262108098,2385.96262108098,2385.96262108098,2385.96262108098,0
20221001T,1504.8222516374663,1504.8222516374663,1504.8222516374663,1504.8222516374663,0
20221002T,1407.0194501834922,1407.0194501834922,1407.0194501834922,1407.0194501834922,0
20221003T,3286.576084599539,3286.576084599539,3286.576084599539,3286.576084599539,0
20221004T,3784.996744199714,3784.996744199714,3784.996744199714,3784.996744199714,0
20221005T,3161.8379658138438,3161.8379658138438,3161.8379658138438,3161.8379658138438,0
20221006T,2078.4389524715953,2078.4389524715953,2078.4389524715953,2078.4389524715953,0
20221007T,4215.3675452428,4215.3675452428,4215.3675452428,4215.3675452428,0
20221008T,3315.322028369221,3315.322028369221,3315.322028369221,3315.322028369221,0
20221009T,1096.1538325548172,1096.1538325548172,1096.1538325548172,1096.1538325548172,0
20221010T,1656.0283457713667,1656.0283457713667,1656.0283457713667,1656.0283457713667,0
20221011T,1789.5981129041174,1789.5981129041174,1789.5981129041174,1789.5981129041174,0
20221012T,2043.4030329622328,2043.4030329622328,2043.4030329622328,2043.4030329622328,0
20221013T,3507.379085339664,3507.379085339664,3507.379085339664,3507.379085339664,0
20221014T,3783.0474707903923,3783.0474707903923,3783.0474707903923,3783.0474707903923,0
20221015T,2520.6472001271322,2520.6472001271322,2520.6472001271322,2520.6472001271322,0
20221016T,3773.091122722253,3773.091122722253,3773.091122722253,3773.091122722253,0
20221017T,3299.4312121537514,3299.4312121537514,3299.4312121537514,3299.4312121537514,0
20221018T,1803.065783611266,1803.065783611266,1803.065783611266,1803.065783611266,0
20221019T,2221.552502706443,2221.552502706443,2221.552502706443,2221.552502706443,0
20221020T,1894.99643899058,1894.99643899058,1894.99643899058,1894.99643899058,0
20221021T,4031.7873291589785,4031.7873291589785,4031.7873291589785,4031.7873291589785,0
20221022T,4491.114640256856,4491.114640256856,4491.114640256856,4491.114640256856,0
20221023T,1996.9836775184376,1996.9836775184376,1996.9836775184376,1996.9836775184376,0
20221024T,2101.466971791433,2101.466971791433,2101.466971791433,2101.466971791433,0
20221025T,5243.63868135192,5243.63868135192,5243.63868135192,5243.63868135192,0
20221026T,4458.79009768687,4458.79009768687,4458.79009768687,4458.79009768687,0
20221027T,2037.0406406933762,2037.0406406933762,2037.0406406933762,2037.0406406933762,0
20221028T,4292.916323942802,4292.916323942802,4292.916323942802,4292.916323942802,0
20221029T,3700.9782661180943,3700.9782661180943,3700.9782661180943,3700.9782661180943,0
20221030T,2348.621637737073,2348.621637737073,2348.621637737073,2348.621637737073,0
20221031T,2466.464189668139,2466.464189668139,2466.464189668139,2466.464189668139,0
20221101T,2357.9166655139998,2357.9166655139998,2357.9166655139998,2357.9166655139998,0
20221102T,1940.3395117670298,1940.3395117670298,1940.3395117670298,1940.3395117670298,0
20221103T,2196.3410355250817,2196.3410355250817,2196.3410355250817,2196.3410355250817,0
20221104T,1805.2652942193672,1805.2652942193672,1805.2652942193672,1805.2652942193672,0
20221105T,1285.0966009051772,1285.0966009051772,1285.0966009051772,1285.0966009051772,0
20221106T,1471.4157775328495,1471.4157775328495,1471.4157775328495,1471.4157775328495,0
20221107T,1550.0009640776552,1550.0009640776552,1550.0009640776552,1550.0009640776552,0
20221108T,1736.6816289376002,1736.6816289376002,1736.6816289376002,1736.6816289376002,0
20221109T,1965.1032382701524,1965.1032382701524,1965.1032382701524,1965.1032382701524,0
20221110T,2411.7910061307775,2411.7910061307775,2411.7910061307775,2411.7910061307775,0
20221111T,1499.759388229053,1499.759388229053,1499.759388229053,1499.759388229053,0
20221112T,1521.1446696236962,1521.1446696236962,1521.1446696236962,1521.1446696236962,0
20221113T,1668.9393849499756,1668.9393849499756,1668.9393849499756,1668.9393849499756,0
20221114T,2456.2364437717333,2456.2364437717333,2456.2364437717333,2456.2364437717333,0
20221115T,1769.6480818190157,1769.6480818190157,1769.6480818190157,1769.6480818190157,0
20221116T,1588.7809992353432,1588.7809992353432,1588.7809992353432,1588.7809992353432,0
20221117T,5063.581770675955,5063.581770675955,5063.581770675955,5063.581770675955,0
20221118T,2641.1519210973056,2641.1519210973056,2641.1519210973056,2641.1519210973056,0
20221119T,1596.2602032553405,1596.2602032553405,1596.2602032553405,1596.2602032553405,0
20221120T,1214.986905790167,1214.986905790167,1214.986905790167,1214.986905790167,0
20221121T,1320.6781696946127,1320.6781696946127,1320.6781696946127,1320.6781696946127,0
20221122T,1229.7578147043241,1229.7578147043241,1229.7578147043241,1229.7578147043241,0
20221123T,1122.9908673464088,1122.9908673464088,1122.9908673464088,1122.9908673464088,0
20221124T,1462.1868556576082,1462.1868556576082,1462.1868556576082,1462.1868556576082,0
20221125T,1732.4811573923798,1732.4811573923798,1732.4811573923798,1732.4811573923798,0
20221126T,1389.8252091975883,1389.8252091975883,1389.8252091975883,1389.8252091975883,0
20221127T,1005.8465050696395,1005.8465050696395,1005.8465050696395,1005.8465050696395,0
20221128T,1367.16667580574,1367.16667580574,1367.16667580574,1367.16667580574,0
20221129T,1194.595353748533,1194.595353748533,1194.595353748533,1194.595353748533,0
20221130T,2131.2720090494986,2131.2720090494986,2131.2720090494986,2131.2720090494986,0
20221201T,2191.6542808049126,2191.6542808049126,2191.6542808049126,2191.6542808049126,0
20221202T,1685.6063763729762,1685.6063763729762,1685.6063763729762,1685.6063763729762,0
20221203T,1673.1730817887,1673.1730817887,1673.1730817887,1673.1730817887,0
20221204T,1164.2750081730628,1164.2750081730628,1164.2750081730628,1164.2750081730628,0
20221205T,1262.6925083601382,1262.6925083601382,1262.6925083601382,1262.6925083601382,0
20221206T,1465.9018664929317,1465.9018664929317,1465.9018664929317,1465.9018664929317,0
20221207T,1393.4511790021788,1393.4511790021788,1393.4511790021788,1393.4511790021788,0
20221208T,1389.346245578723,1389.346245578723,1389.346245578723,1389.346245578723,0
20221209T,1505.7047668643063,1505.7047668643063,1505.7047668643063,1505.7047668643063,0
20221210T,1317.0305206985213,1317.0305206985213,1317.0305206985213,1317.0305206985213,0
20221211T,2021.7161052646115,2021.7161052646115,2021.7161052646115,2021.7161052646115,0
20221212T,2424.1721535609104,2424.1721535609104,2424.1721535609104,2424.1721535609104,0
20221213T,3527.38933811523,3527.38933811523,3527.38933811523,3527.38933811523,0
20221214T,3303.3671221884433,3303.3671221884433,3303.3671221884433,3303.3671221884433,0
20221215T,1946.3638390044216,1946.3638390044216,1946.3638390044216,1946.3638390044216,0
20221216T,2467.6461695057806,2467.6461695057806,2467.6461695057806,2467.6461695057806,0
20221217T,2724.3382921211014,2724.3382921211014,2724.3382921211014,2724.3382921211014,0
20221218T,1402.6024950451683,1402.6024950451683,1402.6024950451683,1402.6024950451683,0
20221219T,2186.3157345992513,2186.3157345992513,2186.3157345992513,2186.3157345992513,0
20221220T,2044.4537831488997,2044.4537831488997,2044.4537831488997,2044.4537831488997,0
20221221T,2208.576198413677,2208.576198413677,2208.576198413677,2208.576198413677,0
20221222T,2476.588438603212,2476.588438603212,2476.588438603212,2476.588438603212,0
20221223T,2334.7441719628696,2334.7441719628696,2334.7441719628696,2334.7441719628696,0
20221224T,1502.7917982989748,1502.7917982989748,1502.7917982989748,1502.7917982989748,0
20221225T,1301.0327203213237,1301.0327203213237,1301.0327203213237,1301.0327203213237,0
20221226T,1979.9518633794505,1979.9518633794505,1979.9518633794505,1979.9518633794505,0
20221227T,1369.9361556775402,1369.9361556775402,1369.9361556775402,1369.9361556775402,0
20221228T,2768.81171656074,2768.81171656074,2768.81171656074,2768.81171656074,0
20221229T,2314.312729114201,2314.312729114201,2314.312729114201,2314.312729114201,0
20221230T,1984.6218219256552,1984.6218219256552,1984.6218219256552,1984.6218219256552,0
20221231T,1207.8399804483633,1207.8399804483633,1207.8399804483633,1207.8399804483633,0
20230101T,1249.4191812653735,1249.4191812653735,1249.4191812653735,1249.4191812653735,0
20230102T,1853.1601831034059,1853.1601831034059,1853.1601831034059,1853.1601831034059,0
20230103T,3474.8962398025906,3474.8962398025906,3474.8962398025906,3474.8962398025906,0
20230104T,2140.274786906317,2140.274786906317,2140.274786906317,2140.274786906317,0
20230105T,2162.834139606217,2162.834139606217,2162.834139606217,2162.834139606217,0
20230106T,1653.2790053276403,1653.2790053276403,1653.2790053276403,1653.2790053276403,0
20230107T,1659.6345871293452,1659.6345871293452,1659.6345871293452,1659.6345871293452,0
20230108T,1558.9038731989276,1558.9038731989276,1558.9038731989276,1558.9038731989276,0
20230109T,2287.0173626433207,2287.0173626433207,2287.0173626433207,2287.0173626433207,0
20230110T,1671.122130951102,1671.122130951102,1671.122130951102,1671.122130951102,0
20230111T,2140.732281683813,2140.732281683813,2140.732281683813,2140.732281683813,0
20230112T,2453.486106131939,2453.486106131939,2453.486106131939,2453.486106131939,0
20230113T,2982.0904631379817,2982.0904631379817,2982.0904631379817,2982.0904631379817,0
20230114T,3516.6403385119047,3516.6403385119047,3516.6403385119047,3516.6403385119047,0
20230115T,2062.5547842750093,2062.5547842750093,2062.5547842750093,2062.5547842750093,0
20230116T,2836.812985030934,2836.812985030934,2836.812985030934,2836.812985030934,0
20230117T,3368.875970889465,3368.875970889465,3368.875970889465,3368.875970889465,0
20230118T,2804.6654984370107,2804.6654984370107,2804.6654984370107,2804.6654984370107,0
20230119T,2543.432660230552,2543.432660230552,2543.432660230552,2543.432660230552,0
20230120T,2789.4334899371024,2789.4334899371024,2789.4334899371024,2789.4334899371024,0
20230121T,2567.98408993466,2567.98408993466,2567.98408993466,2567.98408993466,0
20230122T,1820.6298064482398,1820.6298064482398,1820.6298064482398,1820.6298064482398,0
20230123T,3795.9571774203796,3795.9571774203796,3795.9571774203796,3795.9571774203796,0
20230124T,2691.8026319465134,2691.8026319465134,2691.8026319465134,2691.8026319465134,0
20230125T,2008.0830520553136,2008.0830520553136,2008.0830520553136,2008.0830520553136,0
20230126T,2506.5812436257256,2506.5812436257256,2506.5812436257256,2506.5812436257256,0
20230127T,2096.818141499243,2096.818141499243,2096.818141499243,2096.818141499243,0
20230128T,1541.3190776685078,1541.3190776685078,1541.3190776685078,1541.3190776685078,0
20230129T,1912.416960617993,1912.416960617993,1912.416960617993,1912.416960617993,0
20230130T,2285.1325696539134,2285.1325696539134,2285.1325696539134,2285.1325696539134,0
20230131T,2763.790402449202,2763.790402449202,2763.790402449202,2763.790402449202,0
20230201T,2824.9340280948672,2824.9340280948672,2824.9340280948672,2824.9340280948672,0
20230202T,2638.4219185272377,2638.4219185272377,2638.4219185272377,2638.4219185272377,0
20230203T,2382.4020544616506,2382.4020544616506,2382.4020544616506,2382.4020544616506,0
20230204T,1634.8265955987736,1634.8265955987736,1634.8265955987736,1634.8265955987736,0
20230205T,2095.196657176246,2095.196657176246,2095.196657176246,2095.196657176246,0
20230206T,2267.8710975042195,2267.8710975042195,2267.8710975042195,2267.8710975042195,0
20230207T,2129.6285888456387,2129.6285888456387,2129.6285888456387,2129.6285888456387,0
