20200505T,8187.0,8187.0,8187.0,8187.0,0
20200506T,11503.0,11503.0,11503.0,11503.0,0
20200507T,16954.0,16954.0,16954.0,16954.0,0
20200508T,12966.0,12966.0,12966.0,12966.0,0
20200509T,10195.0,10195.0,10195.0,10195.0,0
20200510T,16988.0,16988.0,16988.0,16988.0,0
20200511T,18348.0,18348.0,18348.0,18348.0,0
20200512T,10909.0,10909.0,10909.0,10909.0,0
20200513T,10281.0,10281.0,10281.0,10281.0,0
20200514T,12318.0,12318.0,12318.0,12318.0,0
20200515T,11804.0,11804.0,11804.0,11804.0,0
20200516T,10531.0,10531.0,10531.0,10531.0,0
20200517T,9713.0,9713.0,9713.0,9713.0,0
20200518T,10807.0,10807.0,10807.0,10807.0,0
20200519T,8996.0,8996.0,8996.0,8996.0,0
20200520T,11947.0,11947.0,11947.0,11947.0,0
20200521T,11935.0,11935.0,11935.0,11935.0,0
20200522T,9317.0,9317.0,9317.0,9317.0,0
20200523T,6835.0,6835.0,6835.0,6835.0,0
20200524T,9317.0,9317.0,9317.0,9317.0,0
20200525T,8601.0,8601.0,8601.0,8601.0,0
20200526T,7776.0,7776.0,7776.0,7776.0,0
20200527T,8928.0,8928.0,8928.0,8928.0,0
20200528T,8841.0,8841.0,8841.0,8841.0,0
20200529T,6996.0,6996.0,6996.0,6996.0,0
20200530T,7411.0,7411.0,7411.0,7411.0,0
20200531T,6613.0,6613.0,6613.0,6613.0,0
20200601T,9785.0,9785.0,9785.0,9785.0,0
20200602T,12891.0,12891.0,12891.0,12891.0,0
20200603T,6765.0,6765.0,6765.0,6765.0,0
20200604T,6857.0,6857.0,6857.0,6857.0,0
20200605T,6534.0,6534.0,6534.0,6534.0,0
20200606T,5702.0,5702.0,5702.0,5702.0,0
20200607T,6665.0,6665.0,6665.0,6665.0,0
20200608T,6058.0,6058.0,6058.0,6058.0,0
20200609T,6464.0,6464.0,6464.0,6464.0,0
20200610T,7284.0,7284.0,7284.0,7284.0,0
20200611T,9983.0,9983.0,9983.0,9983.0,0
20200612T,6203.0,6203.0,6203.0,6203.0,0
20200613T,4984.0,4984.0,4984.0,4984.0,0
20200614T,5780.0,5780.0,5780.0,5780.0,0
20200615T,9289.0,9289.0,9289.0,9289.0,0
20200616T,7691.0,7691.0,7691.0,7691.0,0
20200617T,7723.0,7723.0,7723.0,7723.0,0
20200618T,7030.0,7030.0,7030.0,7030.0,0
20200619T,7789.0,7789.0,7789.0,7789.0,0
20200620T,6352.0,6352.0,6352.0,6352.0,0
20200621T,5012.0,5012.0,5012.0,5012.0,0
20200622T,9262.0,9262.0,9262.0,9262.0,0
20200623T,6850.0,6850.0,6850.0,6850.0,0
20200624T,9404.0,9404.0,9404.0,9404.0,0
20200625T,8419.0,8419.0,8419.0,8419.0,0
20200626T,7543.0,7543.0,7543.0,7543.0,0
20200627T,8207.0,8207.0,8207.0,8207.0,0
20200628T,6375.0,6375.0,6375.0,6375.0,0
20200629T,6635.0,6635.0,6635.0,6635.0,0
20200630T,6133.0,6133.0,6133.0,6133.0,0
20200701T,6594.0,6594.0,6594.0,6594.0,0
20200702T,8586.0,8586.0,8586.0,8586.0,0
20200703T,5647.0,5647.0,5647.0,5647.0,0
20200704T,4895.0,4895.0,4895.0,4895.0,0
20200705T,6325.0,6325.0,6325.0,6325.0,0
20200706T,7801.0,7801.0,7801.0,7801.0,0
20200707T,6682.0,6682.0,6682.0,6682.0,0
20200708T,8435.0,8435.0,8435.0,8435.0,0
20200709T,7828.0,7828.0,7828.0,7828.0,0
20200710T,6648.0,6648.0,6648.0,6648.0,0
20200711T,4911.0,4911.0,4911.0,4911.0,0
20200712T,6152.0,6152.0,6152.0,6152.0,0
20200713T,5502.0,5502.0,5502.0,5502.0,0
20200714T,6182.0,6182.0,6182.0,6182.0,0
20200715T,8334.0,8334.0,8334.0,8334.0,0
20200716T,8515.0,8515.0,8515.0,8515.0,0
20200717T,6160.0,6160.0,6160.0,6160.0,0
20200718T,5175.0,5175.0,5175.0,5175.0,0
20200719T,5534.0,5534.0,5534.0,5534.0,0
20200720T,6787.0,6787.0,6787.0,6787.0,0
20200721T,10051.0,10051.0,10051.0,10051.0,0
20200722T,9450.0,9450.0,9450.0,9450.0,0
20200723T,11158.0,11158.0,11158.0,11158.0,0
20200724T,8968.0,8968.0,8968.0,8968.0,0
20200725T,10016.0,10016.0,10016.0,10016.0,0
20200726T,11865.0,11865.0,11865.0,11865.0,0
20200727T,23602.0,23602.0,23602.0,23602.0,0
20200728T,15181.0,15181.0,15181.0,15181.0,0
20200729T,12279.0,12279.0,12279.0,12279.0,0
20200730T,9120.0,9120.0,9120.0,9120.0,0
20200731T,10421.0,10421.0,10421.0,10421.0,0
20200801T,12433.0,12433.0,12433.0,12433.0,0
20200802T,15212.0,15212.0,15212.0,15212.0,0
20200803T,9328.0,9328.0,9328.0,9328.0,0
20200804T,9106.0,9106.0,9106.0,9106.0,0
20200805T,10629.0,10629.0,10629.0,10629.0,0
20200806T,10197.0,10197.0,10197.0,10197.0,0
20200807T,10874.0,10874.0,10874.0,10874.0,0
20200808T,7921.0,7921.0,7921.0,7921.0,0
20200809T,7419.0,7419.0,7419.0,7419.0,0
20200810T,12263.0,12263.0,12263.0,12263.0,0
20200811T,11988.0,11988.0,11988.0,11988.0,0
20200812T,8599.0,8599.0,8599.0,8599.0,0
20200813T,10077.0,10077.0,10077.0,10077.0,0
20200814T,8688.0,8688.0,8688.0,8688.0,0
20200815T,9974.0,9974.0,9974.0,9974.0,0
20200816T,7933.0,7933.0,7933.0,7933.0,0
20200817T,12923.0,12923.0,12923.0,12923.0,0
20200818T,10381.0,10381.0,10381.0,10381.0,0
20200819T,10267.0,10267.0,10267.0,10267.0,0
20200820T,7551.0,7551.0,7551.0,7551.0,0
20200821T,8107.0,8107.0,8107.0,8107.0,0
20200822T,6150.0,6150.0,6150.0,6150.0,0
20200823T,5714.0,5714.0,5714.0,5714.0,0
20200824T,6212.0,6212.0,6212.0,6212.0,0
20200825T,9099.0,9099.0,9099.0,9099.0,0
20200826T,7369.0,7369.0,7369.0,7369.0,0
20200827T,7385.0,7385.0,7385.0,7385.0,0
20200828T,5457.0,5457.0,5457.0,5457.0,0
20200829T,4494.0,4494.0,4494.0,4494.0,0
20200830T,4866.0,4866.0,4866.0,4866.0,0
20200831T,5788.0,5788.0,5788.0,5788.0,0
20200901T,7064.0,7064.0,7064.0,7064.0,0
20200902T,6004.0,6004.0,6004.0,6004.0,0
20200903T,8689.0,8689.0,8689.0,8689.0,0
20200904T,7194.0,7194.0,7194.0,7194.0,0
20200905T,7329.0,7329.0,7329.0,7329.0,0
20200906T,4879.0,4879.0,4879.0,4879.0,0
20200907T,6306.0,6306.0,6306.0,6306.0,0
20200908T,5788.0,5788.0,5788.0,5788.0,0
20200909T,5179.0,5179.0,5179.0,5179.0,0
20200910T,5589.0,5589.0,5589.0,5589.0,0
20200911T,4399.0,4399.0,4399.0,4399.0,0
20200912T,3877.0,3877.0,3877.0,3877.0,0
20200913T,5198.0,5198.0,5198.0,5198.0,0
20200914T,4407.0,4407.0,4407.0,4407.0,0
20200915T,4357.0,4357.0,4357.0,4357.0,0
20200916T,6991.0,6991.0,6991.0,6991.0,0
20200917T,5663.0,5663.0,5663.0,5663.0,0
20200918T,5352.0,5352.0,5352.0,5352.0,0
20200919T,4760.0,4760.0,4760.0,4760.0,0
20200920T,5091.0,5091.0,5091.0,5091.0,0
20200921T,7569.0,7569.0,7569.0,7569.0,0
20200922T,5215.0,5215.0,5215.0,5215.0,0
20200923T,6145.0,6145.0,6145.0,6145.0,0
20200924T,5857.0,5857.0,5857.0,5857.0,0
20200925T,4629.0,4629.0,4629.0,4629.0,0
20200926T,3904.0,3904.0,3904.0,3904.0,0
20200927T,4663.0,4663.0,4663.0,4663.0,0
20200928T,4633.0,4633.0,4633.0,4633.0,0
20200929T,5028.0,5028.0,5028.0,5028.0,0
20200930T,4410.0,4410.0,4410.0,4410.0,0
20201001T,6393.0,6393.0,6393.0,6393.0,0
20201002T,6009.0,6009.0,6009.0,6009.0,0
20201003T,3807.0,3807.0,3807.0,3807.0,0
20201004T,4340.0,4340.0,4340.0,4340.0,0
20201005T,4937.0,4937.0,4937.0,4937.0,0
20201006T,5236.0,5236.0,5236.0,5236.0,0
20201007T,4532.0,4532.0,4532.0,4532.0,0
20201008T,7267.0,7267.0,7267.0,7267.0,0
20201009T,5971.0,5971.0,5971.0,5971.0,0
20201010T,6140.0,6140.0,6140.0,6140.0,0
20201011T,5404.0,5404.0,5404.0,5404.0,0
20201012T,7118.0,7118.0,7118.0,7118.0,0
20201013T,5806.0,5806.0,5806.0,5806.0,0
20201014T,5100.0,5100.0,5100.0,5100.0,0
20201015T,5209.0,5209.0,5209.0,5209.0,0
20201016T,4624.0,4624.0,4624.0,4624.0,0
20201017T,3604.0,3604.0,3604.0,3604.0,0
20201018T,3982.0,3982.0,3982.0,3982.0,0
20201019T,6849.0,6849.0,6849.0,6849.0,0
20201020T,8279.0,8279.0,8279.0,8279.0,0
20201021T,14152.0,14152.0,14152.0,14152.0,0
20201022T,9933.0,9933.0,9933.0,9933.0,0
20201023T,6115.0,6115.0,6115.0,6115.0,0
20201024T,5810.0,5810.0,5810.0,5810.0,0
20201025T,6309.0,6309.0,6309.0,6309.0,0
20201026T,7326.0,7326.0,7326.0,7326.0,0
20201027T,10160.0,10160.0,10160.0,10160.0,0
20201028T,9353.0,9353.0,9353.0,9353.0,0
20201029T,7027.0,7027.0,7027.0,7027.0,0
20201030T,7617.0,7617.0,7617.0,7617.0,0
20201031T,7162.0,7162.0,7162.0,7162.0,0
20201101T,5961.0,5961.0,5961.0,5961.0,0
20201102T,6812.0,6812.0,6812.0,6812.0,0
20201103T,7711.0,7711.0,7711.0,7711.0,0
20201104T,7995.0,7995.0,7995.0,7995.0,0
20201105T,13990.0,13990.0,13990.0,13990.0,0
20201106T,10538.0,10538.0,10538.0,10538.0,0
20201107T,9451.0,9451.0,9451.0,9451.0,0
20201108T,6860.0,6860.0,6860.0,6860.0,0
20201109T,7446.0,7446.0,7446.0,7446.0,0
20201110T,6238.0,6238.0,6238.0,6238.0,0
20201111T,8138.0,8138.0,8138.0,8138.0,0
20201112T,9005.0,9005.0,9005.0,9005.0,0
20201113T,7712.0,7712.0,7712.0,7712.0,0
20201114T,6636.0,6636.0,6636.0,6636.0,0
20201115T,5328.0,5328.0,5328.0,5328.0,0
20201116T,8333.0,8333.0,8333.0,8333.0,0
20201117T,13604.0,13604.0,13604.0,13604.0,0
20201118T,15221.0,15221.0,15221.0,15221.0,0
20201119T,9943.0,9943.0,9943.0,9943.0,0
20201120T,11234.0,11234.0,11234.0,11234.0,0
20201121T,10014.0,10014.0,10014.0,10014.0,0
20201122T,9054.0,9054.0,9054.0,9054.0,0
20201123T,9785.0,9785.0,9785.0,9785.0,0
20201124T,13340.0,13340.0,13340.0,13340.0,0
20201125T,11035.0,11035.0,11035.0,11035.0,0
20201126T,15758.0,15758.0,15758.0,15758.0,0
20201127T,8778.0,8778.0,8778.0,8778.0,0
20201128T,7895.0,7895.0,7895.0,7895.0,0
20201129T,8431.0,8431.0,8431.0,8431.0,0
20201130T,13086.0,13086.0,13086.0,13086.0,0
20201201T,12385.0,12385.0,12385.0,12385.0,0
20201202T,9820.0,9820.0,9820.0,9820.0,0
20201203T,9222.0,9222.0,9222.0,9222.0,0
20201204T,8712.0,8712.0,8712.0,8712.0,0
20201205T,6918.0,6918.0,6918.0,6918.0,0
20201206T,7562.0,7562.0,7562.0,7562.0,0
20201207T,6762.0,6762.0,6762.0,6762.0,0
20201208T,8765.0,8765.0,8765.0,8765.0,0
20201209T,9334.0,9334.0,9334.0,9334.0,0
20201210T,7306.0,7306.0,7306.0,7306.0,0
20201211T,8920.0,8920.0,8920.0,8920.0,0
20201212T,7435.0,7435.0,7435.0,7435.0,0
20201213T,7663.0,7663.0,7663.0,7663.0,0
20201214T,6324.0,6324.0,6324.0,6324.0,0
20201215T,6672.0,6672.0,6672.0,6672.0,0
20201216T,13156.0,13156.0,13156.0,13156.0,0
20201217T,16099.0,16099.0,16099.0,16099.0,0
20201218T,9796.0,9796.0,9796.0,9796.0,0
20201219T,9199.0,9199.0,9199.0,9199.0,0
20201220T,9469.0,9469.0,9469.0,9469.0,0
20201221T,9911.0,9911.0,9911.0,9911.0,0
20201222T,8623.0,8623.0,8623.0,8623.0,0
20201223T,8981.0,8981.0,8981.0,8981.0,0
20201224T,8294.0,8294.0,8294.0,8294.0,0
20201225T,7647.0,7647.0,7647.0,7647.0,0
20201226T,12689.0,12689.0,12689.0,12689.0,0
20201227T,14190.0,14190.0,14190.0,14190.0,0
20201228T,12229.0,12229.0,12229.0,12229.0,0
20201229T,10948.0,10948.0,10948.0,10948.0,0
20201230T,12362.0,12362.0,12362.0,12362.0,0
20201231T,11706.0,11706.0,11706.0,11706.0,0
20210101T,9347.0,9347.0,9347.0,9347.0,0
20210102T,19549.0,19549.0,19549.0,19549.0,0
20210103T,17183.0,17183.0,17183.0,17183.0,0
20210104T,14102.0,14102.0,14102.0,14102.0,0
20210105T,12999.0,12999.0,12999.0,12999.0,0
20210106T,14439.0,14439.0,14439.0,14439.0,0
20210107T,19032.0,19032.0,19032.0,19032.0,0
20210108T,16611.0,16611.0,16611.0,16611.0,0
20210109T,13108.0,13108.0,13108.0,13108.0,0
20210110T,15176.0,15176.0,15176.0,15176.0,0
20210111T,21543.0,21543.0,21543.0,21543.0,0
20210112T,14805.0,14805.0,14805.0,14805.0,0
20210113T,13762.0,13762.0,13762.0,13762.0,0
20210114T,14857.0,14857.0,14857.0,14857.0,0
20210115T,13604.0,13604.0,13604.0,13604.0,0
20210116T,10914.0,10914.0,10914.0,10914.0,0
20210117T,10539.0,10539.0,10539.0,10539.0,0
20210118T,10823.0,10823.0,10823.0,10823.0,0
20210119T,11515.0,11515.0,11515.0,11515.0,0
20210120T,11099.0,11099.0,11099.0,11099.0,0
20210121T,13517.0,13517.0,13517.0,13517.0,0
20210122T,13029.0,13029.0,13029.0,13029.0,0
20210123T,9480.0,9480.0,9480.0,9480.0,0
20210124T,9589.0,9589.0,9589.0,9589.0,0
20210125T,10257.0,10257.0,10257.0,10257.0,0
20210126T,3936.0,3936.0,3936.0,3936.0,0
20210127T,11723.0,11723.0,11723.0,11723.0,0
20210128T,11563.0,11563.0,11563.0,11563.0,0
20210129T,27760.0,27760.0,27760.0,27760.0,0
20210130T,16316.0,16316.0,16316.0,16316.0,0
20210131T,13319.0,13319.0,13319.0,13319.0,0
20210201T,14723.0,14723.0,14723.0,14723.0,0
20210202T,13196.0,13196.0,13196.0,13196.0,0
20210203T,13088.0,13088.0,13088.0,13088.0,0
20210204T,14492.0,14492.0,14492.0,14492.0,0
20210205T,12221.0,12221.0,12221.0,12221.0,0
20210206T,14665.0,14665.0,14665.0,14665.0,0
20210207T,13828.0,13828.0,13828.0,13828.0,0
20210208T,25146.0,25146.0,25146.0,25146.0,0
20210209T,21805.0,21805.0,21805.0,21805.0,0
20210210T,17416.0,17416.0,17416.0,17416.0,0
20210211T,16280.0,16280.0,16280.0,16280.0,0
20210212T,15852.0,15852.0,15852.0,15852.0,0
20210213T,13264.0,13264.0,13264.0,13264.0,0
20210214T,14456.0,14456.0,14456.0,14456.0,0
20210215T,12841.0,12841.0,12841.0,12841.0,0
20210216T,13917.0,13917.0,13917.0,13917.0,0
20210217T,16095.0,16095.0,16095.0,16095.0,0
20210218T,14185.0,14185.0,14185.0,14185.0,0
20210219T,16756.0,16756.0,16756.0,16756.0,0
20210220T,16135.0,16135.0,16135.0,16135.0,0
20210221T,15458.0,15458.0,15458.0,15458.0,0
20210222T,16525.0,16525.0,16525.0,16525.0,0
20210223T,18717.0,18717.0,18717.0,18717.0,0
20210224T,15175.0,15175.0,15175.0,15175.0,0
20210225T,15152.0,15152.0,15152.0,15152.0,0
20210226T,13469.0,13469.0,13469.0,13469.0,0
20210227T,12559.0,12559.0,12559.0,12559.0,0
20210228T,15839.0,15839.0,15839.0,15839.0,0
20210301T,14415.0,14415.0,14415.0,14415.0,0
20210302T,12120.0,12120.0,12120.0,12120.0,0
20210303T,12023.0,12023.0,12023.0,12023.0,0
20210304T,11835.0,11835.0,11835.0,11835.0,0
20210305T,11181.0,11181.0,11181.0,11181.0,0
20210306T,10515.0,10515.0,10515.0,10515.0,0
20210307T,11568.0,11568.0,11568.0,11568.0,0
20210308T,11430.0,11430.0,11430.0,11430.0,0
20210309T,13133.0,13133.0,13133.0,13133.0,0
20210310T,14332.0,14332.0,14332.0,14332.0,0
20210311T,11989.0,11989.0,11989.0,11989.0,0
20210312T,12826.0,12826.0,12826.0,12826.0,0
20210313T,16135.0,16135.0,16135.0,16135.0,0
20210314T,13346.0,13346.0,13346.0,13346.0,0
20210315T,14182.0,14182.0,14182.0,14182.0,0
20210316T,11992.0,11992.0,11992.0,11992.0,0
20210317T,11297.0,11297.0,11297.0,11297.0,0
20210318T,11961.0,11961.0,11961.0,11961.0,0
20210319T,11754.0,11754.0,11754.0,11754.0,0
20210320T,11444.0,11444.0,11444.0,11444.0,0
20210321T,11311.0,11311.0,11311.0,11311.0,0
20210322T,13495.0,13495.0,13495.0,13495.0,0
20210323T,12328.0,12328.0,12328.0,12328.0,0
20210324T,16053.0,16053.0,16053.0,16053.0,0
20210325T,15642.0,15642.0,15642.0,15642.0,0
20210326T,11915.0,11915.0,11915.0,11915.0,0
20210327T,11908.0,11908.0,11908.0,11908.0,0
20210328T,11340.0,11340.0,11340.0,11340.0,0
20210329T,12316.0,12316.0,12316.0,12316.0,0
20210330T,12294.0,12294.0,12294.0,12294.0,0
20210331T,12895.0,12895.0,12895.0,12895.0,0
20210401T,11895.0,11895.0,11895.0,11895.0,0
20210402T,12953.0,12953.0,12953.0,12953.0,0
20210403T,11682.0,11682.0,11682.0,11682.0,0
20210404T,9534.0,9534.0,9534.0,9534.0,0
20210405T,12138.0,12138.0,12138.0,12138.0,0
20210406T,13097.0,13097.0,13097.0,13097.0,0
20210407T,14298.0,14298.0,14298.0,14298.0,0
20210408T,12940.0,12940.0,12940.0,12940.0,0
20210409T,12489.0,12489.0,12489.0,12489.0,0
20210410T,13908.0,13908.0,13908.0,13908.0,0
20210411T,11327.0,11327.0,11327.0,11327.0,0
20210412T,10924.0,10924.0,10924.0,10924.0,0
20210413T,17715.0,17715.0,17715.0,17715.0,0
20210414T,16751.0,16751.0,16751.0,16751.0,0
20210415T,14200.0,14200.0,14200.0,14200.0,0
20210416T,19580.0,19580.0,19580.0,19580.0,0
20210417T,14718.0,14718.0,14718.0,14718.0,0
20210418T,24400.0,24400.0,24400.0,24400.0,0
20210419T,17789.0,17789.0,17789.0,17789.0,0
20210420T,17372.0,17372.0,17372.0,17372.0,0
20210421T,16626.0,16626.0,16626.0,16626.0,0
20210422T,21571.0,21571.0,21571.0,21571.0,0
20210423T,23705.0,23705.0,23705.0,23705.0,0
20210424T,15064.0,15064.0,15064.0,15064.0,0
20210425T,17470.0,17470.0,17470.0,17470.0,0
20210426T,18012.0,18012.0,18012.0,18012.0,0
20210427T,15451.0,15451.0,15451.0,15451.0,0
20210428T,16622.0,16622.0,16622.0,16622.0,0
20210429T,16904.0,16904.0,16904.0,16904.0,0
20210430T,14724.0,14724.0,14724.0,14724.0,0
20210501T,13372.0,13372.0,13372.0,13372.0,0
20210502T,14193.0,14193.0,14193.0,14193.0,0
20210503T,17337.0,17337.0,17337.0,17337.0,0
20210504T,20832.0,20832.0,20832.0,20832.0,0
20210505T,19830.0,19830.0,19830.0,19830.0,0
20210506T,16717.0,16717.0,16717.0,16717.0,0
20210507T,15544.0,15544.0,15544.0,15544.0,0
20210508T,16650.0,16650.0,16650.0,16650.0,0
20210509T,16342.0,16342.0,16342.0,16342.0,0
20210510T,17953.0,17953.0,17953.0,17953.0,0
20210511T,14818.0,14818.0,14818.0,14818.0,0
20210512T,23569.0,23569.0,23569.0,23569.0,0
20210513T,41657.0,41657.0,41657.0,41657.0,0
20210514T,21697.0,21697.0,21697.0,21697.0,0
20210515T,21969.0,21969.0,21969.0,21969.0,0
20210516T,30871.0,30871.0,30871.0,30871.0,0
20210517T,30962.0,30962.0,30962.0,30962.0,0
20210518T,21663.0,21663.0,21663.0,21663.0,0
20210519T,42325.0,42325.0,42325.0,42325.0,0
20210520T,25469.0,25469.0,25469.0,25469.0,0
20210521T,28671.0,28671.0,28671.0,28671.0,0
20210522T,23155.0,23155.0,23155.0,23155.0,0
20210523T,30041.0,30041.0,30041.0,30041.0,0
20210524T,24706.0,24706.0,24706.0,24706.0,0
20210525T,19750.0,19750.0,19750.0,19750.0,0
20210526T,18189.0,18189.0,18189.0,18189.0,0
20210527T,17792.0,17792.0,17792.0,17792.0,0
20210528T,20781.0,20781.0,20781.0,20781.0,0
20210529T,18707.0,18707.0,18707.0,18707.0,0
20210530T,15749.0,15749.0,15749.0,15749.0,0
20210531T,17374.0,17374.0,17374.0,17374.0,0
20210601T,15353.0,15353.0,15353.0,15353.0,0
20210602T,14253.0,14253.0,14253.0,14253.0,0
20210603T,15289.0,15289.0,15289.0,15289.0,0
20210604T,21041.0,21041.0,21041.0,21041.0,0
20210605T,19844.0,19844.0,19844.0,19844.0,0
20210606T,17888.0,17888.0,17888.0,17888.0,0
20210607T,21400.0,21400.0,21400.0,21400.0,0
20210608T,27262.0,27262.0,27262.0,27262.0,0
20210609T,25892.0,25892.0,25892.0,25892.0,0
20210610T,21266.0,21266.0,21266.0,21266.0,0
20210611T,17087.0,17087.0,17087.0,17087.0,0
20210612T,14643.0,14643.0,14643.0,14643.0,0
20210613T,16381.0,16381.0,16381.0,16381.0,0
20210614T,16957.0,16957.0,16957.0,16957.0,0
20210615T,14653.0,14653.0,14653.0,14653.0,0
20210616T,14162.0,14162.0,14162.0,14162.0,0
20210617T,13584.0,13584.0,13584.0,13584.0,0
20210618T,13075.0,13075.0,13075.0,13075.0,0
20210619T,11523.0,11523.0,11523.0,11523.0,0
20210620T,13707.0,13707.0,13707.0,13707.0,0
20210621T,19954.0,19954.0,19954.0,19954.0,0
20210622T,20913.0,20913.0,20913.0,20913.0,0
20210623T,14011.0,14011.0,14011.0,14011.0,0
20210624T,13078.0,13078.0,13078.0,13078.0,0
20210625T,14527.0,14527.0,14527.0,14527.0,0
20210626T,12780.0,12780.0,12780.0,12780.0,0
20210627T,11597.0,11597.0,11597.0,11597.0,0
20210628T,13427.0,13427.0,13427.0,13427.0,0
20210629T,12485.0,12485.0,12485.0,12485.0,0
20210630T,11955.0,11955.0,11955.0,11955.0,0
20210701T,11892.0,11892.0,11892.0,11892.0,0
20210702T,11133.0,11133.0,11133.0,11133.0,0
20210703T,11161.0,11161.0,11161.0,11161.0,0
20210704T,10196.0,10196.0,10196.0,10196.0,0
20210705T,10765.0,10765.0,10765.0,10765.0,0
20210706T,11251.0,11251.0,11251.0,11251.0,0
20210707T,9956.0,9956.0,9956.0,9956.0,0
20210708T,11053.0,11053.0,11053.0,11053.0,0
20210709T,10887.0,10887.0,10887.0,10887.0,0
20210710T,9345.0,9345.0,9345.0,9345.0,0
20210711T,9131.0,9131.0,9131.0,9131.0,0
20210712T,10102.0,10102.0,10102.0,10102.0,0
20210713T,10787.0,10787.0,10787.0,10787.0,0
20210714T,11513.0,11513.0,11513.0,11513.0,0
20210715T,11852.0,11852.0,11852.0,11852.0,0
20210716T,10876.0,10876.0,10876.0,10876.0,0
20210717T,11059.0,11059.0,11059.0,11059.0,0
20210718T,10302.0,10302.0,10302.0,10302.0,0
20210719T,11670.0,11670.0,11670.0,11670.0,0
20210720T,15502.0,15502.0,15502.0,15502.0,0
20210721T,14780.0,14780.0,14780.0,14780.0,0
20210722T,11826.0,11826.0,11826.0,11826.0,0
20210723T,11141.0,11141.0,11141.0,11141.0,0
20210724T,10680.0,10680.0,10680.0,10680.0,0
20210725T,10505.0,10505.0,10505.0,10505.0,0
20210726T,19760.0,19760.0,19760.0,19760.0,0
20210727T,14527.0,14527.0,14527.0,14527.0,0
20210728T,16712.0,16712.0,16712.0,16712.0,0
20210729T,13438.0,13438.0,13438.0,13438.0,0
20210730T,13173.0,13173.0,13173.0,13173.0,0
20210731T,13049.0,13049.0,13049.0,13049.0,0
20210801T,13804.0,13804.0,13804.0,13804.0,0
20210802T,13059.0,13059.0,13059.0,13059.0,0
20210803T,13372.0,13372.0,13372.0,13372.0,0
20210804T,13454.0,13454.0,13454.0,13454.0,0
20210805T,14305.0,14305.0,14305.0,14305.0,0
20210806T,14366.0,14366.0,14366.0,14366.0,0
20210807T,13433.0,13433.0,13433.0,13433.0,0
20210808T,13948.0,13948.0,13948.0,13948.0,0
20210809T,16270.0,16270.0,16270.0,16270.0,0
20210810T,15046.0,15046.0,15046.0,15046.0,0
20210811T,13869.0,13869.0,13869.0,13869.0,0
20210812T,13976.0,13976.0,13976.0,13976.0,0
20210813T,15717.0,15717.0,15717.0,15717.0,0
20210814T,16848.0,16848.0,16848.0,16848.0,0
20210815T,13121.0,13121.0,13121.0,13121.0,0
20210816T,14258.0,14258.0,14258.0,14258.0,0
20210817T,13255.0,13255.0,13255.0,13255.0,0
20210818T,13727.0,13727.0,13727.0,13727.0,0
20210819T,14336.0,14336.0,14336.0,14336.0,0
20210820T,16276.0,16276.0,16276.0,16276.0,0
20210821T,14625.0,14625.0,14625.0,14625.0,0
20210822T,12412.0,12412.0,12412.0,12412.0,0
20210823T,16739.0,16739.0,16739.0,16739.0,0
20210824T,14549.0,14549.0,14549.0,14549.0,0
20210825T,13473.0,13473.0,13473.0,13473.0,0
20210826T,12485.0,12485.0,12485.0,12485.0,0
20210827T,12896.0,12896.0,12896.0,12896.0,0
20210828T,10346.0,10346.0,10346.0,10346.0,0
20210829T,9911.0,9911.0,9911.0,9911.0,0
20210830T,12845.0,12845.0,12845.0,12845.0,0
20210831T,11500.0,11500.0,11500.0,11500.0,0
20210901T,12996.0,12996.0,12996.0,12996.0,0
20210902T,13630.0,13630.0,13630.0,13630.0,0
20210903T,13116.0,13116.0,13116.0,13116.0,0
20210904T,11329.0,11329.0,11329.0,11329.0,0
20210905T,11962.0,11962.0,11962.0,11962.0,0
20210906T,15234.0,15234.0,15234.0,15234.0,0
20210907T,21208.0,21208.0,21208.0,21208.0,0
20210908T,17688.0,17688.0,17688.0,17688.0,0
20210909T,14998.0,14998.0,14998.0,14998.0,0
20210910T,14116.0,14116.0,14116.0,14116.0,0
20210911T,12244.0,12244.0,12244.0,12244.0,0
20210912T,10941.0,10941.0,10941.0,10941.0,0
20210913T,14032.0,14032.0,14032.0,14032.0,0
20210914T,14485.0,14485.0,14485.0,14485.0,0
20210915T,14049.0,14049.0,14049.0,14049.0,0
20210916T,10887.0,10887.0,10887.0,10887.0,0
20210917T,9430.0,9430.0,9430.0,9430.0,0
20210918T,11288.0,11288.0,11288.0,11288.0,0
20210919T,10004.0,10004.0,10004.0,10004.0,0
20210920T,14333.0,14333.0,14333.0,14333.0,0
20210921T,15817.0,15817.0,15817.0,15817.0,0
20210922T,13556.0,13556.0,13556.0,13556.0,0
20210923T,14055.0,14055.0,14055.0,14055.0,0
20210924T,16756.0,16756.0,16756.0,16756.0,0
20210925T,11922.0,11922.0,11922.0,11922.0,0
20210926T,12475.0,12475.0,12475.0,12475.0,0
20210927T,12459.0,12459.0,12459.0,12459.0,0
20210928T,11395.0,11395.0,11395.0,11395.0,0
20210929T,12343.0,12343.0,12343.0,12343.0,0
20210930T,12674.0,12674.0,12674.0,12674.0,0
20211001T,14123.0,14123.0,14123.0,14123.0,0
20211002T,10096.0,10096.0,10096.0,10096.0,0
20211003T,10039.0,10039.0,10039.0,10039.0,0
20211004T,13227.0,13227.0,13227.0,13227.0,0
20211005T,15321.0,15321.0,15321.0,15321.0,0
20211006T,18219.0,18219.0,18219.0,18219.0,0
20211007T,13895.0,13895.0,13895.0,13895.0,0
20211008T,14326.0,14326.0,14326.0,14326.0,0
20211009T,11277.0,11277.0,11277.0,11277.0,0
20211010T,12254.0,12254.0,12254.0,12254.0,0
20211011T,19426.0,19426.0,19426.0,19426.0,0
20211012T,18482.0,18482.0,18482.0,18482.0,0
20211013T,14971.0,14971.0,14971.0,14971.0,0
20211014T,15791.0,15791.0,15791.0,15791.0,0
20211015T,22742.0,22742.0,22742.0,22742.0,0
20211016T,14426.0,14426.0,14426.0,14426.0,0
20211017T,15340.0,15340.0,15340.0,15340.0,0
20211018T,15556.0,15556.0,15556.0,15556.0,0
20211019T,20763.0,20763.0,20763.0,20763.0,0
20211020T,23688.0,23688.0,23688.0,23688.0,0
20211021T,17243.0,17243.0,17243.0,17243.0,0
20211022T,14808.0,14808.0,14808.0,14808.0,0
20211023T,11796.0,11796.0,11796.0,11796.0,0
20211024T,13205.0,13205.0,13205.0,13205.0,0
20211025T,14395.0,14395.0,14395.0,14395.0,0
20211026T,13366.0,13366.0,13366.0,13366.0,0
20211027T,17573.0,17573.0,17573.0,17573.0,0
20211028T,17369.0,17369.0,17369.0,17369.0,0
20211029T,13735.0,13735.0,13735.0,13735.0,0
20211030T,13301.0,13301.0,13301.0,13301.0,0
20211031T,11410.0,11410.0,11410.0,11410.0,0
20211101T,15772.0,15772.0,15772.0,15772.0,0
20211102T,22089.0,22089.0,22089.0,22089.0,0
20211103T,16837.0,16837.0,16837.0,16837.0,0
20211104T,13824.0,13824.0,13824.0,13824.0,0
20211105T,13223.0,13223.0,13223.0,13223.0,0
20211106T,12646.0,12646.0,12646.0,12646.0,0
20211107T,12837.0,12837.0,12837.0,12837.0,0
20211108T,17983.0,17983.0,17983.0,17983.0,0
20211109T,18573.0,18573.0,18573.0,18573.0,0
20211110T,19010.0,19010.0,19010.0,19010.0,0
20211111T,16959.0,16959.0,16959.0,16959.0,0
20211112T,20264.0,20264.0,20264.0,20264.0,0
20211113T,22125.0,22125.0,22125.0,22125.0,0
20211114T,17934.0,17934.0,17934.0,17934.0,0
20211115T,21547.0,21547.0,21547.0,21547.0,0
20211116T,28111.0,28111.0,28111.0,28111.0,0
20211117T,21530.0,21530.0,21530.0,21530.0,0
20211118T,20046.0,20046.0,20046.0,20046.0,0
20211119T,20320.0,20320.0,20320.0,20320.0,0
20211120T,19417.0,19417.0,19417.0,19417.0,0
20211121T,15582.0,15582.0,15582.0,15582.0,0
20211122T,21986.0,21986.0,21986.0,21986.0,0
20211123T,18931.0,18931.0,18931.0,18931.0,0
20211124T,17744.0,17744.0,17744.0,17744.0,0
20211125T,17661.0,17661.0,17661.0,17661.0,0
20211126T,18988.0,18988.0,18988.0,18988.0,0
20211127T,17971.0,17971.0,17971.0,17971.0,0
20211128T,16885.0,16885.0,16885.0,16885.0,0
20211129T,18778.0,18778.0,18778.0,18778.0,0
20211130T,24721.0,24721.0,24721.0,24721.0,0
20211201T,24970.0,24970.0,24970.0,24970.0,0
20211202T,23159.0,23159.0,23159.0,23159.0,0
20211203T,22273.0,22273.0,22273.0,22273.0,0
20211204T,29105.0,29105.0,29105.0,29105.0,0
20211205T,24240.0,24240.0,24240.0,24240.0,0
20211206T,23138.0,23138.0,23138.0,23138.0,0
20211207T,22067.0,22067.0,22067.0,22067.0,0
20211208T,19408.0,19408.0,19408.0,19408.0,0
20211209T,20364.0,20364.0,20364.0,20364.0,0
20211210T,21448.0,21448.0,21448.0,21448.0,0
20211211T,21069.0,21069.0,21069.0,21069.0,0
20211212T,19112.0,19112.0,19112.0,19112.0,0
20211213T,24574.0,24574.0,24574.0,24574.0,0
20211214T,22948.0,22948.0,22948.0,22948.0,0
20211215T,22080.0,22080.0,22080.0,22080.0,0
20211216T,18217.0,18217.0,18217.0,18217.0,0
20211217T,18725.0,18725.0,18725.0,18725.0,0
20211218T,14260.0,14260.0,14260.0,14260.0,0
20211219T,14642.0,14642.0,14642.0,14642.0,0
20211220T,16632.0,16632.0,16632.0,16632.0,0
20211221T,17634.0,17634.0,17634.0,17634.0,0
20211222T,16641.0,16641.0,16641.0,16641.0,0
20211223T,19561.0,19561.0,19561.0,19561.0,0
20211224T,12481.0,12481.0,12481.0,12481.0,0
20211225T,11713.0,11713.0,11713.0,11713.0,0
20211226T,13473.0,13473.0,13473.0,13473.0,0
20211227T,16848.0,16848.0,16848.0,16848.0,0
20211228T,15319.0,15319.0,15319.0,15319.0,0
20211229T,14154.0,14154.0,14154.0,14154.0,0
20211230T,14655.0,14655.0,14655.0,14655.0,0
20211231T,13349.0,13349.0,13349.0,13349.0,0
20220101T,14717.0,14717.0,14717.0,14717.0,0
20220102T,13569.0,13569.0,13569.0,13569.0,0
20220103T,16083.0,16083.0,16083.0,16083.0,0
20220104T,15838.0,15838.0,15838.0,15838.0,0
20220105T,18645.0,18645.0,18645.0,18645.0,0
20220106T,18308.0,18308.0,18308.0,18308.0,0
20220107T,19091.0,19091.0,19091.0,19091.0,0
20220108T,15608.0,15608.0,15608.0,15608.0,0
20220109T,15847.0,15847.0,15847.0,15847.0,0
20220110T,18527.0,18527.0,18527.0,18527.0,0
20220111T,17640.0,17640.0,17640.0,17640.0,0
20220112T,14313.0,14313.0,14313.0,14313.0,0
20220113T,13869.0,13869.0,13869.0,13869.0,0
20220114T,15894.0,15894.0,15894.0,15894.0,0
20220115T,16027.0,16027.0,16027.0,16027.0,0
20220116T,15318.0,15318.0,15318.0,15318.0,0
20220117T,16785.0,16785.0,16785.0,16785.0,0
20220118T,20222.0,20222.0,20222.0,20222.0,0
20220119T,17492.0,17492.0,17492.0,17492.0,0
20220120T,15343.0,15343.0,15343.0,15343.0,0
20220121T,23008.0,23008.0,23008.0,23008.0,0
20220122T,21992.0,21992.0,21992.0,21992.0,0
20220123T,18367.0,18367.0,18367.0,18367.0,0
20220124T,22721.0,22721.0,22721.0,22721.0,0
20220125T,17863.0,17863.0,17863.0,17863.0,0
20220126T,16910.0,16910.0,16910.0,16910.0,0
20220127T,16526.0,16526.0,16526.0,16526.0,0
20220128T,17163.0,17163.0,17163.0,17163.0,0
20220129T,14900.0,14900.0,14900.0,14900.0,0
20220130T,16142.0,16142.0,16142.0,16142.0,0
20220131T,15972.0,15972.0,15972.0,15972.0,0
20220201T,17863.0,17863.0,17863.0,17863.0,0
20220202T,15751.0,15751.0,15751.0,15751.0,0
20220203T,15024.0,15024.0,15024.0,15024.0,0
20220204T,18553.0,18553.0,18553.0,18553.0,0
20220205T,16954.0,16954.0,16954.0,16954.0,0
20220206T,16501.0,16501.0,16501.0,16501.0,0
20220207T,18777.0,18777.0,18777.0,18777.0,0
20220208T,20331.0,20331.0,20331.0,20331.0,0
20220209T,17335.0,17335.0,17335.0,17335.0,0
20220210T,20134.0,20134.0,20134.0,20134.0,0
20220211T,14885.0,14885.0,14885.0,14885.0,0
20220212T,17012.0,17012.0,17012.0,17012.0,0
20220213T,16488.0,16488.0,16488.0,16488.0,0
20220214T,14712.0,14712.0,14712.0,14712.0,0
20220215T,18015.0,18015.0,18015.0,18015.0,0
20220216T,16699.0,16699.0,16699.0,16699.0,0
20220217T,17288.0,17288.0,17288.0,17288.0,0
20220218T,15529.0,15529.0,15529.0,15529.0,0
20220219T,11760.0,11760.0,11760.0,11760.0,0
20220220T,14351.0,14351.0,14351.0,14351.0,0
20220221T,16460.0,16460.0,16460.0,16460.0,0
20220222T,15191.0,15191.0,15191.0,15191.0,0
20220223T,13892.0,13892.0,13892.0,13892.0,0
20220224T,15304.0,15304.0,15304.0,15304.0,0
20220225T,16199.0,16199.0,16199.0,16199.0,0
20220226T,12090.0,12090.0,12090.0,12090.0,0
20220227T,13036.0,13036.0,13036.0,13036.0,0
20220228T,17395.0,17395.0,17395.0,17395.0,0
20220301T,14405.0,14405.0,14405.0,14405.0,0
20220302T,12071.0,12071.0,12071.0,12071.0,0
20220303T,11119.0,11119.0,11119.0,11119.0,0
20220304T,12306.0,12306.0,12306.0,12306.0,0
20220305T,10562.0,10562.0,10562.0,10562.0,0
20220306T,12698.0,12698.0,12698.0,12698.0,0
20220307T,14546.0,14546.0,14546.0,14546.0,0
20220308T,13424.0,13424.0,13424.0,13424.0,0
20220309T,16786.0,16786.0,16786.0,16786.0,0
20220310T,15166.0,15166.0,15166.0,15166.0,0
20220311T,14322.0,14322.0,14322.0,14322.0,0
20220312T,12605.0,12605.0,12605.0,12605.0,0
20220313T,11773.0,11773.0,11773.0,11773.0,0
20220314T,15090.0,15090.0,15090.0,15090.0,0
20220315T,18722.0,18722.0,18722.0,18722.0,0
20220316T,15188.0,15188.0,15188.0,15188.0,0
20220317T,14355.0,14355.0,14355.0,14355.0,0
20220318T,13642.0,13642.0,13642.0,13642.0,0
20220319T,11076.0,11076.0,11076.0,11076.0,0
20220320T,14914.0,14914.0,14914.0,14914.0,0
20220321T,12950.0,12950.0,12950.0,12950.0,0
20220322T,12919.0,12919.0,12919.0,12919.0,0
20220323T,11380.0,11380.0,11380.0,11380.0,0
20220324T,12317.0,12317.0,12317.0,12317.0,0
20220325T,12303.0,12303.0,12303.0,12303.0,0
20220326T,14491.0,14491.0,14491.0,14491.0,0
20220327T,13724.0,13724.0,13724.0,13724.0,0
20220328T,15572.0,15572.0,15572.0,15572.0,0
20220329T,13815.0,13815.0,13815.0,13815.0,0
20220330T,14170.0,14170.0,14170.0,14170.0,0
20220331T,13945.0,13945.0,13945.0,13945.0,0
20220401T,11130.0,11130.0,11130.0,11130.0,0
20220402T,11770.0,11770.0,11770.0,11770.0,0
20220403T,11591.0,11591.0,11591.0,11591.0,0
20220404T,11090.0,11090.0,11090.0,11090.0,0
20220405T,14279.0,14279.0,14279.0,14279.0,0
20220406T,14518.0,14518.0,14518.0,14518.0,0
20220407T,14202.0,14202.0,14202.0,14202.0,0
20220408T,13668.0,13668.0,13668.0,13668.0,0
20220409T,12206.0,12206.0,12206.0,12206.0,0
20220410T,13480.0,13480.0,13480.0,13480.0,0
20220411T,14765.0,14765.0,14765.0,14765.0,0
20220412T,15158.0,15158.0,15158.0,15158.0,0
20220413T,13247.0,13247.0,13247.0,13247.0,0
20220414T,13014.0,13014.0,13014.0,13014.0,0
20220415T,11571.0,11571.0,11571.0,11571.0,0
20220416T,12314.0,12314.0,12314.0,12314.0,0
20220417T,11745.0,11745.0,11745.0,11745.0,0
20220418T,13512.0,13512.0,13512.0,13512.0,0
20220419T,14621.0,14621.0,14621.0,14621.0,0
20220420T,17633.0,17633.0,17633.0,17633.0,0
20220421T,19948.0,19948.0,19948.0,19948.0,0
20220422T,15192.0,15192.0,15192.0,15192.0,0
20220423T,14264.0,14264.0,14264.0,14264.0,0
20220424T,13882.0,13882.0,13882.0,13882.0,0
20220425T,14240.0,14240.0,14240.0,14240.0,0
20220426T,14185.0,14185.0,14185.0,14185.0,0
20220427T,14143.0,14143.0,14143.0,14143.0,0
20220428T,13827.0,13827.0,13827.0,13827.0,0
20220429T,12847.0,12847.0,12847.0,12847.0,0
20220430T,12102.0,12102.0,12102.0,12102.0,0
20220501T,19080.0,19080.0,19080.0,19080.0,0
20220502T,17104.0,17104.0,17104.0,17104.0,0
20220503T,16335.0,16335.0,16335.0,16335.0,0
20220504T,17531.0,17531.0,17531.0,17531.0,0
20220505T,18359.0,18359.0,18359.0,18359.0,0
20220506T,15134.0,15134.0,15134.0,15134.0,0
20220507T,12431.0,12431.0,12431.0,12431.0,0
20220508T,12939.0,12939.0,12939.0,12939.0,0
20220509T,22038.0,22038.0,22038.0,22038.0,0
20220510T,21046.0,21046.0,21046.0,21046.0,0
20220511T,23878.0,23878.0,23878.0,23878.0,0
20220512T,23038.0,23038.0,23038.0,23038.0,0
20220513T,17845.0,17845.0,17845.0,17845.0,0
20220514T,13514.0,13514.0,13514.0,13514.0,0
20220515T,13119.0,13119.0,13119.0,13119.0,0
20220516T,16615.0,16615.0,16615.0,16615.0,0
20220517T,15550.0,15550.0,15550.0,15550.0,0
20220518T,14928.0,14928.0,14928.0,14928.0,0
20220519T,15304.0,15304.0,15304.0,15304.0,0
20220520T,13760.0,13760.0,13760.0,13760.0,0
20220521T,11589.0,11589.0,11589.0,11589.0,0
20220522T,12971.0,12971.0,12971.0,12971.0,0
20220523T,14498.0,14498.0,14498.0,14498.0,0
20220524T,15419.0,15419.0,15419.0,15419.0,0
20220525T,12768.0,12768.0,12768.0,12768.0,0
20220526T,15164.0,15164.0,15164.0,15164.0,0
20220527T,16536.0,16536.0,16536.0,16536.0,0
20220528T,12173.0,12173.0,12173.0,12173.0,0
20220529T,10729.0,10729.0,10729.0,10729.0,0
20220530T,13242.0,13242.0,13242.0,13242.0,0
20220531T,12338.0,12338.0,12338.0,12338.0,0
20220601T,11175.0,11175.0,11175.0,11175.0,0
20220602T,11697.0,11697.0,11697.0,11697.0,0
20220603T,11760.0,11760.0,11760.0,11760.0,0
20220604T,10242.0,10242.0,10242.0,10242.0,0
20220605T,10017.0,10017.0,10017.0,10017.0,0
20220606T,11585.0,11585.0,11585.0,11585.0,0
20220607T,11509.0,11509.0,11509.0,11509.0,0
20220608T,10992.0,10992.0,10992.0,10992.0,0
20220609T,9738.0,9738.0,9738.0,9738.0,0
20220610T,10554.0,10554.0,10554.0,10554.0,0
20220611T,10629.0,10629.0,10629.0,10629.0,0
20220612T,11213.0,11213.0,11213.0,11213.0,0
20220613T,21717.0,21717.0,21717.0,21717.0,0
20220614T,21080.0,21080.0,21080.0,21080.0,0
20220615T,21700.0,21700.0,21700.0,21700.0,0
20220616T,15214.0,15214.0,15214.0,15214.0,0
20220617T,14056.0,14056.0,14056.0,14056.0,0
20220618T,23117.0,23117.0,23117.0,23117.0,0
20220619T,18389.0,18389.0,18389.0,18389.0,0
20220620T,17374.0,17374.0,17374.0,17374.0,0
20220621T,14938.0,14938.0,14938.0,14938.0,0
20220622T,15718.0,15718.0,15718.0,15718.0,0
20220623T,13349.0,13349.0,13349.0,13349.0,0
20220624T,12587.0,12587.0,12587.0,12587.0,0
20220625T,9390.0,9390.0,9390.0,9390.0,0
20220626T,9098.0,9098.0,9098.0,9098.0,0
20220627T,10674.0,10674.0,10674.0,10674.0,0
20220628T,11474.0,11474.0,11474.0,11474.0,0
20220629T,12351.0,12351.0,12351.0,12351.0,0
20220630T,13482.0,13482.0,13482.0,13482.0,0
20220701T,13025.0,13025.0,13025.0,13025.0,0
20220702T,10579.0,10579.0,10579.0,10579.0,0
20220703T,9127.0,9127.0,9127.0,9127.0,0
20220704T,10275.0,10275.0,10275.0,10275.0,0
20220705T,9976.0,9976.0,9976.0,9976.0,0
20220706T,9801.0,9801.0,9801.0,9801.0,0
20220707T,10179.0,10179.0,10179.0,10179.0,0
20220708T,15567.0,15567.0,15567.0,15567.0,0
20220709T,22559.0,22559.0,22559.0,22559.0,0
20220710T,26118.0,26118.0,26118.0,26118.0,0
20220711T,30200.0,30200.0,30200.0,30200.0,0
20220712T,17163.0,17163.0,17163.0,17163.0,0
20220713T,16847.0,16847.0,16847.0,16847.0,0
20220714T,14897.0,14897.0,14897.0,14897.0,0
20220715T,14152.0,14152.0,14152.0,14152.0,0
20220716T,11354.0,11354.0,11354.0,11354.0,0
20220717T,10528.0,10528.0,10528.0,10528.0,0
20220718T,16491.0,16491.0,16491.0,16491.0,0
20220719T,17915.0,17915.0,17915.0,17915.0,0
20220720T,16596.0,16596.0,16596.0,16596.0,0
20220721T,17158.0,17158.0,17158.0,17158.0,0
20220722T,13768.0,13768.0,13768.0,13768.0,0
20220723T,12958.0,12958.0,12958.0,12958.0,0
20220724T,10383.0,10383.0,10383.0,10383.0,0
20220725T,14038.0,14038.0,14038.0,14038.0,0
20220726T,12973.0,12973.0,12973.0,12973.0,0
20220727T,15242.0,15242.0,15242.0,15242.0,0
20220728T,19167.0,19167.0,19167.0,19167.0,0
20220729T,17091.0,17091.0,17091.0,17091.0,0
20220730T,14421.0,14421.0,14421.0,14421.0,0
20220731T,9621.0,9621.0,9621.0,9621.0,0
20220801T,15512.0,15512.0,15512.0,15512.0,0
20220802T,14817.0,14817.0,14817.0,14817.0,0
20220803T,11727.0,11727.0,11727.0,11727.0,0
20220804T,9418.0,9418.0,9418.0,9418.0,0
20220805T,10793.0,10793.0,10793.0,10793.0,0
20220806T,9589.0,9589.0,9589.0,9589.0,0
20220807T,8770.0,8770.0,8770.0,8770.0,0
20220808T,11735.0,11735.0,11735.0,11735.0,0
20220809T,9359.0,9359.0,9359.0,9359.0,0
20220810T,13123.0,13123.0,13123.0,13123.0,0
20220811T,13841.0,13841.0,13841.0,13841.0,0
20220812T,13178.0,13178.0,13178.0,13178.0,0
20220813T,8058.0,8058.0,8058.0,8058.0,0
20220814T,8396.0,8396.0,8396.0,8396.0,0
20220815T,9611.0,9611.0,9611.0,9611.0,0
20220816T,8568.0,8568.0,8568.0,8568.0,0
20220817T,12790.0,12790.0,12790.0,12790.0,0
20220818T,9630.0,9630.0,9630.0,9630.0,0
20220819T,12978.0,12978.0,12978.0,12978.0,0
20220820T,13613.0,13613.0,13613.0,13613.0,0
20220821T,12212.0,12212.0,12212.0,12212.0,0
20220822T,9483.0,9483.0,9483.0,9483.0,0
20220823T,14241.0,14241.0,14241.0,14241.0,0
20220824T,14668.0,14668.0,14668.0,14668.0,0
20220825T,10318.0,10318.0,10318.0,10318.0,0
20220826T,14598.0,14598.0,14598.0,14598.0,0
20220827T,10909.0,10909.0,10909.0,10909.0,0
20220828T,8676.0,8676.0,8676.0,8676.0,0
20220829T,14991.0,14991.0,14991.0,14991.0,0
20220830T,12507.0,12507.0,12507.0,12507.0,0
20220831T,9248.0,9248.0,9248.0,9248.0,0
20220901T,10314.0,10314.0,10314.0,10314.0,0
20220902T,11339.0,11339.0,11339.0,11339.0,0
20220903T,9075.0,9075.0,9075.0,9075.0,0
20220904T,7913.0,7913.0,7913.0,7913.0,0
20220905T,8946.0,8946.0,8946.0,8946.0,0
20220906T,16613.0,16613.0,16613.0,16613.0,0
20220907T,16433.0,16433.0,16433.0,16433.0,0
20220908T,13851.0,13851.0,13851.0,13851.0,0
20220909T,10798.0,10798.0,10798.0,10798.0,0
20220910T,8667.0,8667.0,8667.0,8667.0,0
20220911T,7366.0,7366.0,7366.0,7366.0,0
20220912T,8767.0,8767.0,8767.0,8767.0,0
20220913T,11722.0,11722.0,11722.0,11722.0,0
20220914T,14055.0,14055.0,14055.0,14055.0,0
20220915T,11538.0,11538.0,11538.0,11538.0,0
20220916T,8419.0,8419.0,8419.0,8419.0,0
20220917T,7198.0,7198.0,7198.0,7198.0,0
20220918T,6919.0,6919.0,6919.0,6919.0,0
20220919T,9865.0,9865.0,9865.0,9865.0,0
20220920T,18082.0,18082.0,18082.0,18082.0,0
20220921T,14989.0,14989.0,14989.0,14989.0,0
20220922T,12818.0,12818.0,12818.0,12818.0,0
20220923T,12008.0,12008.0,12008.0,12008.0,0
20220924T,8151.0,8151.0,8151.0,8151.0,0
20220925T,8199.0,8199.0,8199.0,8199.0,0
20220926T,12274.0,12274.0,12274.0,12274.0,0
20220927T,15761.0,15761.0,15761.0,15761.0,0
20220928T,15848.0,15848.0,15848.0,15848.0,0
20220929T,13562.0,13562.0,13562.0,13562.0,0
20220930T,14942.0,14942.0,14942.0,14942.0,0
20221001T,8224.0,8224.0,8224.0,8224.0,0
20221002T,9373.0,9373.0,9373.0,9373.0,0
20221003T,14459.0,14459.0,14459.0,14459.0,0
20221004T,15537.0,15537.0,15537.0,15537.0,0
20221005T,13910.0,13910.0,13910.0,13910.0,0
20221006T,11686.0,11686.0,11686.0,11686.0,0
20221007T,16868.0,16868.0,16868.0,16868.0,0
20221008T,12230.0,12230.0,12230.0,12230.0,0
20221009T,6052.0,6052.0,6052.0,6052.0,0
20221010T,7583.0,7583.0,7583.0,7583.0,0
20221011T,8660.0,8660.0,8660.0,8660.0,0
20221012T,7893.0,7893.0,7893.0,7893.0,0
20221013T,13437.0,13437.0,13437.0,13437.0,0
20221014T,11526.0,11526.0,11526.0,11526.0,0
20221015T,8228.0,8228.0,8228.0,8228.0,0
20221016T,11071.0,11071.0,11071.0,11071.0,0
20221017T,10659.0,10659.0,10659.0,10659.0,0
20221018T,7572.0,7572.0,7572.0,7572.0,0
20221019T,8921.0,8921.0,8921.0,8921.0,0
20221020T,7823.0,7823.0,7823.0,7823.0,0
20221021T,12283.0,12283.0,12283.0,12283.0,0
20221022T,14098.0,14098.0,14098.0,14098.0,0
20221023T,8992.0,8992.0,8992.0,8992.0,0
20221024T,8320.0,8320.0,8320.0,8320.0,0
20221025T,15715.0,15715.0,15715.0,15715.0,0
20221026T,12625.0,12625.0,12625.0,12625.0,0
20221027T,7839.0,7839.0,7839.0,7839.0,0
20221028T,12578.0,12578.0,12578.0,12578.0,0
20221029T,11103.0,11103.0,11103.0,11103.0,0
20221030T,8685.0,8685.0,8685.0,8685.0,0
20221031T,8850.0,8850.0,8850.0,8850.0,0
20221101T,8868.0,8868.0,8868.0,8868.0,0
20221102T,8059.0,8059.0,8059.0,8059.0,0
20221103T,8550.0,8550.0,8550.0,8550.0,0
20221104T,8382.0,8382.0,8382.0,8382.0,0
20221105T,7345.0,7345.0,7345.0,7345.0,0
20221106T,6966.0,6966.0,6966.0,6966.0,0
20221107T,8822.0,8822.0,8822.0,8822.0,0
20221108T,11700.0,11700.0,11700.0,11700.0,0
20221109T,16373.0,16373.0,16373.0,16373.0,0
20221110T,14949.0,14949.0,14949.0,14949.0,0
20221111T,12273.0,12273.0,12273.0,12273.0,0
20221112T,12180.0,12180.0,12180.0,12180.0,0
20221113T,12292.0,12292.0,12292.0,12292.0,0
20221114T,14052.0,14052.0,14052.0,14052.0,0
20221115T,11119.0,11119.0,11119.0,11119.0,0
20221116T,10278.0,10278.0,10278.0,10278.0,0
20221117T,15198.0,15198.0,15198.0,15198.0,0
20221118T,12860.0,12860.0,12860.0,12860.0,0
20221119T,8935.0,8935.0,8935.0,8935.0,0
20221120T,10166.0,10166.0,10166.0,10166.0,0
20221121T,14375.0,14375.0,14375.0,14375.0,0
20221122T,11763.0,11763.0,11763.0,11763.0,0
20221123T,10589.0,10589.0,10589.0,10589.0,0
20221124T,9756.0,9756.0,9756.0,9756.0,0
20221125T,9980.0,9980.0,9980.0,9980.0,0
20221126T,8693.0,8693.0,8693.0,8693.0,0
20221127T,9037.0,9037.0,9037.0,9037.0,0
20221128T,13212.0,13212.0,13212.0,13212.0,0
20221129T,11584.0,11584.0,11584.0,11584.0,0
20221130T,12673.0,12673.0,12673.0,12673.0,0
20221201T,10380.0,10380.0,10380.0,10380.0,0
20221202T,8115.0,8115.0,8115.0,8115.0,0
20221203T,7256.0,7256.0,7256.0,7256.0,0
20221204T,6601.0,6601.0,6601.0,6601.0,0
20221205T,7425.0,7425.0,7425.0,7425.0,0
20221206T,7651.0,7651.0,7651.0,7651.0,0
20221207T,8197.0,8197.0,8197.0,8197.0,0
20221208T,7479.0,7479.0,7479.0,7479.0,0
20221209T,7031.0,7031.0,7031.0,7031.0,0
20221210T,6723.0,6723.0,6723.0,6723.0,0
20221211T,7961.0,7961.0,7961.0,7961.0,0
20221212T,10983.0,10983.0,10983.0,10983.0,0
20221213T,14619.0,14619.0,14619.0,14619.0,0
20221214T,13502.0,13502.0,13502.0,13502.0,0
20221215T,10243.0,10243.0,10243.0,10243.0,0
20221216T,11488.0,11488.0,11488.0,11488.0,0
20221217T,11215.0,11215.0,11215.0,11215.0,0
20221218T,7807.0,7807.0,7807.0,7807.0,0
20221219T,9629.0,9629.0,9629.0,9629.0,0
20221220T,9312.0,9312.0,9312.0,9312.0,0
20221221T,9995.0,9995.0,9995.0,9995.0,0
20221222T,10170.0,10170.0,10170.0,10170.0,0
20221223T,9427.0,9427.0,9427.0,9427.0,0
20221224T,6539.0,6539.0,6539.0,6539.0,0
20221225T,6250.0,6250.0,6250.0,6250.0,0
20221226T,8351.0,8351.0,8351.0,8351.0,0
20221227T,5433.0,5433.0,5433.0,5433.0,0
20221228T,11183.0,11183.0,11183.0,11183.0,0
20221229T,9507.0,9507.0,9507.0,9507.0,0
20221230T,10042.0,10042.0,10042.0,10042.0,0
20221231T,8219.0,8219.0,8219.0,8219.0,0
20230101T,7158.0,7158.0,7158.0,7158.0,0
20230102T,9799.0,9799.0,9799.0,9799.0,0
20230103T,12420.0,12420.0,12420.0,12420.0,0
20230104T,9611.0,9611.0,9611.0,9611.0,0
20230105T,8340.0,8340.0,8340.0,8340.0,0
20230106T,7813.0,7813.0,7813.0,7813.0,0
20230107T,7398.0,7398.0,7398.0,7398.0,0
20230108T,7754.0,7754.0,7754.0,7754.0,0
20230109T,10260.0,10260.0,10260.0,10260.0,0
20230110T,8175.0,8175.0,8175.0,8175.0,0
20230111T,8806.0,8806.0,8806.0,8806.0,0
20230112T,11116.0,11116.0,11116.0,11116.0,0
20230113T,13072.0,13072.0,13072.0,13072.0,0
20230114T,17067.0,17067.0,17067.0,17067.0,0
20230115T,9356.0,9356.0,9356.0,9356.0,0
20230116T,11267.0,11267.0,11267.0,11267.0,0
20230117T,12152.0,12152.0,12152.0,12152.0,0
20230118T,11720.0,11720.0,11720.0,11720.0,0
20230119T,10697.0,10697.0,10697.0,10697.0,0
20230120T,11381.0,11381.0,11381.0,11381.0,0
20230121T,12489.0,12489.0,12489.0,12489.0,0
20230122T,8978.0,8978.0,8978.0,8978.0,0
20230123T,14140.0,14140.0,14140.0,14140.0,0
20230124T,10869.0,10869.0,10869.0,10869.0,0
20230125T,9578.0,9578.0,9578.0,9578.0,0
20230126T,9876.0,9876.0,9876.0,9876.0,0
20230127T,9565.0,9565.0,9565.0,9565.0,0
20230128T,7308.0,7308.0,7308.0,7308.0,0
20230129T,8876.0,8876.0,8876.0,8876.0,0
20230130T,10445.0,10445.0,10445.0,10445.0,0
20230131T,10854.0,10854.0,10854.0,10854.0,0
20230201T,11187.0,11187.0,11187.0,11187.0,0
20230202T,10958.0,10958.0,10958.0,10958.0,0
20230203T,10244.0,10244.0,10244.0,10244.0,0
20230204T,8100.0,8100.0,8100.0,8100.0,0
20230205T,9507.0,9507.0,9507.0,9507.0,0
20230206T,9342.0,9342.0,9342.0,9342.0,0
20230207T,9815.0,9815.0,9815.0,9815.0,0
