20200505T,1387.326462984085,1387.326462984085,1387.326462984085,1387.326462984085,0
20200506T,1691.8649153709412,1691.8649153709412,1691.8649153709412,1691.8649153709412,0
20200507T,3002.4894368052483,3002.4894368052483,3002.4894368052483,3002.4894368052483,0
20200508T,2207.4705778956413,2207.4705778956413,2207.4705778956413,2207.4705778956413,0
20200509T,1695.9281908869743,1695.9281908869743,1695.9281908869743,1695.9281908869743,0
20200510T,2484.612924695015,2484.612924695015,2484.612924695015,2484.612924695015,0
20200511T,3531.9500393867493,3531.9500393867493,3531.9500393867493,3531.9500393867493,0
20200512T,1951.1965089440346,1951.1965089440346,1951.1965089440346,1951.1965089440346,0
20200513T,1742.61565887928,1742.61565887928,1742.61565887928,1742.61565887928,0
20200514T,1930.7452355027199,1930.7452355027199,1930.7452355027199,1930.7452355027199,0
20200515T,1869.8670688271523,1869.8670688271523,1869.8670688271523,1869.8670688271523,0
20200516T,1866.1576967835426,1866.1576967835426,1866.1576967835426,1866.1576967835426,0
20200517T,1598.5063562393188,1598.5063562393188,1598.5063562393188,1598.5063562393188,0
20200518T,1827.0750877857208,1827.0750877857208,1827.0750877857208,1827.0750877857208,0
20200519T,1439.9901316165924,1439.9901316165924,1439.9901316165924,1439.9901316165924,0
20200520T,1829.5471302866936,1829.5471302866936,1829.5471302866936,1829.5471302866936,0
20200521T,1757.702116549015,1757.702116549015,1757.702116549015,1757.702116549015,0
20200522T,1648.1853530406952,1648.1853530406952,1648.1853530406952,1648.1853530406952,0
20200523T,1166.8167743682861,1166.8167743682861,1166.8167743682861,1166.8167743682861,0
20200524T,1535.0965058803558,1535.0965058803558,1535.0965058803558,1535.0965058803558,0
20200525T,1469.9777299165726,1469.9777299165726,1469.9777299165726,1469.9777299165726,0
20200526T,1514.3318979144096,1514.3318979144096,1514.3318979144096,1514.3318979144096,0
20200527T,1609.7493386268616,1609.7493386268616,1609.7493386268616,1609.7493386268616,0
20200528T,1711.579474389553,1711.579474389553,1711.579474389553,1711.579474389553,0
20200529T,1292.1184064149857,1292.1184064149857,1292.1184064149857,1292.1184064149857,0
20200530T,1425.1348116993904,1425.1348116993904,1425.1348116993904,1425.1348116993904,0
20200531T,1247.8729820847511,1247.8729820847511,1247.8729820847511,1247.8729820847511,0
20200601T,2009.299085199833,2009.299085199833,2009.299085199833,2009.299085199833,0
20200602T,1780.9494580030441,1780.9494580030441,1780.9494580030441,1780.9494580030441,0
20200603T,1244.6284757852554,1244.6284757852554,1244.6284757852554,1244.6284757852554,0
20200604T,1245.774469256401,1245.774469256401,1245.774469256401,1245.774469256401,0
20200605T,1130.082415342331,1130.082415342331,1130.082415342331,1130.082415342331,0
20200606T,1083.9662096500397,1083.9662096500397,1083.9662096500397,1083.9662096500397,0
20200607T,1220.1246417164803,1220.1246417164803,1220.1246417164803,1220.1246417164803,0
20200608T,1142.740118920803,1142.740118920803,1142.740118920803,1142.740118920803,0
20200609T,1153.8696146011353,1153.8696146011353,1153.8696146011353,1153.8696146011353,0
20200610T,1306.9793921113014,1306.9793921113014,1306.9793921113014,1306.9793921113014,0
20200611T,1479.038015305996,1479.038015305996,1479.038015305996,1479.038015305996,0
20200612T,1066.608128130436,1066.608128130436,1066.608128130436,1066.608128130436,0
20200613T,849.7419974207878,849.7419974207878,849.7419974207878,849.7419974207878,0
20200614T,907.5210478305817,907.5210478305817,907.5210478305817,907.5210478305817,0
20200615T,1424.431945681572,1424.431945681572,1424.431945681572,1424.431945681572,0
20200616T,1184.142711341381,1184.142711341381,1184.142711341381,1184.142711341381,0
20200617T,1206.679478108883,1206.679478108883,1206.679478108883,1206.679478108883,0
20200618T,1233.9766887426376,1233.9766887426376,1233.9766887426376,1233.9766887426376,0
20200619T,1243.1966470479965,1243.1966470479965,1243.1966470479965,1243.1966470479965,0
20200620T,1068.7116523981094,1068.7116523981094,1068.7116523981094,1068.7116523981094,0
20200621T,819.3946712017059,819.3946712017059,819.3946712017059,819.3946712017059,0
20200622T,1404.0228142142296,1404.0228142142296,1404.0228142142296,1404.0228142142296,0
20200623T,1094.0609654188156,1094.0609654188156,1094.0609654188156,1094.0609654188156,0
20200624T,1112.8581075072289,1112.8581075072289,1112.8581075072289,1112.8581075072289,0
20200625T,1077.7964761257172,1077.7964761257172,1077.7964761257172,1077.7964761257172,0
20200626T,1047.3926434516907,1047.3926434516907,1047.3926434516907,1047.3926434516907,0
20200627T,1055.9574136734009,1055.9574136734009,1055.9574136734009,1055.9574136734009,0
20200628T,969.268288731575,969.268288731575,969.268288731575,969.268288731575,0
20200629T,1094.9378046393394,1094.9378046393394,1094.9378046393394,1094.9378046393394,0
20200630T,970.898732483387,970.898732483387,970.898732483387,970.898732483387,0
20200701T,1109.1258590817451,1109.1258590817451,1109.1258590817451,1109.1258590817451,0
20200702T,1212.0172456502914,1212.0172456502914,1212.0172456502914,1212.0172456502914,0
20200703T,918.7955530881882,918.7955530881882,918.7955530881882,918.7955530881882,0
20200704T,764.1001337170601,764.1001337170601,764.1001337170601,764.1001337170601,0
20200705T,890.0814386606216,890.0814386606216,890.0814386606216,890.0814386606216,0
20200706T,1187.5076806545258,1187.5076806545258,1187.5076806545258,1187.5076806545258,0
20200707T,1083.2984102368355,1083.2984102368355,1083.2984102368355,1083.2984102368355,0
20200708T,1265.0008667111397,1265.0008667111397,1265.0008667111397,1265.0008667111397,0
20200709T,1047.3762599229813,1047.3762599229813,1047.3762599229813,1047.3762599229813,0
20200710T,1005.6145797967911,1005.6145797967911,1005.6145797967911,1005.6145797967911,0
20200711T,768.8043776750565,768.8043776750565,768.8043776750565,768.8043776750565,0
20200712T,907.8314881324768,907.8314881324768,907.8314881324768,907.8314881324768,0
20200713T,803.7961158752441,803.7961158752441,803.7961158752441,803.7961158752441,0
20200714T,972.8496177196503,972.8496177196503,972.8496177196503,972.8496177196503,0
20200715T,1336.0752394199371,1336.0752394199371,1336.0752394199371,1336.0752394199371,0
20200716T,1207.5422298312187,1207.5422298312187,1207.5422298312187,1207.5422298312187,0
20200717T,972.6267589330673,972.6267589330673,972.6267589330673,972.6267589330673,0
20200718T,892.9409658908844,892.9409658908844,892.9409658908844,892.9409658908844,0
20200719T,785.462043762207,785.462043762207,785.462043762207,785.462043762207,0
20200720T,928.0091679096222,928.0091679096222,928.0091679096222,928.0091679096222,0
20200721T,1136.5431061387062,1136.5431061387062,1136.5431061387062,1136.5431061387062,0
20200722T,1199.1150767803192,1199.1150767803192,1199.1150767803192,1199.1150767803192,0
20200723T,1488.1694753170013,1488.1694753170013,1488.1694753170013,1488.1694753170013,0
20200724T,1006.4839518666267,1006.4839518666267,1006.4839518666267,1006.4839518666267,0
20200725T,1139.9051840305328,1139.9051840305328,1139.9051840305328,1139.9051840305328,0
20200726T,1298.3156797289848,1298.3156797289848,1298.3156797289848,1298.3156797289848,0
20200727T,2926.702121734619,2926.702121734619,2926.702121734619,2926.702121734619,0
20200728T,2025.2748497128487,2025.2748497128487,2025.2748497128487,2025.2748497128487,0
20200729T,1903.6475538015366,1903.6475538015366,1903.6475538015366,1903.6475538015366,0
20200730T,1370.567895412445,1370.567895412445,1370.567895412445,1370.567895412445,0
20200731T,1790.4471017122269,1790.4471017122269,1790.4471017122269,1790.4471017122269,0
20200801T,2016.6160189509392,2016.6160189509392,2016.6160189509392,2016.6160189509392,0
20200802T,2006.0044094920158,2006.0044094920158,2006.0044094920158,2006.0044094920158,0
20200803T,1396.878214776516,1396.878214776516,1396.878214776516,1396.878214776516,0
20200804T,1367.2958495616913,1367.2958495616913,1367.2958495616913,1367.2958495616913,0
20200805T,1618.1759276986122,1618.1759276986122,1618.1759276986122,1618.1759276986122,0
20200806T,1567.277287721634,1567.277287721634,1567.277287721634,1567.277287721634,0
20200807T,1648.4506335258484,1648.4506335258484,1648.4506335258484,1648.4506335258484,0
20200808T,1273.0136289596558,1273.0136289596558,1273.0136289596558,1273.0136289596558,0
20200809T,1250.3631271123886,1250.3631271123886,1250.3631271123886,1250.3631271123886,0
20200810T,1937.4034233093262,1937.4034233093262,1937.4034233093262,1937.4034233093262,0
20200811T,1841.3249109387398,1841.3249109387398,1841.3249109387398,1841.3249109387398,0
20200812T,1411.1736763119698,1411.1736763119698,1411.1736763119698,1411.1736763119698,0
20200813T,1694.041759610176,1694.041759610176,1694.041759610176,1694.041759610176,0
20200814T,1409.9016625881195,1409.9016625881195,1409.9016625881195,1409.9016625881195,0
20200815T,1583.4323083758354,1583.4323083758354,1583.4323083758354,1583.4323083758354,0
20200816T,1190.270474255085,1190.270474255085,1190.270474255085,1190.270474255085,0
20200817T,1787.551531791687,1787.551531791687,1787.551531791687,1787.551531791687,0
20200818T,1492.5471987724304,1492.5471987724304,1492.5471987724304,1492.5471987724304,0
20200819T,1605.4739370942116,1605.4739370942116,1605.4739370942116,1605.4739370942116,0
20200820T,1296.8618314862251,1296.8618314862251,1296.8618314862251,1296.8618314862251,0
20200821T,1355.6444720625877,1355.6444720625877,1355.6444720625877,1355.6444720625877,0
20200822T,1036.7257496714592,1036.7257496714592,1036.7257496714592,1036.7257496714592,0
20200823T,906.0112503767014,906.0112503767014,906.0112503767014,906.0112503767014,0
20200824T,1058.0556114912033,1058.0556114912033,1058.0556114912033,1058.0556114912033,0
20200825T,1308.2160127162933,1308.2160127162933,1308.2160127162933,1308.2160127162933,0
20200826T,1295.1553403139114,1295.1553403139114,1295.1553403139114,1295.1553403139114,0
20200827T,1072.1509533524513,1072.1509533524513,1072.1509533524513,1072.1509533524513,0
20200828T,941.4382683038712,941.4382683038712,941.4382683038712,941.4382683038712,0
20200829T,718.0646967291832,718.0646967291832,718.0646967291832,718.0646967291832,0
20200830T,732.5767576098442,732.5767576098442,732.5767576098442,732.5767576098442,0
20200831T,1087.2916682958603,1087.2916682958603,1087.2916682958603,1087.2916682958603,0
20200901T,1046.1566440463066,1046.1566440463066,1046.1566440463066,1046.1566440463066,0
20200902T,897.3302085995674,897.3302085995674,897.3302085995674,897.3302085995674,0
20200903T,886.3752242922783,886.3752242922783,886.3752242922783,886.3752242922783,0
20200904T,944.3762201070786,944.3762201070786,944.3762201070786,944.3762201070786,0
20200905T,860.0669683814049,860.0669683814049,860.0669683814049,860.0669683814049,0
20200906T,684.5740015506744,684.5740015506744,684.5740015506744,684.5740015506744,0
20200907T,836.1146545410156,836.1146545410156,836.1146545410156,836.1146545410156,0
20200908T,959.8373903036118,959.8373903036118,959.8373903036118,959.8373903036118,0
20200909T,842.263015806675,842.263015806675,842.263015806675,842.263015806675,0
20200910T,927.013711810112,927.013711810112,927.013711810112,927.013711810112,0
20200911T,658.4995480179787,658.4995480179787,658.4995480179787,658.4995480179787,0
20200912T,673.8203064203262,673.8203064203262,673.8203064203262,673.8203064203262,0
20200913T,737.7853590846062,737.7853590846062,737.7853590846062,737.7853590846062,0
20200914T,716.5824136137962,716.5824136137962,716.5824136137962,716.5824136137962,0
20200915T,810.4756820201874,810.4756820201874,810.4756820201874,810.4756820201874,0
20200916T,1002.9198834896088,1002.9198834896088,1002.9198834896088,1002.9198834896088,0
20200917T,884.8207526803017,884.8207526803017,884.8207526803017,884.8207526803017,0
20200918T,896.5909911990166,896.5909911990166,896.5909911990166,896.5909911990166,0
20200919T,789.2050893306732,789.2050893306732,789.2050893306732,789.2050893306732,0
20200920T,646.1609410643578,646.1609410643578,646.1609410643578,646.1609410643578,0
20200921T,780.7419345378876,780.7419345378876,780.7419345378876,780.7419345378876,0
20200922T,713.570634663105,713.570634663105,713.570634663105,713.570634663105,0
20200923T,786.2890107631683,786.2890107631683,786.2890107631683,786.2890107631683,0
20200924T,688.2823112010956,688.2823112010956,688.2823112010956,688.2823112010956,0
20200925T,605.2163562178612,605.2163562178612,605.2163562178612,605.2163562178612,0
20200926T,487.8803567290306,487.8803567290306,487.8803567290306,487.8803567290306,0
20200927T,711.2177130579948,711.2177130579948,711.2177130579948,711.2177130579948,0
20200928T,576.5889750123024,576.5889750123024,576.5889750123024,576.5889750123024,0
20200929T,753.9931021332741,753.9931021332741,753.9931021332741,753.9931021332741,0
20200930T,848.9578552246094,848.9578552246094,848.9578552246094,848.9578552246094,0
20201001T,801.2201350927353,801.2201350927353,801.2201350927353,801.2201350927353,0
20201002T,688.0127693414688,688.0127693414688,688.0127693414688,688.0127693414688,0
20201003T,505.822221159935,505.822221159935,505.822221159935,505.822221159935,0
20201004T,608.8231461644173,608.8231461644173,608.8231461644173,608.8231461644173,0
20201005T,732.4356126189232,732.4356126189232,732.4356126189232,732.4356126189232,0
20201006T,609.0521818399429,609.0521818399429,609.0521818399429,609.0521818399429,0
20201007T,710.2585352063179,710.2585352063179,710.2585352063179,710.2585352063179,0
20201008T,1031.103346168995,1031.103346168995,1031.103346168995,1031.103346168995,0
20201009T,943.2812523841858,943.2812523841858,943.2812523841858,943.2812523841858,0
20201010T,1087.2431812286377,1087.2431812286377,1087.2431812286377,1087.2431812286377,0
20201011T,1103.5294883847237,1103.5294883847237,1103.5294883847237,1103.5294883847237,0
20201012T,1030.0375124812126,1030.0375124812126,1030.0375124812126,1030.0375124812126,0
20201013T,891.015035867691,891.015035867691,891.015035867691,891.015035867691,0
20201014T,1103.8096024990082,1103.8096024990082,1103.8096024990082,1103.8096024990082,0
20201015T,945.7231920361519,945.7231920361519,945.7231920361519,945.7231920361519,0
20201016T,718.7325246930122,718.7325246930122,718.7325246930122,718.7325246930122,0
20201017T,607.3698644638062,607.3698644638062,607.3698644638062,607.3698644638062,0
20201018T,608.4021409153938,608.4021409153938,608.4021409153938,608.4021409153938,0
20201019T,1064.4944425821304,1064.4944425821304,1064.4944425821304,1064.4944425821304,0
20201020T,1341.5431416034698,1341.5431416034698,1341.5431416034698,1341.5431416034698,0
20201021T,1729.8835917711258,1729.8835917711258,1729.8835917711258,1729.8835917711258,0
20201022T,1564.1865932941437,1564.1865932941437,1564.1865932941437,1564.1865932941437,0
20201023T,944.0362060666084,944.0362060666084,944.0362060666084,944.0362060666084,0
20201024T,815.1798877716064,815.1798877716064,815.1798877716064,815.1798877716064,0
20201025T,906.2030636072159,906.2030636072159,906.2030636072159,906.2030636072159,0
20201026T,955.7906975746155,955.7906975746155,955.7906975746155,955.7906975746155,0
20201027T,1437.9968991279602,1437.9968991279602,1437.9968991279602,1437.9968991279602,0
20201028T,1217.8867874145508,1217.8867874145508,1217.8867874145508,1217.8867874145508,0
20201029T,1123.5522788167,1123.5522788167,1123.5522788167,1123.5522788167,0
20201030T,1071.549215734005,1071.549215734005,1071.549215734005,1071.549215734005,0
20201031T,1126.3882566690445,1126.3882566690445,1126.3882566690445,1126.3882566690445,0
20201101T,886.674129486084,886.674129486084,886.674129486084,886.674129486084,0
20201102T,1089.1215988993645,1089.1215988993645,1089.1215988993645,1089.1215988993645,0
20201103T,1113.983158826828,1113.983158826828,1113.983158826828,1113.983158826828,0
20201104T,1015.1986671686172,1015.1986671686172,1015.1986671686172,1015.1986671686172,0
20201105T,1705.0705233216286,1705.0705233216286,1705.0705233216286,1705.0705233216286,0
20201106T,1358.9535660743713,1358.9535660743713,1358.9535660743713,1358.9535660743713,0
20201107T,1029.7751324176788,1029.7751324176788,1029.7751324176788,1029.7751324176788,0
20201108T,908.4240731596947,908.4240731596947,908.4240731596947,908.4240731596947,0
20201109T,1000.4646399617195,1000.4646399617195,1000.4646399617195,1000.4646399617195,0
20201110T,939.8021650910378,939.8021650910378,939.8021650910378,939.8021650910378,0
20201111T,1073.9807096123695,1073.9807096123695,1073.9807096123695,1073.9807096123695,0
20201112T,1268.5424805879593,1268.5424805879593,1268.5424805879593,1268.5424805879593,0
20201113T,1105.8902969360352,1105.8902969360352,1105.8902969360352,1105.8902969360352,0
20201114T,1200.2728856801987,1200.2728856801987,1200.2728856801987,1200.2728856801987,0
20201115T,780.4663321375847,780.4663321375847,780.4663321375847,780.4663321375847,0
20201116T,1224.8338268399239,1224.8338268399239,1224.8338268399239,1224.8338268399239,0
20201117T,2095.7678515315056,2095.7678515315056,2095.7678515315056,2095.7678515315056,0
20201118T,2107.0814333558083,2107.0814333558083,2107.0814333558083,2107.0814333558083,0
20201119T,1746.1942610144615,1746.1942610144615,1746.1942610144615,1746.1942610144615,0
20201120T,1707.5533275604248,1707.5533275604248,1707.5533275604248,1707.5533275604248,0
20201121T,1535.4980145692825,1535.4980145692825,1535.4980145692825,1535.4980145692825,0
20201122T,1216.3573682904243,1216.3573682904243,1216.3573682904243,1216.3573682904243,0
20201123T,1518.7358418107033,1518.7358418107033,1518.7358418107033,1518.7358418107033,0
20201124T,1985.5372903347015,1985.5372903347015,1985.5372903347015,1985.5372903347015,0
20201125T,1646.3275991678238,1646.3275991678238,1646.3275991678238,1646.3275991678238,0
20201126T,1928.4265098571777,1928.4265098571777,1928.4265098571777,1928.4265098571777,0
20201127T,1257.5602357387543,1257.5602357387543,1257.5602357387543,1257.5602357387543,0
20201128T,1286.4566258788109,1286.4566258788109,1286.4566258788109,1286.4566258788109,0
20201129T,1342.800011396408,1342.800011396408,1342.800011396408,1342.800011396408,0
20201130T,1934.9771023988724,1934.9771023988724,1934.9771023988724,1934.9771023988724,0
20201201T,1644.1575496196747,1644.1575496196747,1644.1575496196747,1644.1575496196747,0
20201202T,1548.1631061434746,1548.1631061434746,1548.1631061434746,1548.1631061434746,0
20201203T,1457.6626212596893,1457.6626212596893,1457.6626212596893,1457.6626212596893,0
20201204T,1307.6454719901085,1307.6454719901085,1307.6454719901085,1307.6454719901085,0
20201205T,1031.6803033351898,1031.6803033351898,1031.6803033351898,1031.6803033351898,0
20201206T,1221.3703376054764,1221.3703376054764,1221.3703376054764,1221.3703376054764,0
20201207T,1160.1563994288445,1160.1563994288445,1160.1563994288445,1160.1563994288445,0
20201208T,1325.8885337114334,1325.8885337114334,1325.8885337114334,1325.8885337114334,0
20201209T,1177.392834842205,1177.392834842205,1177.392834842205,1177.392834842205,0
20201210T,1178.9514444470406,1178.9514444470406,1178.9514444470406,1178.9514444470406,0
20201211T,1429.6553949713707,1429.6553949713707,1429.6553949713707,1429.6553949713707,0
20201212T,1165.346483707428,1165.346483707428,1165.346483707428,1165.346483707428,0
20201213T,1449.6715837717056,1449.6715837717056,1449.6715837717056,1449.6715837717056,0
20201214T,1140.3532673120499,1140.3532673120499,1140.3532673120499,1140.3532673120499,0
20201215T,1129.1846629977226,1129.1846629977226,1129.1846629977226,1129.1846629977226,0
20201216T,2446.7146946191788,2446.7146946191788,2446.7146946191788,2446.7146946191788,0
20201217T,2807.170533835888,2807.170533835888,2807.170533835888,2807.170533835888,0
20201218T,1744.6528705358505,1744.6528705358505,1744.6528705358505,1744.6528705358505,0
20201219T,1524.330140888691,1524.330140888691,1524.330140888691,1524.330140888691,0
20201220T,1691.729655444622,1691.729655444622,1691.729655444622,1691.729655444622,0
20201221T,1448.6501861810684,1448.6501861810684,1448.6501861810684,1448.6501861810684,0
20201222T,1600.6940169930458,1600.6940169930458,1600.6940169930458,1600.6940169930458,0
20201223T,1373.187647819519,1373.187647819519,1373.187647819519,1373.187647819519,0
20201224T,1406.80901658535,1406.80901658535,1406.80901658535,1406.80901658535,0
20201225T,1479.2819553613663,1479.2819553613663,1479.2819553613663,1479.2819553613663,0
20201226T,2130.265903353691,2130.265903353691,2130.265903353691,2130.265903353691,0
20201227T,2276.270615875721,2276.270615875721,2276.270615875721,2276.270615875721,0
20201228T,2584.3554015755653,2584.3554015755653,2584.3554015755653,2584.3554015755653,0
20201229T,2343.8559863567352,2343.8559863567352,2343.8559863567352,2343.8559863567352,0
20201230T,2315.974856734276,2315.974856734276,2315.974856734276,2315.974856734276,0
20201231T,2211.497469127178,2211.497469127178,2211.497469127178,2211.497469127178,0
20210101T,1820.3943921923637,1820.3943921923637,1820.3943921923637,1820.3943921923637,0
20210102T,3436.3983605504036,3436.3983605504036,3436.3983605504036,3436.3983605504036,0
20210103T,3229.374924004078,3229.374924004078,3229.374924004078,3229.374924004078,0
20210104T,2371.97144895792,2371.97144895792,2371.97144895792,2371.97144895792,0
20210105T,2283.84086227417,2283.84086227417,2283.84086227417,2283.84086227417,0
20210106T,2475.0813677310944,2475.0813677310944,2475.0813677310944,2475.0813677310944,0
20210107T,3055.29668623209,3055.29668623209,3055.29668623209,3055.29668623209,0
20210108T,2795.323384106159,2795.323384106159,2795.323384106159,2795.323384106159,0
20210109T,2398.2457845807076,2398.2457845807076,2398.2457845807076,2398.2457845807076,0
20210110T,2484.4200804829597,2484.4200804829597,2484.4200804829597,2484.4200804829597,0
20210111T,2906.667809307575,2906.667809307575,2906.667809307575,2906.667809307575,0
20210112T,2239.2532801628113,2239.2532801628113,2239.2532801628113,2239.2532801628113,0
20210113T,2251.8405367136,2251.8405367136,2251.8405367136,2251.8405367136,0
20210114T,2427.8516926169395,2427.8516926169395,2427.8516926169395,2427.8516926169395,0
20210115T,2030.1649582386017,2030.1649582386017,2030.1649582386017,2030.1649582386017,0
20210116T,1719.3882831335068,1719.3882831335068,1719.3882831335068,1719.3882831335068,0
20210117T,1568.0178730487823,1568.0178730487823,1568.0178730487823,1568.0178730487823,0
20210118T,1857.7979071736336,1857.7979071736336,1857.7979071736336,1857.7979071736336,0
20210119T,2079.5077763795853,2079.5077763795853,2079.5077763795853,2079.5077763795853,0
20210120T,1845.8995547890663,1845.8995547890663,1845.8995547890663,1845.8995547890663,0
20210121T,2233.264809191227,2233.264809191227,2233.264809191227,2233.264809191227,0
20210122T,1995.1273518800735,1995.1273518800735,1995.1273518800735,1995.1273518800735,0
20210123T,1744.4508527517319,1744.4508527517319,1744.4508527517319,1744.4508527517319,0
20210124T,1694.6349512338638,1694.6349512338638,1694.6349512338638,1694.6349512338638,0
20210125T,2026.3363760113716,2026.3363760113716,2026.3363760113716,2026.3363760113716,0
20210126T,1030.0704229474068,1030.0704229474068,1030.0704229474068,1030.0704229474068,0
20210127T,1818.9521164894104,1818.9521164894104,1818.9521164894104,1818.9521164894104,0
20210128T,2123.065697669983,2123.065697669983,2123.065697669983,2123.065697669983,0
20210129T,4590.839245021343,4590.839245021343,4590.839245021343,4590.839245021343,0
20210130T,2787.567407011986,2787.567407011986,2787.567407011986,2787.567407011986,0
20210131T,2378.221951663494,2378.221951663494,2378.221951663494,2378.221951663494,0
20210201T,2841.5536239147186,2841.5536239147186,2841.5536239147186,2841.5536239147186,0
20210202T,2556.7845826745033,2556.7845826745033,2556.7845826745033,2556.7845826745033,0
20210203T,2945.0683435201645,2945.0683435201645,2945.0683435201645,2945.0683435201645,0
20210204T,3414.4256972670555,3414.4256972670555,3414.4256972670555,3414.4256972670555,0
20210205T,2606.805610060692,2606.805610060692,2606.805610060692,2606.805610060692,0
20210206T,2613.8861870765686,2613.8861870765686,2613.8861870765686,2613.8861870765686,0
20210207T,2507.3073667287827,2507.3073667287827,2507.3073667287827,2507.3073667287827,0
20210208T,4865.219723939896,4865.219723939896,4865.219723939896,4865.219723939896,0
20210209T,4492.545026183128,4492.545026183128,4492.545026183128,4492.545026183128,0
20210210T,3260.2681379914284,3260.2681379914284,3260.2681379914284,3260.2681379914284,0
20210211T,2913.5641536712646,2913.5641536712646,2913.5641536712646,2913.5641536712646,0
20210212T,2917.6492652893066,2917.6492652893066,2917.6492652893066,2917.6492652893066,0
20210213T,2465.3747225403786,2465.3747225403786,2465.3747225403786,2465.3747225403786,0
20210214T,2725.8568776249886,2725.8568776249886,2725.8568776249886,2725.8568776249886,0
20210215T,2121.997601032257,2121.997601032257,2121.997601032257,2121.997601032257,0
20210216T,2653.202835738659,2653.202835738659,2653.202835738659,2653.202835738659,0
20210217T,2983.2097561359406,2983.2097561359406,2983.2097561359406,2983.2097561359406,0
20210218T,2633.18999761343,2633.18999761343,2633.18999761343,2633.18999761343,0
20210219T,3383.515441775322,3383.515441775322,3383.515441775322,3383.515441775322,0
20210220T,3007.7905962467194,3007.7905962467194,3007.7905962467194,3007.7905962467194,0
20210221T,2884.4401576519012,2884.4401576519012,2884.4401576519012,2884.4401576519012,0
20210222T,2830.7030942440033,2830.7030942440033,2830.7030942440033,2830.7030942440033,0
20210223T,3065.829096734524,3065.829096734524,3065.829096734524,3065.829096734524,0
20210224T,2882.354695856571,2882.354695856571,2882.354695856571,2882.354695856571,0
20210225T,2671.595150053501,2671.595150053501,2671.595150053501,2671.595150053501,0
20210226T,2417.207182943821,2417.207182943821,2417.207182943821,2417.207182943821,0
20210227T,2387.816398203373,2387.816398203373,2387.816398203373,2387.816398203373,0
20210228T,2515.383201777935,2515.383201777935,2515.383201777935,2515.383201777935,0
20210301T,2835.059273481369,2835.059273481369,2835.059273481369,2835.059273481369,0
20210302T,2405.4367839097977,2405.4367839097977,2405.4367839097977,2405.4367839097977,0
20210303T,2194.299130141735,2194.299130141735,2194.299130141735,2194.299130141735,0
20210304T,2201.9410120248795,2201.9410120248795,2201.9410120248795,2201.9410120248795,0
20210305T,2010.3066247105598,2010.3066247105598,2010.3066247105598,2010.3066247105598,0
20210306T,1896.7831953167915,1896.7831953167915,1896.7831953167915,1896.7831953167915,0
20210307T,2040.6805802583694,2040.6805802583694,2040.6805802583694,2040.6805802583694,0
20210308T,2060.587639629841,2060.587639629841,2060.587639629841,2060.587639629841,0
20210309T,2491.689201951027,2491.689201951027,2491.689201951027,2491.689201951027,0
20210310T,2761.465859770775,2761.465859770775,2761.465859770775,2761.465859770775,0
20210311T,2370.4339423179626,2370.4339423179626,2370.4339423179626,2370.4339423179626,0
20210312T,2430.987894654274,2430.987894654274,2430.987894654274,2430.987894654274,0
20210313T,3161.065245628357,3161.065245628357,3161.065245628357,3161.065245628357,0
20210314T,2374.9661126732826,2374.9661126732826,2374.9661126732826,2374.9661126732826,0
20210315T,2465.275212585926,2465.275212585926,2465.275212585926,2465.275212585926,0
20210316T,2250.623264670372,2250.623264670372,2250.623264670372,2250.623264670372,0
20210317T,2246.5370955467224,2246.5370955467224,2246.5370955467224,2246.5370955467224,0
20210318T,2291.3750903606415,2291.3750903606415,2291.3750903606415,2291.3750903606415,0
20210319T,2296.157144546509,2296.157144546509,2296.157144546509,2296.157144546509,0
20210320T,1963.40315502882,1963.40315502882,1963.40315502882,1963.40315502882,0
20210321T,2080.603533089161,2080.603533089161,2080.603533089161,2080.603533089161,0
20210322T,2268.4467990994453,2268.4467990994453,2268.4467990994453,2268.4467990994453,0
20210323T,2219.768722832203,2219.768722832203,2219.768722832203,2219.768722832203,0
20210324T,3139.0582617521286,3139.0582617521286,3139.0582617521286,3139.0582617521286,0
20210325T,2665.528260231018,2665.528260231018,2665.528260231018,2665.528260231018,0
20210326T,2135.6594333052635,2135.6594333052635,2135.6594333052635,2135.6594333052635,0
20210327T,2301.5860902071,2301.5860902071,2301.5860902071,2301.5860902071,0
20210328T,2139.407927632332,2139.407927632332,2139.407927632332,2139.407927632332,0
20210329T,2345.701315641403,2345.701315641403,2345.701315641403,2345.701315641403,0
20210330T,2272.5367037057877,2272.5367037057877,2272.5367037057877,2272.5367037057877,0
20210331T,2237.3914834856987,2237.3914834856987,2237.3914834856987,2237.3914834856987,0
20210401T,2093.1590138673782,2093.1590138673782,2093.1590138673782,2093.1590138673782,0
20210402T,2216.240072607994,2216.240072607994,2216.240072607994,2216.240072607994,0
20210403T,1982.399470448494,1982.399470448494,1982.399470448494,1982.399470448494,0
20210404T,1771.8747243881226,1771.8747243881226,1771.8747243881226,1771.8747243881226,0
20210405T,2130.850613772869,2130.850613772869,2130.850613772869,2130.850613772869,0
20210406T,2367.1554404497147,2367.1554404497147,2367.1554404497147,2367.1554404497147,0
20210407T,2380.4204494953156,2380.4204494953156,2380.4204494953156,2380.4204494953156,0
20210408T,2303.4877188801765,2303.4877188801765,2303.4877188801765,2303.4877188801765,0
20210409T,2149.5755333304405,2149.5755333304405,2149.5755333304405,2149.5755333304405,0
20210410T,2280.0201832056046,2280.0201832056046,2280.0201832056046,2280.0201832056046,0
20210411T,1967.3351566791534,1967.3351566791534,1967.3351566791534,1967.3351566791534,0
20210412T,2056.982992053032,2056.982992053032,2056.982992053032,2056.982992053032,0
20210413T,3381.6740506887436,3381.6740506887436,3381.6740506887436,3381.6740506887436,0
20210414T,3075.6514327526093,3075.6514327526093,3075.6514327526093,3075.6514327526093,0
20210415T,2696.903436601162,2696.903436601162,2696.903436601162,2696.903436601162,0
20210416T,3344.4387793540955,3344.4387793540955,3344.4387793540955,3344.4387793540955,0
20210417T,2408.1103573441505,2408.1103573441505,2408.1103573441505,2408.1103573441505,0
20210418T,3508.6385439634323,3508.6385439634323,3508.6385439634323,3508.6385439634323,0
20210419T,2885.40715444088,2885.40715444088,2885.40715444088,2885.40715444088,0
20210420T,2807.390506029129,2807.390506029129,2807.390506029129,2807.390506029129,0
20210421T,2788.0574213266373,2788.0574213266373,2788.0574213266373,2788.0574213266373,0
20210422T,3410.086857199669,3410.086857199669,3410.086857199669,3410.086857199669,0
20210423T,3419.956898391247,3419.956898391247,3419.956898391247,3419.956898391247,0
20210424T,2436.0632317066193,2436.0632317066193,2436.0632317066193,2436.0632317066193,0
20210425T,2654.549923658371,2654.549923658371,2654.549923658371,2654.549923658371,0
20210426T,3277.996428012848,3277.996428012848,3277.996428012848,3277.996428012848,0
20210427T,2850.7554970383644,2850.7554970383644,2850.7554970383644,2850.7554970383644,0
20210428T,2904.718182504177,2904.718182504177,2904.718182504177,2904.718182504177,0
20210429T,3205.4336401820183,3205.4336401820183,3205.4336401820183,3205.4336401820183,0
20210430T,2756.2673577070236,2756.2673577070236,2756.2673577070236,2756.2673577070236,0
20210501T,2258.6822956204414,2258.6822956204414,2258.6822956204414,2258.6822956204414,0
20210502T,2883.595957815647,2883.595957815647,2883.595957815647,2883.595957815647,0
20210503T,2925.1936353445053,2925.1936353445053,2925.1936353445053,2925.1936353445053,0
20210504T,3379.483413219452,3379.483413219452,3379.483413219452,3379.483413219452,0
20210505T,3303.7076516747475,3303.7076516747475,3303.7076516747475,3303.7076516747475,0
20210506T,2928.524266541004,2928.524266541004,2928.524266541004,2928.524266541004,0
20210507T,2908.31377184391,2908.31377184391,2908.31377184391,2908.31377184391,0
20210508T,3078.644363462925,3078.644363462925,3078.644363462925,3078.644363462925,0
20210509T,2835.0712314248085,2835.0712314248085,2835.0712314248085,2835.0712314248085,0
20210510T,3044.612082540989,3044.612082540989,3044.612082540989,3044.612082540989,0
20210511T,2705.558458328247,2705.558458328247,2705.558458328247,2705.558458328247,0
20210512T,3926.3736305236816,3926.3736305236816,3926.3736305236816,3926.3736305236816,0
20210513T,6713.74952685833,6713.74952685833,6713.74952685833,6713.74952685833,0
20210514T,3755.6160467267036,3755.6160467267036,3755.6160467267036,3755.6160467267036,0
20210515T,3459.996920287609,3459.996920287609,3459.996920287609,3459.996920287609,0
20210516T,4892.766904890537,4892.766904890537,4892.766904890537,4892.766904890537,0
20210517T,4721.388963639736,4721.388963639736,4721.388963639736,4721.388963639736,0
20210518T,3766.820141673088,3766.820141673088,3766.820141673088,3766.820141673088,0
20210519T,5828.041131615639,5828.041131615639,5828.041131615639,5828.041131615639,0
20210520T,4517.695066332817,4517.695066332817,4517.695066332817,4517.695066332817,0
20210521T,4063.646274328232,4063.646274328232,4063.646274328232,4063.646274328232,0
20210522T,3893.526773393154,3893.526773393154,3893.526773393154,3893.526773393154,0
20210523T,4299.236976921558,4299.236976921558,4299.236976921558,4299.236976921558,0
20210524T,4456.892611145973,4456.892611145973,4456.892611145973,4456.892611145973,0
20210525T,3686.370158135891,3686.370158135891,3686.370158135891,3686.370158135891,0
20210526T,3189.6129390597343,3189.6129390597343,3189.6129390597343,3189.6129390597343,0
20210527T,3014.667021214962,3014.667021214962,3014.667021214962,3014.667021214962,0
20210528T,3326.7459923028946,3326.7459923028946,3326.7459923028946,3326.7459923028946,0
20210529T,3206.895578444004,3206.895578444004,3206.895578444004,3206.895578444004,0
20210530T,2783.765148997307,2783.765148997307,2783.765148997307,2783.765148997307,0
20210531T,2911.32706451416,2911.32706451416,2911.32706451416,2911.32706451416,0
20210601T,2751.5520159602165,2751.5520159602165,2751.5520159602165,2751.5520159602165,0
20210602T,2530.6400389671326,2530.6400389671326,2530.6400389671326,2530.6400389671326,0
20210603T,2977.55103212595,2977.55103212595,2977.55103212595,2977.55103212595,0
20210604T,3760.4296929836273,3760.4296929836273,3760.4296929836273,3760.4296929836273,0
20210605T,3451.6348580121994,3451.6348580121994,3451.6348580121994,3451.6348580121994,0
20210606T,3372.2953804135323,3372.2953804135323,3372.2953804135323,3372.2953804135323,0
20210607T,3388.6955072283745,3388.6955072283745,3388.6955072283745,3388.6955072283745,0
20210608T,4185.117852449417,4185.117852449417,4185.117852449417,4185.117852449417,0
20210609T,5547.086461544037,5547.086461544037,5547.086461544037,5547.086461544037,0
20210610T,4099.119093120098,4099.119093120098,4099.119093120098,4099.119093120098,0
20210611T,3413.20906573534,3413.20906573534,3413.20906573534,3413.20906573534,0
20210612T,2603.7488208413124,2603.7488208413124,2603.7488208413124,2603.7488208413124,0
20210613T,3011.33731764555,3011.33731764555,3011.33731764555,3011.33731764555,0
20210614T,3172.6735746860504,3172.6735746860504,3172.6735746860504,3172.6735746860504,0
20210615T,3072.4520087838173,3072.4520087838173,3072.4520087838173,3072.4520087838173,0
20210616T,2714.1278080940247,2714.1278080940247,2714.1278080940247,2714.1278080940247,0
20210617T,2813.678888976574,2813.678888976574,2813.678888976574,2813.678888976574,0
20210618T,2242.744148850441,2242.744148850441,2242.744148850441,2242.744148850441,0
20210619T,2207.6550083756447,2207.6550083756447,2207.6550083756447,2207.6550083756447,0
20210620T,2644.017678141594,2644.017678141594,2644.017678141594,2644.017678141594,0
20210621T,3266.9573394060135,3266.9573394060135,3266.9573394060135,3266.9573394060135,0
20210622T,3082.9609583616257,3082.9609583616257,3082.9609583616257,3082.9609583616257,0
20210623T,2754.0489983558655,2754.0489983558655,2754.0489983558655,2754.0489983558655,0
20210624T,3078.64381223917,3078.64381223917,3078.64381223917,3078.64381223917,0
20210625T,3088.7822951078415,3088.7822951078415,3088.7822951078415,3088.7822951078415,0
20210626T,2264.0183824300766,2264.0183824300766,2264.0183824300766,2264.0183824300766,0
20210627T,2098.5981786847115,2098.5981786847115,2098.5981786847115,2098.5981786847115,0
20210628T,2438.3633394241333,2438.3633394241333,2438.3633394241333,2438.3633394241333,0
20210629T,2252.9787572026253,2252.9787572026253,2252.9787572026253,2252.9787572026253,0
20210630T,2377.055135667324,2377.055135667324,2377.055135667324,2377.055135667324,0
20210701T,2361.5393610596657,2361.5393610596657,2361.5393610596657,2361.5393610596657,0
20210702T,2269.6465416550636,2269.6465416550636,2269.6465416550636,2269.6465416550636,0
20210703T,2490.4213446974754,2490.4213446974754,2490.4213446974754,2490.4213446974754,0
20210704T,2299.129677116871,2299.129677116871,2299.129677116871,2299.129677116871,0
20210705T,2420.8863514065742,2420.8863514065742,2420.8863514065742,2420.8863514065742,0
20210706T,2417.6769583821297,2417.6769583821297,2417.6769583821297,2417.6769583821297,0
20210707T,2086.783803343773,2086.783803343773,2086.783803343773,2086.783803343773,0
20210708T,2103.3876671791077,2103.3876671791077,2103.3876671791077,2103.3876671791077,0
20210709T,2000.2696055173874,2000.2696055173874,2000.2696055173874,2000.2696055173874,0
20210710T,1944.6939838528633,1944.6939838528633,1944.6939838528633,1944.6939838528633,0
20210711T,1836.043824493885,1836.043824493885,1836.043824493885,1836.043824493885,0
20210712T,2057.542362868786,2057.542362868786,2057.542362868786,2057.542362868786,0
20210713T,2150.4789073467255,2150.4789073467255,2150.4789073467255,2150.4789073467255,0
20210714T,2405.788231253624,2405.788231253624,2405.788231253624,2405.788231253624,0
20210715T,2399.3911285996437,2399.3911285996437,2399.3911285996437,2399.3911285996437,0
20210716T,2068.250642180443,2068.250642180443,2068.250642180443,2068.250642180443,0
20210717T,2091.3964443206787,2091.3964443206787,2091.3964443206787,2091.3964443206787,0
20210718T,1957.9274728894234,1957.9274728894234,1957.9274728894234,1957.9274728894234,0
20210719T,2293.402123451233,2293.402123451233,2293.402123451233,2293.402123451233,0
20210720T,2875.6979605555534,2875.6979605555534,2875.6979605555534,2875.6979605555534,0
20210721T,3213.619461297989,3213.619461297989,3213.619461297989,3213.619461297989,0
20210722T,2827.2220437526703,2827.2220437526703,2827.2220437526703,2827.2220437526703,0
20210723T,2309.874549269676,2309.874549269676,2309.874549269676,2309.874549269676,0
20210724T,2154.6989247202873,2154.6989247202873,2154.6989247202873,2154.6989247202873,0
20210725T,2056.1130388975143,2056.1130388975143,2056.1130388975143,2056.1130388975143,0
20210726T,3662.5269995331764,3662.5269995331764,3662.5269995331764,3662.5269995331764,0
20210727T,2996.452659845352,2996.452659845352,2996.452659845352,2996.452659845352,0
20210728T,3096.4872376918793,3096.4872376918793,3096.4872376918793,3096.4872376918793,0
20210729T,2817.8342564702034,2817.8342564702034,2817.8342564702034,2817.8342564702034,0
20210730T,2646.3435480594635,2646.3435480594635,2646.3435480594635,2646.3435480594635,0
20210731T,2811.3031334877014,2811.3031334877014,2811.3031334877014,2811.3031334877014,0
20210801T,2967.261221885681,2967.261221885681,2967.261221885681,2967.261221885681,0
20210802T,2804.1295719742775,2804.1295719742775,2804.1295719742775,2804.1295719742775,0
20210803T,2819.7597656846046,2819.7597656846046,2819.7597656846046,2819.7597656846046,0
20210804T,2992.9783148765564,2992.9783148765564,2992.9783148765564,2992.9783148765564,0
20210805T,3266.409965991974,3266.409965991974,3266.409965991974,3266.409965991974,0
20210806T,3172.3805601000786,3172.3805601000786,3172.3805601000786,3172.3805601000786,0
20210807T,2715.3690089583397,2715.3690089583397,2715.3690089583397,2715.3690089583397,0
20210808T,2578.7578686475754,2578.7578686475754,2578.7578686475754,2578.7578686475754,0
20210809T,3288.045813500881,3288.045813500881,3288.045813500881,3288.045813500881,0
20210810T,3196.383201777935,3196.383201777935,3196.383201777935,3196.383201777935,0
20210811T,2768.5847980976105,2768.5847980976105,2768.5847980976105,2768.5847980976105,0
20210812T,2685.0890698432922,2685.0890698432922,2685.0890698432922,2685.0890698432922,0
20210813T,3062.4172860980034,3062.4172860980034,3062.4172860980034,3062.4172860980034,0
20210814T,4162.970456361771,4162.970456361771,4162.970456361771,4162.970456361771,0
20210815T,2723.3767182826996,2723.3767182826996,2723.3767182826996,2723.3767182826996,0
20210816T,2909.306734919548,2909.306734919548,2909.306734919548,2909.306734919548,0
20210817T,2763.691287279129,2763.691287279129,2763.691287279129,2763.691287279129,0
20210818T,2641.1501485705376,2641.1501485705376,2641.1501485705376,2641.1501485705376,0
20210819T,2907.887775182724,2907.887775182724,2907.887775182724,2907.887775182724,0
20210820T,3907.1376516222954,3907.1376516222954,3907.1376516222954,3907.1376516222954,0
20210821T,2784.94357585907,2784.94357585907,2784.94357585907,2784.94357585907,0
20210822T,2419.920807003975,2419.920807003975,2419.920807003975,2419.920807003975,0
20210823T,3457.8939306139946,3457.8939306139946,3457.8939306139946,3457.8939306139946,0
20210824T,3049.835673749447,3049.835673749447,3049.835673749447,3049.835673749447,0
20210825T,3050.4738797545433,3050.4738797545433,3050.4738797545433,3050.4738797545433,0
20210826T,2616.6167380809784,2616.6167380809784,2616.6167380809784,2616.6167380809784,0
20210827T,2848.362144768238,2848.362144768238,2848.362144768238,2848.362144768238,0
20210828T,2205.825860619545,2205.825860619545,2205.825860619545,2205.825860619545,0
20210829T,2024.9904391169548,2024.9904391169548,2024.9904391169548,2024.9904391169548,0
20210830T,3470.7996286153793,3470.7996286153793,3470.7996286153793,3470.7996286153793,0
20210831T,2245.8496817946434,2245.8496817946434,2245.8496817946434,2245.8496817946434,0
20210901T,2913.4669907689095,2913.4669907689095,2913.4669907689095,2913.4669907689095,0
20210902T,3128.5983440876007,3128.5983440876007,3128.5983440876007,3128.5983440876007,0
20210903T,2984.1607590317726,2984.1607590317726,2984.1607590317726,2984.1607590317726,0
20210904T,2636.499647319317,2636.499647319317,2636.499647319317,2636.499647319317,0
20210905T,2534.3815310001373,2534.3815310001373,2534.3815310001373,2534.3815310001373,0
20210906T,2964.352246463299,2964.352246463299,2964.352246463299,2964.352246463299,0
20210907T,4106.869607627392,4106.869607627392,4106.869607627392,4106.869607627392,0
20210908T,3138.732854485512,3138.732854485512,3138.732854485512,3138.732854485512,0
20210909T,3133.213460445404,3133.213460445404,3133.213460445404,3133.213460445404,0
20210910T,2568.1249282956123,2568.1249282956123,2568.1249282956123,2568.1249282956123,0
20210911T,2346.386767745018,2346.386767745018,2346.386767745018,2346.386767745018,0
20210912T,1989.6722252964973,1989.6722252964973,1989.6722252964973,1989.6722252964973,0
20210913T,2378.6016436219215,2378.6016436219215,2378.6016436219215,2378.6016436219215,0
20210914T,2725.485477745533,2725.485477745533,2725.485477745533,2725.485477745533,0
20210915T,2583.6060997247696,2583.6060997247696,2583.6060997247696,2583.6060997247696,0
20210916T,2227.513147652149,2227.513147652149,2227.513147652149,2227.513147652149,0
20210917T,2115.6679416894913,2115.6679416894913,2115.6679416894913,2115.6679416894913,0
20210918T,2549.58742582798,2549.58742582798,2549.58742582798,2549.58742582798,0
20210919T,2293.551760017872,2293.551760017872,2293.551760017872,2293.551760017872,0
20210920T,2781.4947714209557,2781.4947714209557,2781.4947714209557,2781.4947714209557,0
20210921T,3206.292515873909,3206.292515873909,3206.292515873909,3206.292515873909,0
20210922T,3421.881621837616,3421.881621837616,3421.881621837616,3421.881621837616,0
20210923T,2950.101146697998,2950.101146697998,2950.101146697998,2950.101146697998,0
20210924T,3044.594941496849,3044.594941496849,3044.594941496849,3044.594941496849,0
20210925T,2267.331167757511,2267.331167757511,2267.331167757511,2267.331167757511,0
20210926T,2054.2686297893524,2054.2686297893524,2054.2686297893524,2054.2686297893524,0
20210927T,2744.2529976963997,2744.2529976963997,2744.2529976963997,2744.2529976963997,0
20210928T,2423.997037053108,2423.997037053108,2423.997037053108,2423.997037053108,0
20210929T,2377.299878835678,2377.299878835678,2377.299878835678,2377.299878835678,0
20210930T,2650.813490986824,2650.813490986824,2650.813490986824,2650.813490986824,0
20211001T,2811.4523839354515,2811.4523839354515,2811.4523839354515,2811.4523839354515,0
20211002T,2126.9894648194313,2126.9894648194313,2126.9894648194313,2126.9894648194313,0
20211003T,1976.8806695342064,1976.8806695342064,1976.8806695342064,1976.8806695342064,0
20211004T,2934.5565878748894,2934.5565878748894,2934.5565878748894,2934.5565878748894,0
20211005T,3325.9066486358643,3325.9066486358643,3325.9066486358643,3325.9066486358643,0
20211006T,3719.65608137846,3719.65608137846,3719.65608137846,3719.65608137846,0
20211007T,2855.310989022255,2855.310989022255,2855.310989022255,2855.310989022255,0
20211008T,3142.8746217489243,3142.8746217489243,3142.8746217489243,3142.8746217489243,0
20211009T,2448.926575899124,2448.926575899124,2448.926575899124,2448.926575899124,0
20211010T,2606.860826909542,2606.860826909542,2606.860826909542,2606.860826909542,0
20211011T,4359.7864481806755,4359.7864481806755,4359.7864481806755,4359.7864481806755,0
20211012T,4715.226514875889,4715.226514875889,4715.226514875889,4715.226514875889,0
20211013T,3874.102856338024,3874.102856338024,3874.102856338024,3874.102856338024,0
20211014T,3457.578201651573,3457.578201651573,3457.578201651573,3457.578201651573,0
20211015T,4829.589793622494,4829.589793622494,4829.589793622494,4829.589793622494,0
20211016T,3142.011523425579,3142.011523425579,3142.011523425579,3142.011523425579,0
20211017T,3825.670079112053,3825.670079112053,3825.670079112053,3825.670079112053,0
20211018T,3044.253701508045,3044.253701508045,3044.253701508045,3044.253701508045,0
20211019T,4868.268965125084,4868.268965125084,4868.268965125084,4868.268965125084,0
20211020T,6527.045336484909,6527.045336484909,6527.045336484909,6527.045336484909,0
20211021T,4624.204460740089,4624.204460740089,4624.204460740089,4624.204460740089,0
20211022T,2803.7223574519157,2803.7223574519157,2803.7223574519157,2803.7223574519157,0
20211023T,2727.302905857563,2727.302905857563,2727.302905857563,2727.302905857563,0
20211024T,3504.1129259467125,3504.1129259467125,3504.1129259467125,3504.1129259467125,0
20211025T,4332.338436365128,4332.338436365128,4332.338436365128,4332.338436365128,0
20211026T,3279.0183498859406,3279.0183498859406,3279.0183498859406,3279.0183498859406,0
20211027T,5042.813146233559,5042.813146233559,5042.813146233559,5042.813146233559,0
20211028T,5258.3735460639,5258.3735460639,5258.3735460639,5258.3735460639,0
20211029T,3203.3579359054565,3203.3579359054565,3203.3579359054565,3203.3579359054565,0
20211030T,4484.055881202221,4484.055881202221,4484.055881202221,4484.055881202221,0
20211031T,2884.157697379589,2884.157697379589,2884.157697379589,2884.157697379589,0
20211101T,4907.899163722992,4907.899163722992,4907.899163722992,4907.899163722992,0
20211102T,7895.069565832615,7895.069565832615,7895.069565832615,7895.069565832615,0
20211103T,4428.914999306202,4428.914999306202,4428.914999306202,4428.914999306202,0
20211104T,3183.096647977829,3183.096647977829,3183.096647977829,3183.096647977829,0
20211105T,3174.6409843564034,3174.6409843564034,3174.6409843564034,3174.6409843564034,0
20211106T,2789.4546857476234,2789.4546857476234,2789.4546857476234,2789.4546857476234,0
20211107T,2724.217800796032,2724.217800796032,2724.217800796032,2724.217800796032,0
20211108T,4204.25680154562,4204.25680154562,4204.25680154562,4204.25680154562,0
20211109T,4432.707964479923,4432.707964479923,4432.707964479923,4432.707964479923,0
20211110T,5214.623123705387,5214.623123705387,5214.623123705387,5214.623123705387,0
20211111T,4364.98842561245,4364.98842561245,4364.98842561245,4364.98842561245,0
20211112T,5242.468431890011,5242.468431890011,5242.468431890011,5242.468431890011,0
20211113T,6306.053072094917,6306.053072094917,6306.053072094917,6306.053072094917,0
20211114T,5598.31406712532,5598.31406712532,5598.31406712532,5598.31406712532,0
20211115T,6848.292315125465,6848.292315125465,6848.292315125465,6848.292315125465,0
20211116T,8758.44332575798,8758.44332575798,8758.44332575798,8758.44332575798,0
20211117T,7660.470176637173,7660.470176637173,7660.470176637173,7660.470176637173,0
20211118T,4917.166797339916,4917.166797339916,4917.166797339916,4917.166797339916,0
20211119T,5522.629219174385,5522.629219174385,5522.629219174385,5522.629219174385,0
20211120T,6723.256289303303,6723.256289303303,6723.256289303303,6723.256289303303,0
20211121T,4763.965023696423,4763.965023696423,4763.965023696423,4763.965023696423,0
20211122T,7433.922148823738,7433.922148823738,7433.922148823738,7433.922148823738,0
20211123T,5761.555353879929,5761.555353879929,5761.555353879929,5761.555353879929,0
20211124T,5259.120208859444,5259.120208859444,5259.120208859444,5259.120208859444,0
20211125T,5177.671215176582,5177.671215176582,5177.671215176582,5177.671215176582,0
20211126T,4772.011162042618,4772.011162042618,4772.011162042618,4772.011162042618,0
20211127T,5300.348541498184,5300.348541498184,5300.348541498184,5300.348541498184,0
20211128T,4828.163944840431,4828.163944840431,4828.163944840431,4828.163944840431,0
20211129T,5830.138461530209,5830.138461530209,5830.138461530209,5830.138461530209,0
20211130T,9404.497396469116,9404.497396469116,9404.497396469116,9404.497396469116,0
20211201T,10432.131008684635,10432.131008684635,10432.131008684635,10432.131008684635,0
20211202T,8903.043784677982,8903.043784677982,8903.043784677982,8903.043784677982,0
20211203T,8087.637269735336,8087.637269735336,8087.637269735336,8087.637269735336,0
20211204T,8321.588750779629,8321.588750779629,8321.588750779629,8321.588750779629,0
20211205T,9640.94843775034,9640.94843775034,9640.94843775034,9640.94843775034,0
20211206T,6345.647407352924,6345.647407352924,6345.647407352924,6345.647407352924,0
20211207T,6182.33630168438,6182.33630168438,6182.33630168438,6182.33630168438,0
20211208T,6490.510824680328,6490.510824680328,6490.510824680328,6490.510824680328,0
20211209T,6010.758917272091,6010.758917272091,6010.758917272091,6010.758917272091,0
20211210T,6952.151134729385,6952.151134729385,6952.151134729385,6952.151134729385,0
20211211T,8439.5790964365,8439.5790964365,8439.5790964365,8439.5790964365,0
20211212T,5240.493410110474,5240.493410110474,5240.493410110474,5240.493410110474,0
20211213T,6824.869922935963,6824.869922935963,6824.869922935963,6824.869922935963,0
20211214T,7844.544616043568,7844.544616043568,7844.544616043568,7844.544616043568,0
20211215T,6491.920148611069,6491.920148611069,6491.920148611069,6491.920148611069,0
20211216T,5811.754046797752,5811.754046797752,5811.754046797752,5811.754046797752,0
20211217T,5927.5398533940315,5927.5398533940315,5927.5398533940315,5927.5398533940315,0
20211218T,4419.928231596947,4419.928231596947,4419.928231596947,4419.928231596947,0
20211219T,4471.944033801556,4471.944033801556,4471.944033801556,4471.944033801556,0
20211220T,5034.255398273468,5034.255398273468,5034.255398273468,5034.255398273468,0
20211221T,5651.008569955826,5651.008569955826,5651.008569955826,5651.008569955826,0
20211222T,5003.278440654278,5003.278440654278,5003.278440654278,5003.278440654278,0
20211223T,7395.91383600235,7395.91383600235,7395.91383600235,7395.91383600235,0
20211224T,4028.3553498387337,4028.3553498387337,4028.3553498387337,4028.3553498387337,0
20211225T,3721.2094846963882,3721.2094846963882,3721.2094846963882,3721.2094846963882,0
20211226T,4631.22466647625,4631.22466647625,4631.22466647625,4631.22466647625,0
20211227T,6336.065023839474,6336.065023839474,6336.065023839474,6336.065023839474,0
20211228T,4605.654934465885,4605.654934465885,4605.654934465885,4605.654934465885,0
20211229T,4165.119429826736,4165.119429826736,4165.119429826736,4165.119429826736,0
20211230T,4209.968433916569,4209.968433916569,4209.968433916569,4209.968433916569,0
20211231T,3523.6089148521423,3523.6089148521423,3523.6089148521423,3523.6089148521423,0
20220101T,5686.333674788475,5686.333674788475,5686.333674788475,5686.333674788475,0
20220102T,4283.6372374892235,4283.6372374892235,4283.6372374892235,4283.6372374892235,0
20220103T,5040.629511415958,5040.629511415958,5040.629511415958,5040.629511415958,0
20220104T,5282.287681400776,5282.287681400776,5282.287681400776,5282.287681400776,0
20220105T,6827.372255682945,6827.372255682945,6827.372255682945,6827.372255682945,0
20220106T,5034.130524337292,5034.130524337292,5034.130524337292,5034.130524337292,0
20220107T,5043.352573692799,5043.352573692799,5043.352573692799,5043.352573692799,0
20220108T,4089.2107038497925,4089.2107038497925,4089.2107038497925,4089.2107038497925,0
20220109T,3922.218606233597,3922.218606233597,3922.218606233597,3922.218606233597,0
20220110T,5603.40969067812,5603.40969067812,5603.40969067812,5603.40969067812,0
20220111T,4986.401741564274,4986.401741564274,4986.401741564274,4986.401741564274,0
20220112T,4458.90995901823,4458.90995901823,4458.90995901823,4458.90995901823,0
20220113T,4517.978861391544,4517.978861391544,4517.978861391544,4517.978861391544,0
20220114T,5231.621480643749,5231.621480643749,5231.621480643749,5231.621480643749,0
20220115T,6253.172633945942,6253.172633945942,6253.172633945942,6253.172633945942,0
20220116T,5403.158497810364,5403.158497810364,5403.158497810364,5403.158497810364,0
20220117T,6108.495779693127,6108.495779693127,6108.495779693127,6108.495779693127,0
20220118T,7984.685418307781,7984.685418307781,7984.685418307781,7984.685418307781,0
20220119T,6224.597789764404,6224.597789764404,6224.597789764404,6224.597789764404,0
20220120T,4954.495077908039,4954.495077908039,4954.495077908039,4954.495077908039,0
20220121T,6194.623131632805,6194.623131632805,6194.623131632805,6194.623131632805,0
20220122T,6224.390172898769,6224.390172898769,6224.390172898769,6224.390172898769,0
20220123T,5998.599601864815,5998.599601864815,5998.599601864815,5998.599601864815,0
20220124T,8784.957446575165,8784.957446575165,8784.957446575165,8784.957446575165,0
20220125T,6090.128274977207,6090.128274977207,6090.128274977207,6090.128274977207,0
20220126T,5838.335446715355,5838.335446715355,5838.335446715355,5838.335446715355,0
20220127T,5182.032343864441,5182.032343864441,5182.032343864441,5182.032343864441,0
20220128T,5885.924627959728,5885.924627959728,5885.924627959728,5885.924627959728,0
20220129T,4719.78312587738,4719.78312587738,4719.78312587738,4719.78312587738,0
20220130T,6094.013969898224,6094.013969898224,6094.013969898224,6094.013969898224,0
20220131T,5855.49975168705,5855.49975168705,5855.49975168705,5855.49975168705,0
20220201T,5925.649932920933,5925.649932920933,5925.649932920933,5925.649932920933,0
20220202T,5850.335599243641,5850.335599243641,5850.335599243641,5850.335599243641,0
20220203T,6019.245193243027,6019.245193243027,6019.245193243027,6019.245193243027,0
20220204T,7683.676216483116,7683.676216483116,7683.676216483116,7683.676216483116,0
20220205T,5853.359956920147,5853.359956920147,5853.359956920147,5853.359956920147,0
20220206T,6215.377264678478,6215.377264678478,6215.377264678478,6215.377264678478,0
20220207T,6779.356958210468,6779.356958210468,6779.356958210468,6779.356958210468,0
20220208T,7887.29988026619,7887.29988026619,7887.29988026619,7887.29988026619,0
20220209T,5929.848733723164,5929.848733723164,5929.848733723164,5929.848733723164,0
20220210T,7782.058230578899,7782.058230578899,7782.058230578899,7782.058230578899,0
20220211T,5489.7513328790665,5489.7513328790665,5489.7513328790665,5489.7513328790665,0
20220212T,6995.141373217106,6995.141373217106,6995.141373217106,6995.141373217106,0
20220213T,6506.770074248314,6506.770074248314,6506.770074248314,6506.770074248314,0
20220214T,4968.960993528366,4968.960993528366,4968.960993528366,4968.960993528366,0
20220215T,6336.576577603817,6336.576577603817,6336.576577603817,6336.576577603817,0
20220216T,5773.491729557514,5773.491729557514,5773.491729557514,5773.491729557514,0
20220217T,6015.2701642513275,6015.2701642513275,6015.2701642513275,6015.2701642513275,0
20220218T,5264.112412452698,5264.112412452698,5264.112412452698,5264.112412452698,0
20220219T,3780.352708399296,3780.352708399296,3780.352708399296,3780.352708399296,0
20220220T,4830.511821210384,4830.511821210384,4830.511821210384,4830.511821210384,0
20220221T,5758.647027015686,5758.647027015686,5758.647027015686,5758.647027015686,0
20220222T,5503.119843482971,5503.119843482971,5503.119843482971,5503.119843482971,0
20220223T,4935.516767382622,4935.516767382622,4935.516767382622,4935.516767382622,0
20220224T,4669.794806599617,4669.794806599617,4669.794806599617,4669.794806599617,0
20220225T,6603.176228404045,6603.176228404045,6603.176228404045,6603.176228404045,0
20220226T,4149.832924604416,4149.832924604416,4149.832924604416,4149.832924604416,0
20220227T,4294.0138392448425,4294.0138392448425,4294.0138392448425,4294.0138392448425,0
20220228T,7022.440771341324,7022.440771341324,7022.440771341324,7022.440771341324,0
20220301T,4884.288157522678,4884.288157522678,4884.288157522678,4884.288157522678,0
20220302T,3812.9064177274704,3812.9064177274704,3812.9064177274704,3812.9064177274704,0
20220303T,3947.420278131962,3947.420278131962,3947.420278131962,3947.420278131962,0
20220304T,4025.176158308983,4025.176158308983,4025.176158308983,4025.176158308983,0
20220305T,3811.4577893018723,3811.4577893018723,3811.4577893018723,3811.4577893018723,0
20220306T,4653.808397471905,4653.808397471905,4653.808397471905,4653.808397471905,0
20220307T,5061.256632089615,5061.256632089615,5061.256632089615,5061.256632089615,0
20220308T,5048.65678691864,5048.65678691864,5048.65678691864,5048.65678691864,0
20220309T,5876.513032138348,5876.513032138348,5876.513032138348,5876.513032138348,0
20220310T,5431.007002770901,5431.007002770901,5431.007002770901,5431.007002770901,0
20220311T,4920.322741627693,4920.322741627693,4920.322741627693,4920.322741627693,0
20220312T,5065.982277691364,5065.982277691364,5065.982277691364,5065.982277691364,0
20220313T,3824.172344148159,3824.172344148159,3824.172344148159,3824.172344148159,0
20220314T,5149.025626420975,5149.025626420975,5149.025626420975,5149.025626420975,0
20220315T,7678.797168493271,7678.797168493271,7678.797168493271,7678.797168493271,0
20220316T,6068.4759393930435,6068.4759393930435,6068.4759393930435,6068.4759393930435,0
20220317T,5471.371385931969,5471.371385931969,5471.371385931969,5471.371385931969,0
20220318T,5398.225036144257,5398.225036144257,5398.225036144257,5398.225036144257,0
20220319T,4399.225403249264,4399.225403249264,4399.225403249264,4399.225403249264,0
20220320T,5874.365014791489,5874.365014791489,5874.365014791489,5874.365014791489,0
20220321T,4929.3903440237045,4929.3903440237045,4929.3903440237045,4929.3903440237045,0
20220322T,4861.978240787983,4861.978240787983,4861.978240787983,4861.978240787983,0
20220323T,3417.1255593299866,3417.1255593299866,3417.1255593299866,3417.1255593299866,0
20220324T,3741.7605507969856,3741.7605507969856,3741.7605507969856,3741.7605507969856,0
20220325T,4064.821373283863,4064.821373283863,4064.821373283863,4064.821373283863,0
20220326T,6575.064757466316,6575.064757466316,6575.064757466316,6575.064757466316,0
20220327T,5746.536697387695,5746.536697387695,5746.536697387695,5746.536697387695,0
20220328T,6654.973673641682,6654.973673641682,6654.973673641682,6654.973673641682,0
20220329T,5042.911350607872,5042.911350607872,5042.911350607872,5042.911350607872,0
20220330T,4574.211594223976,4574.211594223976,4574.211594223976,4574.211594223976,0
20220331T,5270.396397650242,5270.396397650242,5270.396397650242,5270.396397650242,0
20220401T,3830.5453584194183,3830.5453584194183,3830.5453584194183,3830.5453584194183,0
20220402T,4249.822391867638,4249.822391867638,4249.822391867638,4249.822391867638,0
20220403T,4383.946827352047,4383.946827352047,4383.946827352047,4383.946827352047,0
20220404T,3780.0650168061256,3780.0650168061256,3780.0650168061256,3780.0650168061256,0
20220405T,4710.942203104496,4710.942203104496,4710.942203104496,4710.942203104496,0
20220406T,4772.527979791164,4772.527979791164,4772.527979791164,4772.527979791164,0
20220407T,5221.585990965366,5221.585990965366,5221.585990965366,5221.585990965366,0
20220408T,3954.242038488388,3954.242038488388,3954.242038488388,3954.242038488388,0
20220409T,4057.681037247181,4057.681037247181,4057.681037247181,4057.681037247181,0
20220410T,4605.400504827499,4605.400504827499,4605.400504827499,4605.400504827499,0
20220411T,4957.236723899841,4957.236723899841,4957.236723899841,4957.236723899841,0
20220412T,5038.545083999634,5038.545083999634,5038.545083999634,5038.545083999634,0
20220413T,4856.462990224361,4856.462990224361,4856.462990224361,4856.462990224361,0
20220414T,4745.389097571373,4745.389097571373,4745.389097571373,4745.389097571373,0
20220415T,3647.189138174057,3647.189138174057,3647.189138174057,3647.189138174057,0
20220416T,4331.090403616428,4331.090403616428,4331.090403616428,4331.090403616428,0
20220417T,4499.213628590107,4499.213628590107,4499.213628590107,4499.213628590107,0
20220418T,5186.965232312679,5186.965232312679,5186.965232312679,5186.965232312679,0
20220419T,6205.6414632201195,6205.6414632201195,6205.6414632201195,6205.6414632201195,0
20220420T,7783.578234612942,7783.578234612942,7783.578234612942,7783.578234612942,0
20220421T,8948.167152106762,8948.167152106762,8948.167152106762,8948.167152106762,0
20220422T,6257.687840640545,6257.687840640545,6257.687840640545,6257.687840640545,0
20220423T,5694.727070629597,5694.727070629597,5694.727070629597,5694.727070629597,0
20220424T,5216.403439998627,5216.403439998627,5216.403439998627,5216.403439998627,0
20220425T,5679.642004728317,5679.642004728317,5679.642004728317,5679.642004728317,0
20220426T,5638.549298942089,5638.549298942089,5638.549298942089,5638.549298942089,0
20220427T,5735.466028571129,5735.466028571129,5735.466028571129,5735.466028571129,0
20220428T,5389.26539093256,5389.26539093256,5389.26539093256,5389.26539093256,0
20220429T,5016.451910495758,5016.451910495758,5016.451910495758,5016.451910495758,0
20220430T,4927.438311696053,4927.438311696053,4927.438311696053,4927.438311696053,0
20220501T,10566.923119673796,10566.923119673796,10566.923119673796,10566.923119673796,0
20220502T,9296.593098324724,9296.593098324724,9296.593098324724,9296.593098324724,0
20220503T,9256.849114040582,9256.849114040582,9256.849114040582,9256.849114040582,0
20220504T,9771.239233045897,9771.239233045897,9771.239233045897,9771.239233045897,0
20220505T,10162.753142687026,10162.753142687026,10162.753142687026,10162.753142687026,0
20220506T,8147.545889058383,8147.545889058383,8147.545889058383,8147.545889058383,0
20220507T,6905.283961289097,6905.283961289097,6905.283961289097,6905.283961289097,0
20220508T,6590.783023945522,6590.783023945522,6590.783023945522,6590.783023945522,0
20220509T,11133.672242402565,11133.672242402565,11133.672242402565,11133.672242402565,0
20220510T,11228.169515962942,11228.169515962942,11228.169515962942,11228.169515962942,0
20220511T,12565.786513150262,12565.786513150262,12565.786513150262,12565.786513150262,0
20220512T,11855.954945985228,11855.954945985228,11855.954945985228,11855.954945985228,0
20220513T,9216.265172013576,9216.265172013576,9216.265172013576,9216.265172013576,0
20220514T,7115.357853651978,7115.357853651978,7115.357853651978,7115.357853651978,0
20220515T,6987.561428005341,6987.561428005341,6987.561428005341,6987.561428005341,0
20220516T,8631.79000580532,8631.79000580532,8631.79000580532,8631.79000580532,0
20220517T,8319.717483599554,8319.717483599554,8319.717483599554,8319.717483599554,0
20220518T,7752.7944692050805,7752.7944692050805,7752.7944692050805,7752.7944692050805,0
20220519T,8144.681417363958,8144.681417363958,8144.681417363958,8144.681417363958,0
20220520T,7244.646154657363,7244.646154657363,7244.646154657363,7244.646154657363,0
20220521T,6157.224296674132,6157.224296674132,6157.224296674132,6157.224296674132,0
20220522T,6646.14022021112,6646.14022021112,6646.14022021112,6646.14022021112,0
20220523T,7610.047107436811,7610.047107436811,7610.047107436811,7610.047107436811,0
20220524T,8139.423364625063,8139.423364625063,8139.423364625063,8139.423364625063,0
20220525T,6835.617167160126,6835.617167160126,6835.617167160126,6835.617167160126,0
20220526T,7961.850725597702,7961.850725597702,7961.850725597702,7961.850725597702,0
20220527T,8860.519506760014,8860.519506760014,8860.519506760014,8860.519506760014,0
20220528T,6734.451139802812,6734.451139802812,6734.451139802812,6734.451139802812,0
20220529T,5735.382465658244,5735.382465658244,5735.382465658244,5735.382465658244,0
20220530T,7016.998435912188,7016.998435912188,7016.998435912188,7016.998435912188,0
20220531T,6480.927661770314,6480.927661770314,6480.927661770314,6480.927661770314,0
20220601T,5874.47266240418,5874.47266240418,5874.47266240418,5874.47266240418,0
20220602T,6051.660100076813,6051.660100076813,6051.660100076813,6051.660100076813,0
20220603T,5983.502667886365,5983.502667886365,5983.502667886365,5983.502667886365,0
20220604T,5346.906485885847,5346.906485885847,5346.906485885847,5346.906485885847,0
20220605T,5229.328336349703,5229.328336349703,5229.328336349703,5229.328336349703,0
20220606T,5788.525400565937,5788.525400565937,5788.525400565937,5788.525400565937,0
20220607T,5812.786173506698,5812.786173506698,5812.786173506698,5812.786173506698,0
20220608T,5590.256002332186,5590.256002332186,5590.256002332186,5590.256002332186,0
20220609T,5004.826370551251,5004.826370551251,5004.826370551251,5004.826370551251,0
20220610T,5339.2843713796465,5339.2843713796465,5339.2843713796465,5339.2843713796465,0
20220611T,5400.321609940525,5400.321609940525,5400.321609940525,5400.321609940525,0
20220612T,5689.459442163134,5689.459442163134,5689.459442163134,5689.459442163134,0
20220613T,10406.28125393216,10406.28125393216,10406.28125393216,10406.28125393216,0
20220614T,9623.510423129657,9623.510423129657,9623.510423129657,9623.510423129657,0
20220615T,10545.655197587053,10545.655197587053,10545.655197587053,10545.655197587053,0
20220616T,7596.12279276512,7596.12279276512,7596.12279276512,7596.12279276512,0
20220617T,6874.733969258843,6874.733969258843,6874.733969258843,6874.733969258843,0
20220618T,11461.667582820184,11461.667582820184,11461.667582820184,11461.667582820184,0
20220619T,9611.88458841131,9611.88458841131,9611.88458841131,9611.88458841131,0
20220620T,8885.529608250872,8885.529608250872,8885.529608250872,8885.529608250872,0
20220621T,8296.165605438873,8296.165605438873,8296.165605438873,8296.165605438873,0
20220622T,8779.145732611883,8779.145732611883,8779.145732611883,8779.145732611883,0
20220623T,7054.359570793109,7054.359570793109,7054.359570793109,7054.359570793109,0
20220624T,6699.986972990504,6699.986972990504,6699.986972990504,6699.986972990504,0
20220625T,4898.822629436851,4898.822629436851,4898.822629436851,4898.822629436851,0
20220626T,4931.218983869068,4931.218983869068,4931.218983869068,4931.218983869068,0
20220627T,5679.868928801152,5679.868928801152,5679.868928801152,5679.868928801152,0
20220628T,5887.328531037143,5887.328531037143,5887.328531037143,5887.328531037143,0
20220629T,6420.595626980532,6420.595626980532,6420.595626980532,6420.595626980532,0
20220630T,6746.329246529378,6746.329246529378,6746.329246529378,6746.329246529378,0
20220701T,7029.468587939424,7029.468587939424,7029.468587939424,7029.468587939424,0
20220702T,5715.817678789841,5715.817678789841,5715.817678789841,5715.817678789841,0
20220703T,5027.792518076032,5027.792518076032,5027.792518076032,5027.792518076032,0
20220704T,5364.7394012196455,5364.7394012196455,5364.7394012196455,5364.7394012196455,0
20220705T,5117.456167086028,5117.456167086028,5117.456167086028,5117.456167086028,0
20220706T,5356.5493291850435,5356.5493291850435,5356.5493291850435,5356.5493291850435,0
20220707T,5276.826765673701,5276.826765673701,5276.826765673701,5276.826765673701,0
20220708T,9802.593376494246,9802.593376494246,9802.593376494246,9802.593376494246,0
20220709T,16271.515652872476,16271.515652872476,16271.515652872476,16271.515652872476,0
20220710T,19160.959867139813,19160.959867139813,19160.959867139813,19160.959867139813,0
20220711T,21308.91369697143,21308.91369697143,21308.91369697143,21308.91369697143,0
20220712T,10213.0548640606,10213.0548640606,10213.0548640606,10213.0548640606,0
20220713T,9038.585072906688,9038.585072906688,9038.585072906688,9038.585072906688,0
20220714T,7899.099738192628,7899.099738192628,7899.099738192628,7899.099738192628,0
20220715T,7251.912121294532,7251.912121294532,7251.912121294532,7251.912121294532,0
20220716T,6076.131634381629,6076.131634381629,6076.131634381629,6076.131634381629,0
20220717T,5435.8110143201775,5435.8110143201775,5435.8110143201775,5435.8110143201775,0
20220718T,8810.726595124579,8810.726595124579,8810.726595124579,8810.726595124579,0
20220719T,9498.515654060408,9498.515654060408,9498.515654060408,9498.515654060408,0
20220720T,8388.334513663722,8388.334513663722,8388.334513663722,8388.334513663722,0
20220721T,8986.108254183608,8986.108254183608,8986.108254183608,8986.108254183608,0
20220722T,7226.929910242325,7226.929910242325,7226.929910242325,7226.929910242325,0
20220723T,7059.933818660225,7059.933818660225,7059.933818660225,7059.933818660225,0
20220724T,5588.480493457639,5588.480493457639,5588.480493457639,5588.480493457639,0
20220725T,7165.681706413627,7165.681706413627,7165.681706413627,7165.681706413627,0
20220726T,6505.1174925640225,6505.1174925640225,6505.1174925640225,6505.1174925640225,0
20220727T,7911.445163050666,7911.445163050666,7911.445163050666,7911.445163050666,0
20220728T,10546.26159692611,10546.26159692611,10546.26159692611,10546.26159692611,0
20220729T,9563.53900026274,9563.53900026274,9563.53900026274,9563.53900026274,0
20220730T,8165.654902777867,8165.654902777867,8165.654902777867,8165.654902777867,0
20220731T,5188.223865361026,5188.223865361026,5188.223865361026,5188.223865361026,0
20220801T,8345.300396111328,8345.300396111328,8345.300396111328,8345.300396111328,0
20220802T,7703.3712019424565,7703.3712019424565,7703.3712019424565,7703.3712019424565,0
20220803T,6328.478886697005,6328.478886697005,6328.478886697005,6328.478886697005,0
20220804T,4856.270296372008,4856.270296372008,4856.270296372008,4856.270296372008,0
20220805T,6062.68467645254,6062.68467645254,6062.68467645254,6062.68467645254,0
20220806T,5348.337755390094,5348.337755390094,5348.337755390094,5348.337755390094,0
20220807T,4998.978241205215,4998.978241205215,4998.978241205215,4998.978241205215,0
20220808T,6582.7809523084725,6582.7809523084725,6582.7809523084725,6582.7809523084725,0
20220809T,4808.633706075605,4808.633706075605,4808.633706075605,4808.633706075605,0
20220810T,7453.964636221586,7453.964636221586,7453.964636221586,7453.964636221586,0
20220811T,7863.976929426193,7863.976929426193,7863.976929426193,7863.976929426193,0
20220812T,7898.314139047172,7898.314139047172,7898.314139047172,7898.314139047172,0
20220813T,4447.847380276769,4447.847380276769,4447.847380276769,4447.847380276769,0
20220814T,4629.8909675114555,4629.8909675114555,4629.8909675114555,4629.8909675114555,0
20220815T,5314.135719331447,5314.135719331447,5314.135719331447,5314.135719331447,0
20220816T,4541.525810426334,4541.525810426334,4541.525810426334,4541.525810426334,0
20220817T,7341.8483096746495,7341.8483096746495,7341.8483096746495,7341.8483096746495,0
20220818T,5160.34287305153,5160.34287305153,5160.34287305153,5160.34287305153,0
20220819T,6960.123071217211,6960.123071217211,6960.123071217211,6960.123071217211,0
20220820T,7989.303631589748,7989.303631589748,7989.303631589748,7989.303631589748,0
20220821T,7182.785931765102,7182.785931765102,7182.785931765102,7182.785931765102,0
20220822T,5321.89389082494,5321.89389082494,5321.89389082494,5321.89389082494,0
20220823T,8888.785464157816,8888.785464157816,8888.785464157816,8888.785464157816,0
20220824T,9139.232794493437,9139.232794493437,9139.232794493437,9139.232794493437,0
20220825T,5692.442258827388,5692.442258827388,5692.442258827388,5692.442258827388,0
20220826T,7816.651041848876,7816.651041848876,7816.651041848876,7816.651041848876,0
20220827T,5832.047899069192,5832.047899069192,5832.047899069192,5832.047899069192,0
20220828T,4675.3034289507195,4675.3034289507195,4675.3034289507195,4675.3034289507195,0
20220829T,9845.413097877987,9845.413097877987,9845.413097877987,9845.413097877987,0
20220830T,8221.408240674064,8221.408240674064,8221.408240674064,8221.408240674064,0
20220831T,5551.495732701616,5551.495732701616,5551.495732701616,5551.495732701616,0
20220901T,6577.842951343977,6577.842951343977,6577.842951343977,6577.842951343977,0
20220902T,7419.791157154366,7419.791157154366,7419.791157154366,7419.791157154366,0
20220903T,5776.323423825146,5776.323423825146,5776.323423825146,5776.323423825146,0
20220904T,5044.125236777225,5044.125236777225,5044.125236777225,5044.125236777225,0
20220905T,5546.909213125007,5546.909213125007,5546.909213125007,5546.909213125007,0
20220906T,10630.915602339024,10630.915602339024,10630.915602339024,10630.915602339024,0
20220907T,10574.708792951598,10574.708792951598,10574.708792951598,10574.708792951598,0
20220908T,8650.021987966582,8650.021987966582,8650.021987966582,8650.021987966582,0
20220909T,6621.197082573315,6621.197082573315,6621.197082573315,6621.197082573315,0
20220910T,5468.827181137167,5468.827181137167,5468.827181137167,5468.827181137167,0
20220911T,4255.75214143109,4255.75214143109,4255.75214143109,4255.75214143109,0
20220912T,5296.604875396006,5296.604875396006,5296.604875396006,5296.604875396006,0
20220913T,7127.074299152708,7127.074299152708,7127.074299152708,7127.074299152708,0
20220914T,8741.655761848262,8741.655761848262,8741.655761848262,8741.655761848262,0
20220915T,7104.647716022262,7104.647716022262,7104.647716022262,7104.647716022262,0
20220916T,5070.928129615262,5070.928129615262,5070.928129615262,5070.928129615262,0
20220917T,4279.863860138808,4279.863860138808,4279.863860138808,4279.863860138808,0
20220918T,4130.519674465992,4130.519674465992,4130.519674465992,4130.519674465992,0
20220919T,6033.460723598968,6033.460723598968,6033.460723598968,6033.460723598968,0
20220920T,12144.82062338831,12144.82062338831,12144.82062338831,12144.82062338831,0
20220921T,8630.160881445845,8630.160881445845,8630.160881445845,8630.160881445845,0
20220922T,7218.535328783328,7218.535328783328,7218.535328783328,7218.535328783328,0
20220923T,6813.942497431301,6813.942497431301,6813.942497431301,6813.942497431301,0
20220924T,4874.6839269440825,4874.6839269440825,4874.6839269440825,4874.6839269440825,0
20220925T,4725.072163866833,4725.072163866833,4725.072163866833,4725.072163866833,0
20220926T,7094.203225613921,7094.203225613921,7094.203225613921,7094.203225613921,0
20220927T,9184.34267621534,9184.34267621534,9184.34267621534,9184.34267621534,0
20220928T,9248.2728987796,9248.2728987796,9248.2728987796,9248.2728987796,0
20220929T,7790.926362444414,7790.926362444414,7790.926362444414,7790.926362444414,0
20220930T,8663.981309469556,8663.981309469556,8663.981309469556,8663.981309469556,0
20221001T,4864.411126105115,4864.411126105115,4864.411126105115,4864.411126105115,0
20221002T,5390.009725429583,5390.009725429583,5390.009725429583,5390.009725429583,0
20221003T,8872.788016600243,8872.788016600243,8872.788016600243,8872.788016600243,0
20221004T,9660.998349168338,9660.998349168338,9660.998349168338,9660.998349168338,0
20221005T,8535.918955581641,8535.918955581641,8535.918955581641,8535.918955581641,0
20221006T,6882.219473262783,6882.219473262783,6882.219473262783,6882.219473262783,0
20221007T,10541.683774788311,10541.683774788311,10541.683774788311,10541.683774788311,0
20221008T,7772.661021086897,7772.661021086897,7772.661021086897,7772.661021086897,0
20221009T,3574.076914768666,3574.076914768666,3574.076914768666,3574.076914768666,0
20221010T,4619.5141736886,4619.5141736886,4619.5141736886,4619.5141736886,0
20221011T,5224.799054965959,5224.799054965959,5224.799054965959,5224.799054965959,0
20221012T,4968.201512662694,4968.201512662694,4968.201512662694,4968.201512662694,0
20221013T,8472.189556054771,8472.189556054771,8472.189556054771,8472.189556054771,0
20221014T,7654.523754430062,7654.523754430062,7654.523754430062,7654.523754430062,0
20221015T,5374.323583538644,5374.323583538644,5374.323583538644,5374.323583538644,0
20221016T,7422.0455133244395,7422.0455133244395,7422.0455133244395,7422.0455133244395,0
20221017T,6979.215578979347,6979.215578979347,6979.215578979347,6979.215578979347,0
20221018T,4687.5328931666445,4687.5328931666445,4687.5328931666445,4687.5328931666445,0
20221019T,5571.276249262184,5571.276249262184,5571.276249262184,5571.276249262184,0
20221020T,4858.998221553164,4858.998221553164,4858.998221553164,4858.998221553164,0
20221021T,8157.393707224401,8157.393707224401,8157.393707224401,8157.393707224401,0
20221022T,9294.557363234926,9294.557363234926,9294.557363234926,9294.557363234926,0
20221023T,5494.49185031082,5494.49185031082,5494.49185031082,5494.49185031082,0
20221024T,5210.733495051125,5210.733495051125,5210.733495051125,5210.733495051125,0
20221025T,10479.319395501414,10479.319395501414,10479.319395501414,10479.319395501414,0
20221026T,8541.89509659994,8541.89509659994,8541.89509659994,8541.89509659994,0
20221027T,4938.02032144017,4938.02032144017,4938.02032144017,4938.02032144017,0
20221028T,8435.45815305665,8435.45815305665,8435.45815305665,8435.45815305665,0
20221029T,7401.989118346479,7401.989118346479,7401.989118346479,7401.989118346479,0
20221030T,5516.810822783664,5516.810822783664,5516.810822783664,5516.810822783664,0
20221031T,5658.232090127956,5658.232090127956,5658.232090127956,5658.232090127956,0
20221101T,5612.958335198928,5612.958335198928,5612.958335198928,5612.958335198928,0
20221102T,4999.66975123249,4999.66975123249,4999.66975123249,4999.66975123249,0
20221103T,5373.170518660685,5373.170518660685,5373.170518660685,5373.170518660685,0
20221104T,5093.6326493700035,5093.6326493700035,5093.6326493700035,5093.6326493700035,0
20221105T,4315.048299165035,4315.048299165035,4315.048299165035,4315.048299165035,0
20221106T,4218.707889511716,4218.707889511716,4218.707889511716,4218.707889511716,0
20221107T,5186.000479038339,5186.000479038339,5186.000479038339,5186.000479038339,0
20221108T,6718.340811291011,6718.340811291011,6718.340811291011,6718.340811291011,0
20221109T,9169.051622963045,9169.051622963045,9169.051622963045,9169.051622963045,0
20221110T,8680.39550751765,8680.39550751765,8680.39550751765,8680.39550751765,0
20221111T,6886.379695114389,6886.379695114389,6886.379695114389,6886.379695114389,0
20221112T,6850.572337006801,6850.572337006801,6850.572337006801,6850.572337006801,0
20221113T,6980.469694604748,6980.469694604748,6980.469694604748,6980.469694604748,0
20221114T,8254.118221458266,8254.118221458266,8254.118221458266,8254.118221458266,0
20221115T,6444.324038743927,6444.324038743927,6444.324038743927,6444.324038743927,0
20221116T,5933.3904982581735,5933.3904982581735,5933.3904982581735,5933.3904982581735,0
20221117T,10130.790911279386,10130.790911279386,10130.790911279386,10130.790911279386,0
20221118T,7750.575967127457,7750.575967127457,7750.575967127457,7750.575967127457,0
20221119T,5265.63010559883,5265.63010559883,5265.63010559883,5265.63010559883,0
20221120T,5690.493454355048,5690.493454355048,5690.493454355048,5690.493454355048,0
20221121T,7847.8390861171065,7847.8390861171065,7847.8390861171065,7847.8390861171065,0
20221122T,6496.378909502528,6496.378909502528,6496.378909502528,6496.378909502528,0
20221123T,5855.995437579113,5855.995437579113,5855.995437579113,5855.995437579113,0
20221124T,5609.0934290773,5609.0934290773,5609.0934290773,5609.0934290773,0
20221125T,5856.2405761537375,5856.2405761537375,5856.2405761537375,5856.2405761537375,0
20221126T,5041.4126089036,5041.4126089036,5041.4126089036,5041.4126089036,0
20221127T,5021.423251503613,5021.423251503613,5021.423251503613,5021.423251503613,0
20221128T,7289.583331042595,7289.583331042595,7289.583331042595,7289.583331042595,0
20221129T,6389.297674296307,6389.297674296307,6389.297674296307,6389.297674296307,0
20221130T,7402.1360086286,7402.1360086286,7402.1360086286,7402.1360086286,0
20221201T,6285.8271446101135,6285.8271446101135,6285.8271446101135,6285.8271446101135,0
20221202T,4900.3031912881415,4900.3031912881415,4900.3031912881415,4900.3031912881415,0
20221203T,4464.586550431792,4464.586550431792,4464.586550431792,4464.586550431792,0
20221204T,3882.637508033178,3882.637508033178,3882.637508033178,3882.637508033178,0
20221205T,4343.846259386046,4343.846259386046,4343.846259386046,4343.846259386046,0
20221206T,4558.450937552494,4558.450937552494,4558.450937552494,4558.450937552494,0
20221207T,4795.225588471396,4795.225588471396,4795.225588471396,4795.225588471396,0
20221208T,4434.17312505492,4434.17312505492,4434.17312505492,4434.17312505492,0
20221209T,4268.352388755768,4268.352388755768,4268.352388755768,4268.352388755768,0
20221210T,4020.0152637162246,4020.0152637162246,4020.0152637162246,4020.0152637162246,0
20221211T,4991.358047136106,4991.358047136106,4991.358047136106,4991.358047136106,0
20221212T,6703.586075423751,6703.586075423751,6703.586075423751,6703.586075423751,0
20221213T,9073.19467015192,9073.19467015192,9073.19467015192,9073.19467015192,0
20221214T,8402.683560470352,8402.683560470352,8402.683560470352,8402.683560470352,0
20221215T,6094.681921551237,6094.681921551237,6094.681921551237,6094.681921551237,0
20221216T,6977.823084393283,6977.823084393283,6977.823084393283,6977.823084393283,0
20221217T,6969.669150686503,6969.669150686503,6969.669150686503,6969.669150686503,0
20221218T,4604.801247904077,4604.801247904077,4604.801247904077,4604.801247904077,0
20221219T,5907.657864170382,5907.657864170382,5907.657864170382,5907.657864170382,0
20221220T,5678.22689080704,5678.22689080704,5678.22689080704,5678.22689080704,0
20221221T,6101.788099631376,6101.788099631376,6101.788099631376,6101.788099631376,0
20221222T,6323.294221271877,6323.294221271877,6323.294221271877,6323.294221271877,0
20221223T,5880.872086880525,5880.872086880525,5880.872086880525,5880.872086880525,0
20221224T,4020.895896206872,4020.895896206872,4020.895896206872,4020.895896206872,0
20221225T,3775.5163620556705,3775.5163620556705,3775.5163620556705,3775.5163620556705,0
20221226T,5165.475930791581,5165.475930791581,5165.475930791581,5165.475930791581,0
20221227T,3401.4680802652147,3401.4680802652147,3401.4680802652147,3401.4680802652147,0
20221228T,6975.905861062463,6975.905861062463,6975.905861062463,6975.905861062463,0
20221229T,5910.656362709589,5910.656362709589,5910.656362709589,5910.656362709589,0
20221230T,6013.310908375453,6013.310908375453,6013.310908375453,6013.310908375453,0
20221231T,4713.419990184484,4713.419990184484,4713.419990184484,4713.419990184484,0
20230101T,4203.709590830345,4203.709590830345,4203.709590830345,4203.709590830345,0
20230102T,5826.080095292651,5826.080095292651,5826.080095292651,5826.080095292651,0
20230103T,7947.448128223652,7947.448128223652,7947.448128223652,7947.448128223652,0
20230104T,5875.6373940538615,5875.6373940538615,5875.6373940538615,5875.6373940538615,0
20230105T,5251.417068035109,5251.417068035109,5251.417068035109,5251.417068035109,0
20230106T,4733.139505159488,4733.139505159488,4733.139505159488,4733.139505159488,0
20230107T,4528.817294219276,4528.817294219276,4528.817294219276,4528.817294219276,0
20230108T,4656.451937525795,4656.451937525795,4656.451937525795,4656.451937525795,0
20230109T,6273.508675297544,6273.508675297544,6273.508675297544,6273.508675297544,0
20230110T,4923.061062515902,4923.061062515902,4923.061062515902,4923.061062515902,0
20230111T,5473.366138638798,5473.366138638798,5473.366138638798,5473.366138638798,0
20230112T,6784.743052845137,6784.743052845137,6784.743052845137,6784.743052845137,0
20230113T,8027.0452347135,8027.0452347135,8027.0452347135,8027.0452347135,0
20230114T,10291.82016986073,10291.82016986073,10291.82016986073,10291.82016986073,0
20230115T,5709.277391882031,5709.277391882031,5709.277391882031,5709.277391882031,0
20230116T,7051.9064884088,7051.9064884088,7051.9064884088,7051.9064884088,0
20230117T,7760.437981945113,7760.437981945113,7760.437981945113,7760.437981945113,0
20230118T,7262.332752721268,7262.332752721268,7262.332752721268,7262.332752721268,0
20230119T,6620.216334473924,6620.216334473924,6620.216334473924,6620.216334473924,0
20230120T,7085.2167460618075,7085.2167460618075,7085.2167460618075,7085.2167460618075,0
20230121T,7528.492042360056,7528.492042360056,7528.492042360056,7528.492042360056,0
20230122T,5399.314901298843,5399.314901298843,5399.314901298843,5399.314901298843,0
20230123T,8967.97858620924,8967.97858620924,8967.97858620924,8967.97858620924,0
20230124T,6780.401312604314,6780.401312604314,6780.401312604314,6780.401312604314,0
20230125T,5793.041527849025,5793.041527849025,5793.041527849025,5793.041527849025,0
20230126T,6191.290621930151,6191.290621930151,6191.290621930151,6191.290621930151,0
20230127T,5830.909075481992,5830.909075481992,5830.909075481992,5830.909075481992,0
20230128T,4424.659541125206,4424.659541125206,4424.659541125206,4424.659541125206,0
20230129T,5394.208476730157,5394.208476730157,5394.208476730157,5394.208476730157,0
20230130T,6365.066279504914,6365.066279504914,6365.066279504914,6365.066279504914,0
20230131T,6808.895199895371,6808.895199895371,6808.895199895371,6808.895199895371,0
20230201T,7005.967014048481,7005.967014048481,7005.967014048481,7005.967014048481,0
20230202T,6798.210960139535,6798.210960139535,6798.210960139535,6798.210960139535,0
20230203T,6313.201027303934,6313.201027303934,6313.201027303934,6313.201027303934,0
20230204T,4867.413294324593,4867.413294324593,4867.413294324593,4867.413294324593,0
20230205T,5801.098329527886,5801.098329527886,5801.098329527886,5801.098329527886,0
20230206T,5804.935546335124,5804.935546335124,5804.935546335124,5804.935546335124,0
20230207T,5972.314293116948,5972.314293116948,5972.314293116948,5972.314293116948,0
