20200505T,160.96589940786362,160.96589940786362,160.96589940786362,160.96589940786362,0
20200506T,255.20349431037903,255.20349431037903,255.20349431037903,255.20349431037903,0
20200507T,327.8521919250488,327.8521919250488,327.8521919250488,327.8521919250488,0
20200508T,245.93077528476715,245.93077528476715,245.93077528476715,245.93077528476715,0
20200509T,214.2315428853035,214.2315428853035,214.2315428853035,214.2315428853035,0
20200510T,453.3862560391426,453.3862560391426,453.3862560391426,453.3862560391426,0
20200511T,236.84961020946503,236.84961020946503,236.84961020946503,236.84961020946503,0
20200512T,172.9623721241951,172.9623721241951,172.9623721241951,172.9623721241951,0
20200513T,236.3331908583641,236.3331908583641,236.3331908583641,236.3331908583641,0
20200514T,318.39616042375565,318.39616042375565,318.39616042375565,318.39616042375565,0
20200515T,302.274342417717,302.274342417717,302.274342417717,302.274342417717,0
20200516T,196.17437434196472,196.17437434196472,196.17437434196472,196.17437434196472,0
20200517T,191.39923292398453,191.39923292398453,191.39923292398453,191.39923292398453,0
20200518T,304.38753724098206,304.38753724098206,304.38753724098206,304.38753724098206,0
20200519T,186.5309197306633,186.5309197306633,186.5309197306633,186.5309197306633,0
20200520T,296.5148337483406,296.5148337483406,296.5148337483406,296.5148337483406,0
20200521T,276.66105341911316,276.66105341911316,276.66105341911316,276.66105341911316,0
20200522T,206.0562219619751,206.0562219619751,206.0562219619751,206.0562219619751,0
20200523T,177.3069293498993,177.3069293498993,177.3069293498993,177.3069293498993,0
20200524T,216.66571933031082,216.66571933031082,216.66571933031082,216.66571933031082,0
20200525T,154.6691699028015,154.6691699028015,154.6691699028015,154.6691699028015,0
20200526T,191.44766569137573,191.44766569137573,191.44766569137573,191.44766569137573,0
20200527T,173.57678991556168,173.57678991556168,173.57678991556168,173.57678991556168,0
20200528T,212.2333680987358,212.2333680987358,212.2333680987358,212.2333680987358,0
20200529T,192.39774370193481,192.39774370193481,192.39774370193481,192.39774370193481,0
20200530T,407.50460278987885,407.50460278987885,407.50460278987885,407.50460278987885,0
20200531T,252.01433157920837,252.01433157920837,252.01433157920837,252.01433157920837,0
20200601T,240.45884066820145,240.45884066820145,240.45884066820145,240.45884066820145,0
20200602T,288.29823112487793,288.29823112487793,288.29823112487793,288.29823112487793,0
20200603T,188.3342928290367,188.3342928290367,188.3342928290367,188.3342928290367,0
20200604T,243.2781287431717,243.2781287431717,243.2781287431717,243.2781287431717,0
20200605T,167.91204261779785,167.91204261779785,167.91204261779785,167.91204261779785,0
20200606T,136.50314110517502,136.50314110517502,136.50314110517502,136.50314110517502,0
20200607T,168.32767802476883,168.32767802476883,168.32767802476883,168.32767802476883,0
20200608T,183.5659602880478,183.5659602880478,183.5659602880478,183.5659602880478,0
20200609T,189.7660516500473,189.7660516500473,189.7660516500473,189.7660516500473,0
20200610T,229.57102739810944,229.57102739810944,229.57102739810944,229.57102739810944,0
20200611T,305.02378326654434,305.02378326654434,305.02378326654434,305.02378326654434,0
20200612T,223.8055743575096,223.8055743575096,223.8055743575096,223.8055743575096,0
20200613T,146.73548352718353,146.73548352718353,146.73548352718353,146.73548352718353,0
20200614T,182.72239887714386,182.72239887714386,182.72239887714386,182.72239887714386,0
20200615T,281.54483366012573,281.54483366012573,281.54483366012573,281.54483366012573,0
20200616T,177.7162533402443,177.7162533402443,177.7162533402443,177.7162533402443,0
20200617T,187.26116222143173,187.26116222143173,187.26116222143173,187.26116222143173,0
20200618T,166.5742591023445,166.5742591023445,166.5742591023445,166.5742591023445,0
20200619T,160.5938789844513,160.5938789844513,160.5938789844513,160.5938789844513,0
20200620T,128.90283983945847,128.90283983945847,128.90283983945847,128.90283983945847,0
20200621T,132.02167797088623,132.02167797088623,132.02167797088623,132.02167797088623,0
20200622T,287.2100131511688,287.2100131511688,287.2100131511688,287.2100131511688,0
20200623T,155.12676745653152,155.12676745653152,155.12676745653152,155.12676745653152,0
20200624T,335.3728885650635,335.3728885650635,335.3728885650635,335.3728885650635,0
20200625T,209.33580952882767,209.33580952882767,209.33580952882767,209.33580952882767,0
20200626T,159.25587916374207,159.25587916374207,159.25587916374207,159.25587916374207,0
20200627T,250.8147280216217,250.8147280216217,250.8147280216217,250.8147280216217,0
20200628T,149.1224592924118,149.1224592924118,149.1224592924118,149.1224592924118,0
20200629T,213.84714311361313,213.84714311361313,213.84714311361313,213.84714311361313,0
20200630T,189.07108938694,189.07108938694,189.07108938694,189.07108938694,0
20200701T,177.92918825149536,177.92918825149536,177.92918825149536,177.92918825149536,0
20200702T,196.63925862312317,196.63925862312317,196.63925862312317,196.63925862312317,0
20200703T,162.9217285513878,162.9217285513878,162.9217285513878,162.9217285513878,0
20200704T,120.48221772909164,120.48221772909164,120.48221772909164,120.48221772909164,0
20200705T,133.10336381196976,133.10336381196976,133.10336381196976,133.10336381196976,0
20200706T,208.9483381509781,208.9483381509781,208.9483381509781,208.9483381509781,0
20200707T,245.2946419119835,245.2946419119835,245.2946419119835,245.2946419119835,0
20200708T,351.66867077350616,351.66867077350616,351.66867077350616,351.66867077350616,0
20200709T,264.14385640621185,264.14385640621185,264.14385640621185,264.14385640621185,0
20200710T,236.4232372045517,236.4232372045517,236.4232372045517,236.4232372045517,0
20200711T,180.83039581775665,180.83039581775665,180.83039581775665,180.83039581775665,0
20200712T,224.0808499455452,224.0808499455452,224.0808499455452,224.0808499455452,0
20200713T,205.36874049901962,205.36874049901962,205.36874049901962,205.36874049901962,0
20200714T,194.79484701156616,194.79484701156616,194.79484701156616,194.79484701156616,0
20200715T,224.5029165148735,224.5029165148735,224.5029165148735,224.5029165148735,0
20200716T,272.8621937632561,272.8621937632561,272.8621937632561,272.8621937632561,0
20200717T,207.16058218479156,207.16058218479156,207.16058218479156,207.16058218479156,0
20200718T,228.5594586133957,228.5594586133957,228.5594586133957,228.5594586133957,0
20200719T,259.3491010069847,259.3491010069847,259.3491010069847,259.3491010069847,0
20200720T,285.1974213719368,285.1974213719368,285.1974213719368,285.1974213719368,0
20200721T,314.499227643013,314.499227643013,314.499227643013,314.499227643013,0
20200722T,477.3678465485573,477.3678465485573,477.3678465485573,477.3678465485573,0
20200723T,620.8215221166611,620.8215221166611,620.8215221166611,620.8215221166611,0
20200724T,543.1451848745346,543.1451848745346,543.1451848745346,543.1451848745346,0
20200725T,631.1760256886482,631.1760256886482,631.1760256886482,631.1760256886482,0
20200726T,697.4177330136299,697.4177330136299,697.4177330136299,697.4177330136299,0
20200727T,826.585337638855,826.585337638855,826.585337638855,826.585337638855,0
20200728T,471.7309553027153,471.7309553027153,471.7309553027153,471.7309553027153,0
20200729T,370.43920361995697,370.43920361995697,370.43920361995697,370.43920361995697,0
20200730T,402.61453622579575,402.61453622579575,402.61453622579575,402.61453622579575,0
20200731T,477.0644772052765,477.0644772052765,477.0644772052765,477.0644772052765,0
20200801T,669.1304975152016,669.1304975152016,669.1304975152016,669.1304975152016,0
20200802T,901.7523474693298,901.7523474693298,901.7523474693298,901.7523474693298,0
20200803T,571.0396665930748,571.0396665930748,571.0396665930748,571.0396665930748,0
20200804T,522.1561604738235,522.1561604738235,522.1561604738235,522.1561604738235,0
20200805T,546.7690016031265,546.7690016031265,546.7690016031265,546.7690016031265,0
20200806T,422.6966726779938,422.6966726779938,422.6966726779938,422.6966726779938,0
20200807T,532.7219861745834,532.7219861745834,532.7219861745834,532.7219861745834,0
20200808T,423.84302002191544,423.84302002191544,423.84302002191544,423.84302002191544,0
20200809T,444.9067650437355,444.9067650437355,444.9067650437355,444.9067650437355,0
20200810T,496.42877584695816,496.42877584695816,496.42877584695816,496.42877584695816,0
20200811T,549.2806757688522,549.2806757688522,549.2806757688522,549.2806757688522,0
20200812T,555.0281040668488,555.0281040668488,555.0281040668488,555.0281040668488,0
20200813T,897.071729362011,897.071729362011,897.071729362011,897.071729362011,0
20200814T,797.7669530510902,797.7669530510902,797.7669530510902,797.7669530510902,0
20200815T,524.2140952944756,524.2140952944756,524.2140952944756,524.2140952944756,0
20200816T,458.770585000515,458.770585000515,458.770585000515,458.770585000515,0
20200817T,534.0084653496742,534.0084653496742,534.0084653496742,534.0084653496742,0
20200818T,413.2611812353134,413.2611812353134,413.2611812353134,413.2611812353134,0
20200819T,526.9959582090378,526.9959582090378,526.9959582090378,526.9959582090378,0
20200820T,367.52652710676193,367.52652710676193,367.52652710676193,367.52652710676193,0
20200821T,465.6079235672951,465.6079235672951,465.6079235672951,465.6079235672951,0
20200822T,319.14884972572327,319.14884972572327,319.14884972572327,319.14884972572327,0
20200823T,223.72594392299652,223.72594392299652,223.72594392299652,223.72594392299652,0
20200824T,323.2364712357521,323.2364712357521,323.2364712357521,323.2364712357521,0
20200825T,410.0330255627632,410.0330255627632,410.0330255627632,410.0330255627632,0
20200826T,359.4666019678116,359.4666019678116,359.4666019678116,359.4666019678116,0
20200827T,249.09093356132507,249.09093356132507,249.09093356132507,249.09093356132507,0
20200828T,200.57772994041443,200.57772994041443,200.57772994041443,200.57772994041443,0
20200829T,176.99124825000763,176.99124825000763,176.99124825000763,176.99124825000763,0
20200830T,296.60486340522766,296.60486340522766,296.60486340522766,296.60486340522766,0
20200831T,336.7021914124489,336.7021914124489,336.7021914124489,336.7021914124489,0
20200901T,666.0608587265015,666.0608587265015,666.0608587265015,666.0608587265015,0
20200902T,513.2565052509308,513.2565052509308,513.2565052509308,513.2565052509308,0
20200903T,494.7587106227875,494.7587106227875,494.7587106227875,494.7587106227875,0
20200904T,325.9251512289047,325.9251512289047,325.9251512289047,325.9251512289047,0
20200905T,406.59917283058167,406.59917283058167,406.59917283058167,406.59917283058167,0
20200906T,234.23732382059097,234.23732382059097,234.23732382059097,234.23732382059097,0
20200907T,220.27587419748306,220.27587419748306,220.27587419748306,220.27587419748306,0
20200908T,149.59196603298187,149.59196603298187,149.59196603298187,149.59196603298187,0
20200909T,187.30700880289078,187.30700880289078,187.30700880289078,187.30700880289078,0
20200910T,223.3035290837288,223.3035290837288,223.3035290837288,223.3035290837288,0
20200911T,188.00685250759125,188.00685250759125,188.00685250759125,188.00685250759125,0
20200912T,198.16371756792068,198.16371756792068,198.16371756792068,198.16371756792068,0
20200913T,257.96608996391296,257.96608996391296,257.96608996391296,257.96608996391296,0
20200914T,201.5551472902298,201.5551472902298,201.5551472902298,201.5551472902298,0
20200915T,191.23156762123108,191.23156762123108,191.23156762123108,191.23156762123108,0
20200916T,246.49096184968948,246.49096184968948,246.49096184968948,246.49096184968948,0
20200917T,536.222268819809,536.222268819809,536.222268819809,536.222268819809,0
20200918T,316.9833188652992,316.9833188652992,316.9833188652992,316.9833188652992,0
20200919T,259.9083250761032,259.9083250761032,259.9083250761032,259.9083250761032,0
20200920T,310.7766246199608,310.7766246199608,310.7766246199608,310.7766246199608,0
20200921T,263.2340003848076,263.2340003848076,263.2340003848076,263.2340003848076,0
20200922T,205.50300592184067,205.50300592184067,205.50300592184067,205.50300592184067,0
20200923T,222.07814902067184,222.07814902067184,222.07814902067184,222.07814902067184,0
20200924T,179.262641787529,179.262641787529,179.262641787529,179.262641787529,0
20200925T,165.05519938468933,165.05519938468933,165.05519938468933,165.05519938468933,0
20200926T,195.36608535051346,195.36608535051346,195.36608535051346,195.36608535051346,0
20200927T,255.99019765853882,255.99019765853882,255.99019765853882,255.99019765853882,0
20200928T,223.44117838144302,223.44117838144302,223.44117838144302,223.44117838144302,0
20200929T,243.21534579992294,243.21534579992294,243.21534579992294,243.21534579992294,0
20200930T,163.76552909612656,163.76552909612656,163.76552909612656,163.76552909612656,0
20201001T,223.5809903740883,223.5809903740883,223.5809903740883,223.5809903740883,0
20201002T,167.66745656728745,167.66745656728745,167.66745656728745,167.66745656728745,0
20201003T,218.54563599824905,218.54563599824905,218.54563599824905,218.54563599824905,0
20201004T,151.55524599552155,151.55524599552155,151.55524599552155,151.55524599552155,0
20201005T,160.6521908044815,160.6521908044815,160.6521908044815,160.6521908044815,0
20201006T,149.03546851873398,149.03546851873398,149.03546851873398,149.03546851873398,0
20201007T,150.30129605531693,150.30129605531693,150.30129605531693,150.30129605531693,0
20201008T,202.49665373563766,202.49665373563766,202.49665373563766,202.49665373563766,0
20201009T,138.0806931257248,138.0806931257248,138.0806931257248,138.0806931257248,0
20201010T,147.6572413444519,147.6572413444519,147.6572413444519,147.6572413444519,0
20201011T,131.35811066627502,131.35811066627502,131.35811066627502,131.35811066627502,0
20201012T,171.06876224279404,171.06876224279404,171.06876224279404,171.06876224279404,0
20201013T,140.94606679677963,140.94606679677963,140.94606679677963,140.94606679677963,0
20201014T,179.2012615799904,179.2012615799904,179.2012615799904,179.2012615799904,0
20201015T,213.5144865512848,213.5144865512848,213.5144865512848,213.5144865512848,0
20201016T,167.45195096731186,167.45195096731186,167.45195096731186,167.45195096731186,0
20201017T,164.46336215734482,164.46336215734482,164.46336215734482,164.46336215734482,0
20201018T,111.19989162683487,111.19989162683487,111.19989162683487,111.19989162683487,0
20201019T,145.12852412462234,145.12852412462234,145.12852412462234,145.12852412462234,0
20201020T,216.2587183713913,216.2587183713913,216.2587183713913,216.2587183713913,0
20201021T,286.57036232948303,286.57036232948303,286.57036232948303,286.57036232948303,0
20201022T,234.194942176342,234.194942176342,234.194942176342,234.194942176342,0
20201023T,154.35038739442825,154.35038739442825,154.35038739442825,154.35038739442825,0
20201024T,118.91632795333862,118.91632795333862,118.91632795333862,118.91632795333862,0
20201025T,128.2619953751564,128.2619953751564,128.2619953751564,128.2619953751564,0
20201026T,163.74620497226715,163.74620497226715,163.74620497226715,163.74620497226715,0
20201027T,155.91716241836548,155.91716241836548,155.91716241836548,155.91716241836548,0
20201028T,153.96781009435654,153.96781009435654,153.96781009435654,153.96781009435654,0
20201029T,113.89497822523117,113.89497822523117,113.89497822523117,113.89497822523117,0
20201030T,156.92197746038437,156.92197746038437,156.92197746038437,156.92197746038437,0
20201031T,149.32056987285614,149.32056987285614,149.32056987285614,149.32056987285614,0
20201101T,117.56330233812332,117.56330233812332,117.56330233812332,117.56330233812332,0
20201102T,153.75502961874008,153.75502961874008,153.75502961874008,153.75502961874008,0
20201103T,138.19514453411102,138.19514453411102,138.19514453411102,138.19514453411102,0
20201104T,190.16824519634247,190.16824519634247,190.16824519634247,190.16824519634247,0
20201105T,276.4313318133354,276.4313318133354,276.4313318133354,276.4313318133354,0
20201106T,283.32455188035965,283.32455188035965,283.32455188035965,283.32455188035965,0
20201107T,185.01790821552277,185.01790821552277,185.01790821552277,185.01790821552277,0
20201108T,135.41832035779953,135.41832035779953,135.41832035779953,135.41832035779953,0
20201109T,175.30470782518387,175.30470782518387,175.30470782518387,175.30470782518387,0
20201110T,151.63156455755234,151.63156455755234,151.63156455755234,151.63156455755234,0
20201111T,398.21583557128906,398.21583557128906,398.21583557128906,398.21583557128906,0
20201112T,251.46987229585648,251.46987229585648,251.46987229585648,251.46987229585648,0
20201113T,180.3857942223549,180.3857942223549,180.3857942223549,180.3857942223549,0
20201114T,143.13322460651398,143.13322460651398,143.13322460651398,143.13322460651398,0
20201115T,138.24106508493423,138.24106508493423,138.24106508493423,138.24106508493423,0
20201116T,176.10655921697617,176.10655921697617,176.10655921697617,176.10655921697617,0
20201117T,264.90766686201096,264.90766686201096,264.90766686201096,264.90766686201096,0
20201118T,307.8208050727844,307.8208050727844,307.8208050727844,307.8208050727844,0
20201119T,202.83743512630463,202.83743512630463,202.83743512630463,202.83743512630463,0
20201120T,343.23609644174576,343.23609644174576,343.23609644174576,343.23609644174576,0
20201121T,289.5521849989891,289.5521849989891,289.5521849989891,289.5521849989891,0
20201122T,279.7475757598877,279.7475757598877,279.7475757598877,279.7475757598877,0
20201123T,449.0211956501007,449.0211956501007,449.0211956501007,449.0211956501007,0
20201124T,455.4441660642624,455.4441660642624,455.4441660642624,455.4441660642624,0
20201125T,240.74079197645187,240.74079197645187,240.74079197645187,240.74079197645187,0
20201126T,296.4925220608711,296.4925220608711,296.4925220608711,296.4925220608711,0
20201127T,134.89833742380142,134.89833742380142,134.89833742380142,134.89833742380142,0
20201128T,154.91621977090836,154.91621977090836,154.91621977090836,154.91621977090836,0
20201129T,192.9667813181877,192.9667813181877,192.9667813181877,192.9667813181877,0
20201130T,291.1896514892578,291.1896514892578,291.1896514892578,291.1896514892578,0
20201201T,307.1434581875801,307.1434581875801,307.1434581875801,307.1434581875801,0
20201202T,223.96905553340912,223.96905553340912,223.96905553340912,223.96905553340912,0
20201203T,246.37179255485535,246.37179255485535,246.37179255485535,246.37179255485535,0
20201204T,234.0366091132164,234.0366091132164,234.0366091132164,234.0366091132164,0
20201205T,185.5348442196846,185.5348442196846,185.5348442196846,185.5348442196846,0
20201206T,148.47603279352188,148.47603279352188,148.47603279352188,148.47603279352188,0
20201207T,169.48186999559402,169.48186999559402,169.48186999559402,169.48186999559402,0
20201208T,176.53369718790054,176.53369718790054,176.53369718790054,176.53369718790054,0
20201209T,186.02280420064926,186.02280420064926,186.02280420064926,186.02280420064926,0
20201210T,133.38171124458313,133.38171124458313,133.38171124458313,133.38171124458313,0
20201211T,173.61306184530258,173.61306184530258,173.61306184530258,173.61306184530258,0
20201212T,122.38526260852814,122.38526260852814,122.38526260852814,122.38526260852814,0
20201213T,129.8455449938774,129.8455449938774,129.8455449938774,129.8455449938774,0
20201214T,200.68575870990753,200.68575870990753,200.68575870990753,200.68575870990753,0
20201215T,152.7038897871971,152.7038897871971,152.7038897871971,152.7038897871971,0
20201216T,230.7200549840927,230.7200549840927,230.7200549840927,230.7200549840927,0
20201217T,361.8991841673851,361.8991841673851,361.8991841673851,361.8991841673851,0
20201218T,253.8173828125,253.8173828125,253.8173828125,253.8173828125,0
20201219T,194.1926292181015,194.1926292181015,194.1926292181015,194.1926292181015,0
20201220T,202.80894696712494,202.80894696712494,202.80894696712494,202.80894696712494,0
20201221T,186.9100086092949,186.9100086092949,186.9100086092949,186.9100086092949,0
20201222T,290.7089718580246,290.7089718580246,290.7089718580246,290.7089718580246,0
20201223T,275.513619184494,275.513619184494,275.513619184494,275.513619184494,0
20201224T,197.0943563580513,197.0943563580513,197.0943563580513,197.0943563580513,0
20201225T,181.42460376024246,181.42460376024246,181.42460376024246,181.42460376024246,0
20201226T,293.31205838918686,293.31205838918686,293.31205838918686,293.31205838918686,0
20201227T,456.9276624917984,456.9276624917984,456.9276624917984,456.9276624917984,0
20201228T,459.2655300498009,459.2655300498009,459.2655300498009,459.2655300498009,0
20201229T,328.04721188545227,328.04721188545227,328.04721188545227,328.04721188545227,0
20201230T,269.53982162475586,269.53982162475586,269.53982162475586,269.53982162475586,0
20201231T,342.9495869874954,342.9495869874954,342.9495869874954,342.9495869874954,0
20210101T,237.09391969442368,237.09391969442368,237.09391969442368,237.09391969442368,0
20210102T,466.3322940468788,466.3322940468788,466.3322940468788,466.3322940468788,0
20210103T,840.7202804684639,840.7202804684639,840.7202804684639,840.7202804684639,0
20210104T,906.5184498429298,906.5184498429298,906.5184498429298,906.5184498429298,0
20210105T,673.8792504668236,673.8792504668236,673.8792504668236,673.8792504668236,0
20210106T,816.1961045265198,816.1961045265198,816.1961045265198,816.1961045265198,0
20210107T,624.9528983831406,624.9528983831406,624.9528983831406,624.9528983831406,0
20210108T,565.998378098011,565.998378098011,565.998378098011,565.998378098011,0
20210109T,472.6439784169197,472.6439784169197,472.6439784169197,472.6439784169197,0
20210110T,649.4027137756348,649.4027137756348,649.4027137756348,649.4027137756348,0
20210111T,734.8253017663956,734.8253017663956,734.8253017663956,734.8253017663956,0
20210112T,414.46265429258347,414.46265429258347,414.46265429258347,414.46265429258347,0
20210113T,333.8048909306526,333.8048909306526,333.8048909306526,333.8048909306526,0
20210114T,428.14607840776443,428.14607840776443,428.14607840776443,428.14607840776443,0
20210115T,413.42828023433685,413.42828023433685,413.42828023433685,413.42828023433685,0
20210116T,419.4379360675812,419.4379360675812,419.4379360675812,419.4379360675812,0
20210117T,400.078898191452,400.078898191452,400.078898191452,400.078898191452,0
20210118T,383.99175304174423,383.99175304174423,383.99175304174423,383.99175304174423,0
20210119T,903.7349191308022,903.7349191308022,903.7349191308022,903.7349191308022,0
20210120T,484.95770901441574,484.95770901441574,484.95770901441574,484.95770901441574,0
20210121T,402.9559895992279,402.9559895992279,402.9559895992279,402.9559895992279,0
20210122T,387.1191111803055,387.1191111803055,387.1191111803055,387.1191111803055,0
20210123T,287.8053574562073,287.8053574562073,287.8053574562073,287.8053574562073,0
20210124T,539.054348051548,539.054348051548,539.054348051548,539.054348051548,0
20210125T,588.27502566576,588.27502566576,588.27502566576,588.27502566576,0
20210126T,121.59600377082825,121.59600377082825,121.59600377082825,121.59600377082825,0
20210127T,431.3733640909195,431.3733640909195,431.3733640909195,431.3733640909195,0
20210128T,332.45064902305603,332.45064902305603,332.45064902305603,332.45064902305603,0
20210129T,678.3170148134232,678.3170148134232,678.3170148134232,678.3170148134232,0
20210130T,586.9293208122253,586.9293208122253,586.9293208122253,586.9293208122253,0
20210131T,503.3779620528221,503.3779620528221,503.3779620528221,503.3779620528221,0
20210201T,569.6363452076912,569.6363452076912,569.6363452076912,569.6363452076912,0
20210202T,1073.3202854394913,1073.3202854394913,1073.3202854394913,1073.3202854394913,0
20210203T,1042.009656906128,1042.009656906128,1042.009656906128,1042.009656906128,0
20210204T,930.5191514492035,930.5191514492035,930.5191514492035,930.5191514492035,0
20210205T,977.7878425121307,977.7878425121307,977.7878425121307,977.7878425121307,0
20210206T,757.4280140995979,757.4280140995979,757.4280140995979,757.4280140995979,0
20210207T,784.0150417089462,784.0150417089462,784.0150417089462,784.0150417089462,0
20210208T,840.3787662982941,840.3787662982941,840.3787662982941,840.3787662982941,0
20210209T,885.8162465691566,885.8162465691566,885.8162465691566,885.8162465691566,0
20210210T,735.9535300135612,735.9535300135612,735.9535300135612,735.9535300135612,0
20210211T,689.8986366987228,689.8986366987228,689.8986366987228,689.8986366987228,0
20210212T,681.6515076160431,681.6515076160431,681.6515076160431,681.6515076160431,0
20210213T,579.4113702774048,579.4113702774048,579.4113702774048,579.4113702774048,0
20210214T,544.9123019576073,544.9123019576073,544.9123019576073,544.9123019576073,0
20210215T,631.0042775273323,631.0042775273323,631.0042775273323,631.0042775273323,0
20210216T,644.0705841183662,644.0705841183662,644.0705841183662,644.0705841183662,0
20210217T,616.9134905338287,616.9134905338287,616.9134905338287,616.9134905338287,0
20210218T,799.8800605535507,799.8800605535507,799.8800605535507,799.8800605535507,0
20210219T,1230.636204123497,1230.636204123497,1230.636204123497,1230.636204123497,0
20210220T,990.9443646669388,990.9443646669388,990.9443646669388,990.9443646669388,0
20210221T,766.9325819611549,766.9325819611549,766.9325819611549,766.9325819611549,0
20210222T,1132.4530774354935,1132.4530774354935,1132.4530774354935,1132.4530774354935,0
20210223T,1056.4011448025703,1056.4011448025703,1056.4011448025703,1056.4011448025703,0
20210224T,734.1364812254906,734.1364812254906,734.1364812254906,734.1364812254906,0
20210225T,764.6690896749496,764.6690896749496,764.6690896749496,764.6690896749496,0
20210226T,686.0441728830338,686.0441728830338,686.0441728830338,686.0441728830338,0
20210227T,773.181184053421,773.181184053421,773.181184053421,773.181184053421,0
20210228T,886.817613363266,886.817613363266,886.817613363266,886.817613363266,0
20210301T,647.0459834933281,647.0459834933281,647.0459834933281,647.0459834933281,0
20210302T,566.0327513217926,566.0327513217926,566.0327513217926,566.0327513217926,0
20210303T,585.4823115468025,585.4823115468025,585.4823115468025,585.4823115468025,0
20210304T,481.52477687597275,481.52477687597275,481.52477687597275,481.52477687597275,0
20210305T,540.0581039786339,540.0581039786339,540.0581039786339,540.0581039786339,0
20210306T,805.8524464964867,805.8524464964867,805.8524464964867,805.8524464964867,0
20210307T,649.7983427643776,649.7983427643776,649.7983427643776,649.7983427643776,0
20210308T,633.3798217773438,633.3798217773438,633.3798217773438,633.3798217773438,0
20210309T,620.4823580980301,620.4823580980301,620.4823580980301,620.4823580980301,0
20210310T,619.4896963238716,619.4896963238716,619.4896963238716,619.4896963238716,0
20210311T,636.8276214003563,636.8276214003563,636.8276214003563,636.8276214003563,0
20210312T,639.403204023838,639.403204023838,639.403204023838,639.403204023838,0
20210313T,663.839175760746,663.839175760746,663.839175760746,663.839175760746,0
20210314T,518.7450461983681,518.7450461983681,518.7450461983681,518.7450461983681,0
20210315T,522.2873120307922,522.2873120307922,522.2873120307922,522.2873120307922,0
20210316T,612.5045240521431,612.5045240521431,612.5045240521431,612.5045240521431,0
20210317T,473.9969543814659,473.9969543814659,473.9969543814659,473.9969543814659,0
20210318T,572.640029668808,572.640029668808,572.640029668808,572.640029668808,0
20210319T,533.4045000076294,533.4045000076294,533.4045000076294,533.4045000076294,0
20210320T,539.6416838765144,539.6416838765144,539.6416838765144,539.6416838765144,0
20210321T,474.31671994924545,474.31671994924545,474.31671994924545,474.31671994924545,0
20210322T,550.6111966967583,550.6111966967583,550.6111966967583,550.6111966967583,0
20210323T,457.2788653373718,457.2788653373718,457.2788653373718,457.2788653373718,0
20210324T,557.1753023862839,557.1753023862839,557.1753023862839,557.1753023862839,0
20210325T,594.9870960116386,594.9870960116386,594.9870960116386,594.9870960116386,0
20210326T,550.7454553246498,550.7454553246498,550.7454553246498,550.7454553246498,0
20210327T,397.006424844265,397.006424844265,397.006424844265,397.006424844265,0
20210328T,469.4697616696358,469.4697616696358,469.4697616696358,469.4697616696358,0
20210329T,751.2704572081566,751.2704572081566,751.2704572081566,751.2704572081566,0
20210330T,627.9909328222275,627.9909328222275,627.9909328222275,627.9909328222275,0
20210331T,681.1893738508224,681.1893738508224,681.1893738508224,681.1893738508224,0
20210401T,704.0545347332954,704.0545347332954,704.0545347332954,704.0545347332954,0
20210402T,1019.3930782079697,1019.3930782079697,1019.3930782079697,1019.3930782079697,0
20210403T,683.4331916570663,683.4331916570663,683.4331916570663,683.4331916570663,0
20210404T,515.5245599746704,515.5245599746704,515.5245599746704,515.5245599746704,0
20210405T,559.0382660031319,559.0382660031319,559.0382660031319,559.0382660031319,0
20210406T,690.8534378409386,690.8534378409386,690.8534378409386,690.8534378409386,0
20210407T,591.5996342897415,591.5996342897415,591.5996342897415,591.5996342897415,0
20210408T,567.6435193419456,567.6435193419456,567.6435193419456,567.6435193419456,0
20210409T,575.5508935451508,575.5508935451508,575.5508935451508,575.5508935451508,0
20210410T,694.7115017175674,694.7115017175674,694.7115017175674,694.7115017175674,0
20210411T,569.5613096356392,569.5613096356392,569.5613096356392,569.5613096356392,0
20210412T,667.9220408201218,667.9220408201218,667.9220408201218,667.9220408201218,0
20210413T,801.2359172701836,801.2359172701836,801.2359172701836,801.2359172701836,0
20210414T,833.1854275465012,833.1854275465012,833.1854275465012,833.1854275465012,0
20210415T,1252.6154727339745,1252.6154727339745,1252.6154727339745,1252.6154727339745,0
20210416T,1005.8107137680054,1005.8107137680054,1005.8107137680054,1005.8107137680054,0
20210417T,786.2793575525284,786.2793575525284,786.2793575525284,786.2793575525284,0
20210418T,1005.9008809328079,1005.9008809328079,1005.9008809328079,1005.9008809328079,0
20210419T,731.1821339130402,731.1821339130402,731.1821339130402,731.1821339130402,0
20210420T,929.5304280519485,929.5304280519485,929.5304280519485,929.5304280519485,0
20210421T,1075.540252327919,1075.540252327919,1075.540252327919,1075.540252327919,0
20210422T,1567.3391131162643,1567.3391131162643,1567.3391131162643,1567.3391131162643,0
20210423T,963.0248222947121,963.0248222947121,963.0248222947121,963.0248222947121,0
20210424T,761.2664059996605,761.2664059996605,761.2664059996605,761.2664059996605,0
20210425T,862.4347208142281,862.4347208142281,862.4347208142281,862.4347208142281,0
20210426T,883.0678788423538,883.0678788423538,883.0678788423538,883.0678788423538,0
20210427T,1111.0346170663834,1111.0346170663834,1111.0346170663834,1111.0346170663834,0
20210428T,1335.2581782341003,1335.2581782341003,1335.2581782341003,1335.2581782341003,0
20210429T,1226.2052091956139,1226.2052091956139,1226.2052091956139,1226.2052091956139,0
20210430T,951.9956758022308,951.9956758022308,951.9956758022308,951.9956758022308,0
20210501T,1244.2609892487526,1244.2609892487526,1244.2609892487526,1244.2609892487526,0
20210502T,1213.2265331745148,1213.2265331745148,1213.2265331745148,1213.2265331745148,0
20210503T,2843.3510602116585,2843.3510602116585,2843.3510602116585,2843.3510602116585,0
20210504T,2029.9644338488579,2029.9644338488579,2029.9644338488579,2029.9644338488579,0
20210505T,1541.0698193907738,1541.0698193907738,1541.0698193907738,1541.0698193907738,0
20210506T,1389.4214629530907,1389.4214629530907,1389.4214629530907,1389.4214629530907,0
20210507T,1181.3434053063393,1181.3434053063393,1181.3434053063393,1181.3434053063393,0
20210508T,1740.6414721012115,1740.6414721012115,1740.6414721012115,1740.6414721012115,0
20210509T,1634.6667023301125,1634.6667023301125,1634.6667023301125,1634.6667023301125,0
20210510T,2759.053784608841,2759.053784608841,2759.053784608841,2759.053784608841,0
20210511T,1704.4776495099068,1704.4776495099068,1704.4776495099068,1704.4776495099068,0
20210512T,2206.2705461382866,2206.2705461382866,2206.2705461382866,2206.2705461382866,0
20210513T,1886.5306165218353,1886.5306165218353,1886.5306165218353,1886.5306165218353,0
20210514T,1327.4823608994484,1327.4823608994484,1327.4823608994484,1327.4823608994484,0
20210515T,1149.9862828850746,1149.9862828850746,1149.9862828850746,1149.9862828850746,0
20210516T,1334.058623433113,1334.058623433113,1334.058623433113,1334.058623433113,0
20210517T,1168.2705768942833,1168.2705768942833,1168.2705768942833,1168.2705768942833,0
20210518T,996.3893913030624,996.3893913030624,996.3893913030624,996.3893913030624,0
20210519T,2276.959761083126,2276.959761083126,2276.959761083126,2276.959761083126,0
20210520T,1187.9410457611084,1187.9410457611084,1187.9410457611084,1187.9410457611084,0
20210521T,1127.621702849865,1127.621702849865,1127.621702849865,1127.621702849865,0
20210522T,894.5627983212471,894.5627983212471,894.5627983212471,894.5627983212471,0
20210523T,1631.4232808351517,1631.4232808351517,1631.4232808351517,1631.4232808351517,0
20210524T,1031.6597670316696,1031.6597670316696,1031.6597670316696,1031.6597670316696,0
20210525T,842.3026836514473,842.3026836514473,842.3026836514473,842.3026836514473,0
20210526T,827.1114447116852,827.1114447116852,827.1114447116852,827.1114447116852,0
20210527T,811.5347099900246,811.5347099900246,811.5347099900246,811.5347099900246,0
20210528T,785.8425192832947,785.8425192832947,785.8425192832947,785.8425192832947,0
20210529T,605.7036800980568,605.7036800980568,605.7036800980568,605.7036800980568,0
20210530T,698.2154445052147,698.2154445052147,698.2154445052147,698.2154445052147,0
20210531T,696.7384037971497,696.7384037971497,696.7384037971497,696.7384037971497,0
20210601T,665.9014751911163,665.9014751911163,665.9014751911163,665.9014751911163,0
20210602T,638.3768708705902,638.3768708705902,638.3768708705902,638.3768708705902,0
20210603T,591.3340438604355,591.3340438604355,591.3340438604355,591.3340438604355,0
20210604T,555.4636744856834,555.4636744856834,555.4636744856834,555.4636744856834,0
20210605T,571.1316483020782,571.1316483020782,571.1316483020782,571.1316483020782,0
20210606T,567.8467158675194,567.8467158675194,567.8467158675194,567.8467158675194,0
20210607T,711.7320991754532,711.7320991754532,711.7320991754532,711.7320991754532,0
20210608T,634.8514325618744,634.8514325618744,634.8514325618744,634.8514325618744,0
20210609T,554.4871947169304,554.4871947169304,554.4871947169304,554.4871947169304,0
20210610T,568.910538494587,568.910538494587,568.910538494587,568.910538494587,0
20210611T,544.4622942209244,544.4622942209244,544.4622942209244,544.4622942209244,0
20210612T,586.2784886956215,586.2784886956215,586.2784886956215,586.2784886956215,0
20210613T,489.5976767539978,489.5976767539978,489.5976767539978,489.5976767539978,0
20210614T,478.6363644003868,478.6363644003868,478.6363644003868,478.6363644003868,0
20210615T,413.963880777359,413.963880777359,413.963880777359,413.963880777359,0
20210616T,424.47762125730515,424.47762125730515,424.47762125730515,424.47762125730515,0
20210617T,495.97143054008484,495.97143054008484,495.97143054008484,495.97143054008484,0
20210618T,610.0918108224869,610.0918108224869,610.0918108224869,610.0918108224869,0
20210619T,413.0029464364052,413.0029464364052,413.0029464364052,413.0029464364052,0
20210620T,507.40386724472046,507.40386724472046,507.40386724472046,507.40386724472046,0
20210621T,835.5399576425552,835.5399576425552,835.5399576425552,835.5399576425552,0
20210622T,883.2791785001755,883.2791785001755,883.2791785001755,883.2791785001755,0
20210623T,620.5322408080101,620.5322408080101,620.5322408080101,620.5322408080101,0
20210624T,574.6350789070129,574.6350789070129,574.6350789070129,574.6350789070129,0
20210625T,625.6121763586998,625.6121763586998,625.6121763586998,625.6121763586998,0
20210626T,525.0061566233635,525.0061566233635,525.0061566233635,525.0061566233635,0
20210627T,502.8591392636299,502.8591392636299,502.8591392636299,502.8591392636299,0
20210628T,594.9901994466782,594.9901994466782,594.9901994466782,594.9901994466782,0
20210629T,534.8275035023689,534.8275035023689,534.8275035023689,534.8275035023689,0
20210630T,526.7096462249756,526.7096462249756,526.7096462249756,526.7096462249756,0
20210701T,545.3066205978394,545.3066205978394,545.3066205978394,545.3066205978394,0
20210702T,403.94468688964844,403.94468688964844,403.94468688964844,403.94468688964844,0
20210703T,369.2650114297867,369.2650114297867,369.2650114297867,369.2650114297867,0
20210704T,372.41426038742065,372.41426038742065,372.41426038742065,372.41426038742065,0
20210705T,371.01856273412704,371.01856273412704,371.01856273412704,371.01856273412704,0
20210706T,480.99510675668716,480.99510675668716,480.99510675668716,480.99510675668716,0
20210707T,536.5559844374657,536.5559844374657,536.5559844374657,536.5559844374657,0
20210708T,529.9629302024841,529.9629302024841,529.9629302024841,529.9629302024841,0
20210709T,512.208878993988,512.208878993988,512.208878993988,512.208878993988,0
20210710T,414.07840472459793,414.07840472459793,414.07840472459793,414.07840472459793,0
20210711T,389.50734680891037,389.50734680891037,389.50734680891037,389.50734680891037,0
20210712T,488.73273229599,488.73273229599,488.73273229599,488.73273229599,0
20210713T,490.7239702939987,490.7239702939987,490.7239702939987,490.7239702939987,0
20210714T,560.6867760419846,560.6867760419846,560.6867760419846,560.6867760419846,0
20210715T,599.3079391717911,599.3079391717911,599.3079391717911,599.3079391717911,0
20210716T,575.4700959324837,575.4700959324837,575.4700959324837,575.4700959324837,0
20210717T,427.7185381054878,427.7185381054878,427.7185381054878,427.7185381054878,0
20210718T,496.9162737727165,496.9162737727165,496.9162737727165,496.9162737727165,0
20210719T,567.8940326571465,567.8940326571465,567.8940326571465,567.8940326571465,0
20210720T,741.984520316124,741.984520316124,741.984520316124,741.984520316124,0
20210721T,568.9895977973938,568.9895977973938,568.9895977973938,568.9895977973938,0
20210722T,521.4712300300598,521.4712300300598,521.4712300300598,521.4712300300598,0
20210723T,536.6352154612541,536.6352154612541,536.6352154612541,536.6352154612541,0
20210724T,512.6590087413788,512.6590087413788,512.6590087413788,512.6590087413788,0
20210725T,511.5862612724304,511.5862612724304,511.5862612724304,511.5862612724304,0
20210726T,607.8948456645012,607.8948456645012,607.8948456645012,607.8948456645012,0
20210727T,593.8298971056938,593.8298971056938,593.8298971056938,593.8298971056938,0
20210728T,670.7516489028931,670.7516489028931,670.7516489028931,670.7516489028931,0
20210729T,651.7985584139824,651.7985584139824,651.7985584139824,651.7985584139824,0
20210730T,724.1244779825211,724.1244779825211,724.1244779825211,724.1244779825211,0
20210731T,684.362110376358,684.362110376358,684.362110376358,684.362110376358,0
20210801T,981.760908126831,981.760908126831,981.760908126831,981.760908126831,0
20210802T,839.8278541564941,839.8278541564941,839.8278541564941,839.8278541564941,0
20210803T,868.2523140311241,868.2523140311241,868.2523140311241,868.2523140311241,0
20210804T,1079.1977577209473,1079.1977577209473,1079.1977577209473,1079.1977577209473,0
20210805T,2380.015216231346,2380.015216231346,2380.015216231346,2380.015216231346,0
20210806T,1435.7330694794655,1435.7330694794655,1435.7330694794655,1435.7330694794655,0
20210807T,1375.755879998207,1375.755879998207,1375.755879998207,1375.755879998207,0
20210808T,1109.777406156063,1109.777406156063,1109.777406156063,1109.777406156063,0
20210809T,873.9679834842682,873.9679834842682,873.9679834842682,873.9679834842682,0
20210810T,959.0558036565781,959.0558036565781,959.0558036565781,959.0558036565781,0
20210811T,1024.3928962349892,1024.3928962349892,1024.3928962349892,1024.3928962349892,0
20210812T,1098.1424849033356,1098.1424849033356,1098.1424849033356,1098.1424849033356,0
20210813T,1142.1685678362846,1142.1685678362846,1142.1685678362846,1142.1685678362846,0
20210814T,904.7294503450394,904.7294503450394,904.7294503450394,904.7294503450394,0
20210815T,954.0753002762794,954.0753002762794,954.0753002762794,954.0753002762794,0
20210816T,1050.628357052803,1050.628357052803,1050.628357052803,1050.628357052803,0
20210817T,983.2604184150696,983.2604184150696,983.2604184150696,983.2604184150696,0
20210818T,805.4378535747528,805.4378535747528,805.4378535747528,805.4378535747528,0
20210819T,1003.2124264240265,1003.2124264240265,1003.2124264240265,1003.2124264240265,0
20210820T,976.9398254752159,976.9398254752159,976.9398254752159,976.9398254752159,0
20210821T,947.2657151222229,947.2657151222229,947.2657151222229,947.2657151222229,0
20210822T,925.9200800657272,925.9200800657272,925.9200800657272,925.9200800657272,0
20210823T,892.9355276226997,892.9355276226997,892.9355276226997,892.9355276226997,0
20210824T,876.6529634594917,876.6529634594917,876.6529634594917,876.6529634594917,0
20210825T,1040.8540182113647,1040.8540182113647,1040.8540182113647,1040.8540182113647,0
20210826T,937.2626804113388,937.2626804113388,937.2626804113388,937.2626804113388,0
20210827T,1131.9446029663086,1131.9446029663086,1131.9446029663086,1131.9446029663086,0
20210828T,1045.4329852461815,1045.4329852461815,1045.4329852461815,1045.4329852461815,0
20210829T,973.0559478402138,973.0559478402138,973.0559478402138,973.0559478402138,0
20210830T,1042.66713899374,1042.66713899374,1042.66713899374,1042.66713899374,0
20210831T,1115.8387917876244,1115.8387917876244,1115.8387917876244,1115.8387917876244,0
20210901T,1476.18552339077,1476.18552339077,1476.18552339077,1476.18552339077,0
20210902T,1200.4387603402138,1200.4387603402138,1200.4387603402138,1200.4387603402138,0
20210903T,1632.298918068409,1632.298918068409,1632.298918068409,1632.298918068409,0
20210904T,1046.418223142624,1046.418223142624,1046.418223142624,1046.418223142624,0
20210905T,989.0847154259682,989.0847154259682,989.0847154259682,989.0847154259682,0
20210906T,897.6070442199707,897.6070442199707,897.6070442199707,897.6070442199707,0
20210907T,1026.3175864815712,1026.3175864815712,1026.3175864815712,1026.3175864815712,0
20210908T,935.5316257476807,935.5316257476807,935.5316257476807,935.5316257476807,0
20210909T,798.3422067165375,798.3422067165375,798.3422067165375,798.3422067165375,0
20210910T,836.4103592038155,836.4103592038155,836.4103592038155,836.4103592038155,0
20210911T,926.5769200325012,926.5769200325012,926.5769200325012,926.5769200325012,0
20210912T,830.1226218938828,830.1226218938828,830.1226218938828,830.1226218938828,0
20210913T,628.9490185379982,628.9490185379982,628.9490185379982,628.9490185379982,0
20210914T,915.9408245682716,915.9408245682716,915.9408245682716,915.9408245682716,0
20210915T,1012.4032586812973,1012.4032586812973,1012.4032586812973,1012.4032586812973,0
20210916T,671.0614122748375,671.0614122748375,671.0614122748375,671.0614122748375,0
20210917T,522.9788343310356,522.9788343310356,522.9788343310356,522.9788343310356,0
20210918T,571.7145767211914,571.7145767211914,571.7145767211914,571.7145767211914,0
20210919T,500.3407278060913,500.3407278060913,500.3407278060913,500.3407278060913,0
20210920T,569.2905919551849,569.2905919551849,569.2905919551849,569.2905919551849,0
20210921T,666.8598312139511,666.8598312139511,666.8598312139511,666.8598312139511,0
20210922T,490.1522444486618,490.1522444486618,490.1522444486618,490.1522444486618,0
20210923T,583.3014417886734,583.3014417886734,583.3014417886734,583.3014417886734,0
20210924T,476.5489407777786,476.5489407777786,476.5489407777786,476.5489407777786,0
20210925T,378.1896023154259,378.1896023154259,378.1896023154259,378.1896023154259,0
20210926T,444.11619782447815,444.11619782447815,444.11619782447815,444.11619782447815,0
20210927T,592.3159345388412,592.3159345388412,592.3159345388412,592.3159345388412,0
20210928T,438.49864959716797,438.49864959716797,438.49864959716797,438.49864959716797,0
20210929T,460.785653591156,460.785653591156,460.785653591156,460.785653591156,0
20210930T,543.9638460874557,543.9638460874557,543.9638460874557,543.9638460874557,0
20211001T,567.120294213295,567.120294213295,567.120294213295,567.120294213295,0
20211002T,457.25173568725586,457.25173568725586,457.25173568725586,457.25173568725586,0
20211003T,453.137794315815,453.137794315815,453.137794315815,453.137794315815,0
20211004T,532.0952194333076,532.0952194333076,532.0952194333076,532.0952194333076,0
20211005T,578.7240141630173,578.7240141630173,578.7240141630173,578.7240141630173,0
20211006T,640.5712435245514,640.5712435245514,640.5712435245514,640.5712435245514,0
20211007T,557.2666041254997,557.2666041254997,557.2666041254997,557.2666041254997,0
20211008T,672.8666227459908,672.8666227459908,672.8666227459908,672.8666227459908,0
20211009T,625.862967312336,625.862967312336,625.862967312336,625.862967312336,0
20211010T,550.0246269106865,550.0246269106865,550.0246269106865,550.0246269106865,0
20211011T,675.9026319980621,675.9026319980621,675.9026319980621,675.9026319980621,0
20211012T,758.8770455121994,758.8770455121994,758.8770455121994,758.8770455121994,0
20211013T,609.7146133780479,609.7146133780479,609.7146133780479,609.7146133780479,0
20211014T,635.4026743173599,635.4026743173599,635.4026743173599,635.4026743173599,0
20211015T,599.1626772880554,599.1626772880554,599.1626772880554,599.1626772880554,0
20211016T,599.5579559206963,599.5579559206963,599.5579559206963,599.5579559206963,0
20211017T,496.73135817050934,496.73135817050934,496.73135817050934,496.73135817050934,0
20211018T,625.4287059903145,625.4287059903145,625.4287059903145,625.4287059903145,0
20211019T,477.34007573127747,477.34007573127747,477.34007573127747,477.34007573127747,0
20211020T,688.6921364068985,688.6921364068985,688.6921364068985,688.6921364068985,0
20211021T,621.0461913347244,621.0461913347244,621.0461913347244,621.0461913347244,0
20211022T,586.8199421167374,586.8199421167374,586.8199421167374,586.8199421167374,0
20211023T,489.07335352897644,489.07335352897644,489.07335352897644,489.07335352897644,0
20211024T,463.53440022468567,463.53440022468567,463.53440022468567,463.53440022468567,0
20211025T,497.39428544044495,497.39428544044495,497.39428544044495,497.39428544044495,0
20211026T,541.96865183115,541.96865183115,541.96865183115,541.96865183115,0
20211027T,675.0613718032837,675.0613718032837,675.0613718032837,675.0613718032837,0
20211028T,832.8644622564316,832.8644622564316,832.8644622564316,832.8644622564316,0
20211029T,1020.4101308584213,1020.4101308584213,1020.4101308584213,1020.4101308584213,0
20211030T,786.5964115858078,786.5964115858078,786.5964115858078,786.5964115858078,0
20211031T,657.2570949196815,657.2570949196815,657.2570949196815,657.2570949196815,0
20211101T,663.2007492184639,663.2007492184639,663.2007492184639,663.2007492184639,0
20211102T,1036.140400648117,1036.140400648117,1036.140400648117,1036.140400648117,0
20211103T,986.6289722919464,986.6289722919464,986.6289722919464,986.6289722919464,0
20211104T,814.2066678404808,814.2066678404808,814.2066678404808,814.2066678404808,0
20211105T,692.4484837651253,692.4484837651253,692.4484837651253,692.4484837651253,0
20211106T,772.692472577095,772.692472577095,772.692472577095,772.692472577095,0
20211107T,862.9927891492844,862.9927891492844,862.9927891492844,862.9927891492844,0
20211108T,1117.8133255839348,1117.8133255839348,1117.8133255839348,1117.8133255839348,0
20211109T,1162.336996436119,1162.336996436119,1162.336996436119,1162.336996436119,0
20211110T,1057.8379707336426,1057.8379707336426,1057.8379707336426,1057.8379707336426,0
20211111T,934.3436814546585,934.3436814546585,934.3436814546585,934.3436814546585,0
20211112T,1249.0947526097298,1249.0947526097298,1249.0947526097298,1249.0947526097298,0
20211113T,1310.9791128635406,1310.9791128635406,1310.9791128635406,1310.9791128635406,0
20211114T,1179.5403988957405,1179.5403988957405,1179.5403988957405,1179.5403988957405,0
20211115T,1258.7848017811775,1258.7848017811775,1258.7848017811775,1258.7848017811775,0
20211116T,1191.9139650464058,1191.9139650464058,1191.9139650464058,1191.9139650464058,0
20211117T,1250.425690293312,1250.425690293312,1250.425690293312,1250.425690293312,0
20211118T,1242.3321179151535,1242.3321179151535,1242.3321179151535,1242.3321179151535,0
20211119T,1077.04696726799,1077.04696726799,1077.04696726799,1077.04696726799,0
20211120T,955.6615793704987,955.6615793704987,955.6615793704987,955.6615793704987,0
20211121T,1507.736159324646,1507.736159324646,1507.736159324646,1507.736159324646,0
20211122T,1260.7587669491768,1260.7587669491768,1260.7587669491768,1260.7587669491768,0
20211123T,1280.6984203457832,1280.6984203457832,1280.6984203457832,1280.6984203457832,0
20211124T,1001.427848637104,1001.427848637104,1001.427848637104,1001.427848637104,0
20211125T,1102.092825770378,1102.092825770378,1102.092825770378,1102.092825770378,0
20211126T,862.9963576793671,862.9963576793671,862.9963576793671,862.9963576793671,0
20211127T,891.9912033677101,891.9912033677101,891.9912033677101,891.9912033677101,0
20211128T,937.0673232078552,937.0673232078552,937.0673232078552,937.0673232078552,0
20211129T,961.5839704275131,961.5839704275131,961.5839704275131,961.5839704275131,0
20211130T,1586.135699391365,1586.135699391365,1586.135699391365,1586.135699391365,0
20211201T,1412.1424001455307,1412.1424001455307,1412.1424001455307,1412.1424001455307,0
20211202T,1046.3721789717674,1046.3721789717674,1046.3721789717674,1046.3721789717674,0
20211203T,829.6962715387344,829.6962715387344,829.6962715387344,829.6962715387344,0
20211204T,1233.8621813058853,1233.8621813058853,1233.8621813058853,1233.8621813058853,0
20211205T,1069.559756398201,1069.559756398201,1069.559756398201,1069.559756398201,0
20211206T,1078.8779938220978,1078.8779938220978,1078.8779938220978,1078.8779938220978,0
20211207T,981.9266400337219,981.9266400337219,981.9266400337219,981.9266400337219,0
20211208T,1040.2445611953735,1040.2445611953735,1040.2445611953735,1040.2445611953735,0
20211209T,1043.0785434246063,1043.0785434246063,1043.0785434246063,1043.0785434246063,0
20211210T,1044.409171462059,1044.409171462059,1044.409171462059,1044.409171462059,0
20211211T,1069.5379647016525,1069.5379647016525,1069.5379647016525,1069.5379647016525,0
20211212T,905.3074924945831,905.3074924945831,905.3074924945831,905.3074924945831,0
20211213T,965.7594182491302,965.7594182491302,965.7594182491302,965.7594182491302,0
20211214T,828.8456524014473,828.8456524014473,828.8456524014473,828.8456524014473,0
20211215T,793.8926029801369,793.8926029801369,793.8926029801369,793.8926029801369,0
20211216T,745.4531716704369,745.4531716704369,745.4531716704369,745.4531716704369,0
20211217T,839.1663318872452,839.1663318872452,839.1663318872452,839.1663318872452,0
20211218T,811.5933248996735,811.5933248996735,811.5933248996735,811.5933248996735,0
20211219T,717.6523130536079,717.6523130536079,717.6523130536079,717.6523130536079,0
20211220T,687.939427793026,687.939427793026,687.939427793026,687.939427793026,0
20211221T,807.4908713102341,807.4908713102341,807.4908713102341,807.4908713102341,0
20211222T,918.8890889883041,918.8890889883041,918.8890889883041,918.8890889883041,0
20211223T,894.8720308542252,894.8720308542252,894.8720308542252,894.8720308542252,0
20211224T,791.4567023515701,791.4567023515701,791.4567023515701,791.4567023515701,0
20211225T,803.0824418663979,803.0824418663979,803.0824418663979,803.0824418663979,0
20211226T,778.2656474113464,778.2656474113464,778.2656474113464,778.2656474113464,0
20211227T,870.9586110711098,870.9586110711098,870.9586110711098,870.9586110711098,0
20211228T,794.3333875536919,794.3333875536919,794.3333875536919,794.3333875536919,0
20211229T,815.1855817437172,815.1855817437172,815.1855817437172,815.1855817437172,0
20211230T,731.1808634400368,731.1808634400368,731.1808634400368,731.1808634400368,0
20211231T,681.3267306685448,681.3267306685448,681.3267306685448,681.3267306685448,0
20220101T,746.3276162743568,746.3276162743568,746.3276162743568,746.3276162743568,0
20220102T,984.3604828119278,984.3604828119278,984.3604828119278,984.3604828119278,0
20220103T,903.6161559820175,903.6161559820175,903.6161559820175,903.6161559820175,0
20220104T,925.5798902511597,925.5798902511597,925.5798902511597,925.5798902511597,0
20220105T,906.192144036293,906.192144036293,906.192144036293,906.192144036293,0
20220106T,933.3740679621696,933.3740679621696,933.3740679621696,933.3740679621696,0
20220107T,1247.9891822338104,1247.9891822338104,1247.9891822338104,1247.9891822338104,0
20220108T,1154.7545067071915,1154.7545067071915,1154.7545067071915,1154.7545067071915,0
20220109T,1520.1783808469772,1520.1783808469772,1520.1783808469772,1520.1783808469772,0
20220110T,1349.7937169075012,1349.7937169075012,1349.7937169075012,1349.7937169075012,0
20220111T,1396.4418431520462,1396.4418431520462,1396.4418431520462,1396.4418431520462,0
20220112T,1005.0911507606506,1005.0911507606506,1005.0911507606506,1005.0911507606506,0
20220113T,1042.138823568821,1042.138823568821,1042.138823568821,1042.138823568821,0
20220114T,1274.0265722870827,1274.0265722870827,1274.0265722870827,1274.0265722870827,0
20220115T,1029.2142751812935,1029.2142751812935,1029.2142751812935,1029.2142751812935,0
20220116T,944.8227739930153,944.8227739930153,944.8227739930153,944.8227739930153,0
20220117T,713.0508216023445,713.0508216023445,713.0508216023445,713.0508216023445,0
20220118T,742.211713373661,742.211713373661,742.211713373661,742.211713373661,0
20220119T,836.83981102705,836.83981102705,836.83981102705,836.83981102705,0
20220120T,784.02644520998,784.02644520998,784.02644520998,784.02644520998,0
20220121T,1234.9447310566902,1234.9447310566902,1234.9447310566902,1234.9447310566902,0
20220122T,1249.7081497907639,1249.7081497907639,1249.7081497907639,1249.7081497907639,0
20220123T,724.9952249526978,724.9952249526978,724.9952249526978,724.9952249526978,0
20220124T,953.7931076288223,953.7931076288223,953.7931076288223,953.7931076288223,0
20220125T,705.275546848774,705.275546848774,705.275546848774,705.275546848774,0
20220126T,664.3995317220688,664.3995317220688,664.3995317220688,664.3995317220688,0
20220127T,771.0938541889191,771.0938541889191,771.0938541889191,771.0938541889191,0
20220128T,725.5890992879868,725.5890992879868,725.5890992879868,725.5890992879868,0
20220129T,652.9574306607246,652.9574306607246,652.9574306607246,652.9574306607246,0
20220130T,778.007624566555,778.007624566555,778.007624566555,778.007624566555,0
20220131T,686.1252176165581,686.1252176165581,686.1252176165581,686.1252176165581,0
20220201T,704.8759641051292,704.8759641051292,704.8759641051292,704.8759641051292,0
20220202T,809.5576437711716,809.5576437711716,809.5576437711716,809.5576437711716,0
20220203T,751.292550265789,751.292550265789,751.292550265789,751.292550265789,0
20220204T,652.091484606266,652.091484606266,652.091484606266,652.091484606266,0
20220205T,572.2276849746704,572.2276849746704,572.2276849746704,572.2276849746704,0
20220206T,552.8290798068047,552.8290798068047,552.8290798068047,552.8290798068047,0
20220207T,575.9585002064705,575.9585002064705,575.9585002064705,575.9585002064705,0
20220208T,653.8433744311333,653.8433744311333,653.8433744311333,653.8433744311333,0
20220209T,575.2037306427956,575.2037306427956,575.2037306427956,575.2037306427956,0
20220210T,477.421730697155,477.421730697155,477.421730697155,477.421730697155,0
20220211T,447.67212438583374,447.67212438583374,447.67212438583374,447.67212438583374,0
20220212T,413.6655715703964,413.6655715703964,413.6655715703964,413.6655715703964,0
20220213T,496.3267633318901,496.3267633318901,496.3267633318901,496.3267633318901,0
20220214T,517.360679090023,517.360679090023,517.360679090023,517.360679090023,0
20220215T,693.2020138502121,693.2020138502121,693.2020138502121,693.2020138502121,0
20220216T,644.60810816288,644.60810816288,644.60810816288,644.60810816288,0
20220217T,478.766630589962,478.766630589962,478.766630589962,478.766630589962,0
20220218T,396.0882186293602,396.0882186293602,396.0882186293602,396.0882186293602,0
20220219T,422.6245750784874,422.6245750784874,422.6245750784874,422.6245750784874,0
20220220T,669.0684735178947,669.0684735178947,669.0684735178947,669.0684735178947,0
20220221T,472.8969766497612,472.8969766497612,472.8969766497612,472.8969766497612,0
20220222T,457.5064269900322,457.5064269900322,457.5064269900322,457.5064269900322,0
20220223T,492.24333065748215,492.24333065748215,492.24333065748215,492.24333065748215,0
20220224T,497.787650346756,497.787650346756,497.787650346756,497.787650346756,0
20220225T,342.38324612379074,342.38324612379074,342.38324612379074,342.38324612379074,0
20220226T,447.21073627471924,447.21073627471924,447.21073627471924,447.21073627471924,0
20220227T,380.5431689620018,380.5431689620018,380.5431689620018,380.5431689620018,0
20220228T,364.1886835694313,364.1886835694313,364.1886835694313,364.1886835694313,0
20220301T,373.6213788986206,373.6213788986206,373.6213788986206,373.6213788986206,0
20220302T,392.8330616950989,392.8330616950989,392.8330616950989,392.8330616950989,0
20220303T,400.383837223053,400.383837223053,400.383837223053,400.383837223053,0
20220304T,420.9248302578926,420.9248302578926,420.9248302578926,420.9248302578926,0
20220305T,427.3546882867813,427.3546882867813,427.3546882867813,427.3546882867813,0
20220306T,418.91476702690125,418.91476702690125,418.91476702690125,418.91476702690125,0
20220307T,605.1066078543663,605.1066078543663,605.1066078543663,605.1066078543663,0
20220308T,527.8495668172836,527.8495668172836,527.8495668172836,527.8495668172836,0
20220309T,472.34132170677185,472.34132170677185,472.34132170677185,472.34132170677185,0
20220310T,413.91217106580734,413.91217106580734,413.91217106580734,413.91217106580734,0
20220311T,397.54658085107803,397.54658085107803,397.54658085107803,397.54658085107803,0
20220312T,456.17022490501404,456.17022490501404,456.17022490501404,456.17022490501404,0
20220313T,411.4445276260376,411.4445276260376,411.4445276260376,411.4445276260376,0
20220314T,434.92412227392197,434.92412227392197,434.92412227392197,434.92412227392197,0
20220315T,519.2221736907959,519.2221736907959,519.2221736907959,519.2221736907959,0
20220316T,339.60551756620407,339.60551756620407,339.60551756620407,339.60551756620407,0
20220317T,530.9071722626686,530.9071722626686,530.9071722626686,530.9071722626686,0
20220318T,555.1759017705917,555.1759017705917,555.1759017705917,555.1759017705917,0
20220319T,447.64410960674286,447.64410960674286,447.64410960674286,447.64410960674286,0
20220320T,369.39000475406647,369.39000475406647,369.39000475406647,369.39000475406647,0
20220321T,510.3619311451912,510.3619311451912,510.3619311451912,510.3619311451912,0
20220322T,430.22503954172134,430.22503954172134,430.22503954172134,430.22503954172134,0
20220323T,495.78931671380997,495.78931671380997,495.78931671380997,495.78931671380997,0
20220324T,554.4964293837547,554.4964293837547,554.4964293837547,554.4964293837547,0
20220325T,533.1347542405128,533.1347542405128,533.1347542405128,533.1347542405128,0
20220326T,393.8504012823105,393.8504012823105,393.8504012823105,393.8504012823105,0
20220327T,485.9822776913643,485.9822776913643,485.9822776913643,485.9822776913643,0
20220328T,526.4750512838364,526.4750512838364,526.4750512838364,526.4750512838364,0
20220329T,581.9277733564377,581.9277733564377,581.9277733564377,581.9277733564377,0
20220330T,419.00173330307007,419.00173330307007,419.00173330307007,419.00173330307007,0
20220331T,329.8406250476837,329.8406250476837,329.8406250476837,329.8406250476837,0
20220401T,334.85843056440353,334.85843056440353,334.85843056440353,334.85843056440353,0
20220402T,410.36762166023254,410.36762166023254,410.36762166023254,410.36762166023254,0
20220403T,371.3241517543793,371.3241517543793,371.3241517543793,371.3241517543793,0
20220404T,407.9007731080055,407.9007731080055,407.9007731080055,407.9007731080055,0
20220405T,522.9025802612305,522.9025802612305,522.9025802612305,522.9025802612305,0
20220406T,524.0204602479935,524.0204602479935,524.0204602479935,524.0204602479935,0
20220407T,412.2801443338394,412.2801443338394,412.2801443338394,412.2801443338394,0
20220408T,377.66514521837234,377.66514521837234,377.66514521837234,377.66514521837234,0
20220409T,435.49201089143753,435.49201089143753,435.49201089143753,435.49201089143753,0
20220410T,470.20638692379,470.20638692379,470.20638692379,470.20638692379,0
20220411T,534.4504430890083,534.4504430890083,534.4504430890083,534.4504430890083,0
20220412T,453.4932301044464,453.4932301044464,453.4932301044464,453.4932301044464,0
20220413T,660.1554261445999,660.1554261445999,660.1554261445999,660.1554261445999,0
20220414T,577.6298497319221,577.6298497319221,577.6298497319221,577.6298497319221,0
20220415T,454.0722704529762,454.0722704529762,454.0722704529762,454.0722704529762,0
20220416T,510.50836116075516,510.50836116075516,510.50836116075516,510.50836116075516,0
20220417T,608.7434510588646,608.7434510588646,608.7434510588646,608.7434510588646,0
20220418T,542.8534771800041,542.8534771800041,542.8534771800041,542.8534771800041,0
20220419T,493.36598336696625,493.36598336696625,493.36598336696625,493.36598336696625,0
20220420T,420.17610788345337,420.17610788345337,420.17610788345337,420.17610788345337,0
20220421T,435.25554221868515,435.25554221868515,435.25554221868515,435.25554221868515,0
20220422T,462.00027990341187,462.00027990341187,462.00027990341187,462.00027990341187,0
20220423T,488.76519882678986,488.76519882678986,488.76519882678986,488.76519882678986,0
20220424T,394.2050617337227,394.2050617337227,394.2050617337227,394.2050617337227,0
20220425T,549.9980239272118,549.9980239272118,549.9980239272118,549.9980239272118,0
20220426T,481.7829394340515,481.7829394340515,481.7829394340515,481.7829394340515,0
20220427T,448.23340755701065,448.23340755701065,448.23340755701065,448.23340755701065,0
20220428T,435.8175481557846,435.8175481557846,435.8175481557846,435.8175481557846,0
20220429T,499.5095034837723,499.5095034837723,499.5095034837723,499.5095034837723,0
20220430T,524.9621782302856,524.9621782302856,524.9621782302856,524.9621782302856,0
20220501T,6553.4070550077595,6553.4070550077595,6553.4070550077595,6553.4070550077595,0
20220502T,3904.1227871323936,3904.1227871323936,3904.1227871323936,3904.1227871323936,0
20220503T,3406.2328336657374,3406.2328336657374,3406.2328336657374,3406.2328336657374,0
20220504T,3810.9580604992807,3810.9580604992807,3810.9580604992807,3810.9580604992807,0
20220505T,3680.5969152925536,3680.5969152925536,3680.5969152925536,3680.5969152925536,0
20220506T,3667.8832019837573,3667.8832019837573,3667.8832019837573,3667.8832019837573,0
20220507T,3060.0489227995276,3060.0489227995276,3060.0489227995276,3060.0489227995276,0
20220508T,3037.3217707327567,3037.3217707327567,3037.3217707327567,3037.3217707327567,0
20220509T,4199.647150512785,4199.647150512785,4199.647150512785,4199.647150512785,0
20220510T,3945.6067688521,3945.6067688521,3945.6067688521,3945.6067688521,0
20220511T,4557.542478251271,4557.542478251271,4557.542478251271,4557.542478251271,0
20220512T,4725.931243671512,4725.931243671512,4725.931243671512,4725.931243671512,0
20220513T,3839.4310968574136,3839.4310968574136,3839.4310968574136,3839.4310968574136,0
20220514T,3109.0041264956817,3109.0041264956817,3109.0041264956817,3109.0041264956817,0
20220515T,2847.6014240197837,2847.6014240197837,2847.6014240197837,2847.6014240197837,0
20220516T,5214.602609504946,5214.602609504946,5214.602609504946,5214.602609504946,0
20220517T,3646.9124958422035,3646.9124958422035,3646.9124958422035,3646.9124958422035,0
20220518T,3357.3051991148386,3357.3051991148386,3357.3051991148386,3357.3051991148386,0
20220519T,2983.366599939298,2983.366599939298,2983.366599939298,2983.366599939298,0
20220520T,2959.143961703405,2959.143961703405,2959.143961703405,2959.143961703405,0
20220521T,2393.5917924144305,2393.5917924144305,2393.5917924144305,2393.5917924144305,0
20220522T,2472.543401875533,2472.543401875533,2472.543401875533,2472.543401875533,0
20220523T,2823.1302823983133,2823.1302823983133,2823.1302823983133,2823.1302823983133,0
20220524T,3076.8531673704274,3076.8531673704274,3076.8531673704274,3076.8531673704274,0
20220525T,2659.77904115431,2659.77904115431,2659.77904115431,2659.77904115431,0
20220526T,3669.59491450747,3669.59491450747,3669.59491450747,3669.59491450747,0
20220527T,4296.850391366519,4296.850391366519,4296.850391366519,4296.850391366519,0
20220528T,2903.7492545265704,2903.7492545265704,2903.7492545265704,2903.7492545265704,0
20220529T,2300.9159598322585,2300.9159598322585,2300.9159598322585,2300.9159598322585,0
20220530T,2835.2154005519114,2835.2154005519114,2835.2154005519114,2835.2154005519114,0
20220531T,3010.415499913972,3010.415499913972,3010.415499913972,3010.415499913972,0
20220601T,3116.118891310878,3116.118891310878,3116.118891310878,3116.118891310878,0
20220602T,2795.616358391475,2795.616358391475,2795.616358391475,2795.616358391475,0
20220603T,2616.019096599892,2616.019096599892,2616.019096599892,2616.019096599892,0
20220604T,2647.6681934002554,2647.6681934002554,2647.6681934002554,2647.6681934002554,0
20220605T,2844.8224766859785,2844.8224766859785,2844.8224766859785,2844.8224766859785,0
20220606T,2626.7263709641993,2626.7263709641993,2626.7263709641993,2626.7263709641993,0
20220607T,2251.9508978151716,2251.9508978151716,2251.9508978151716,2251.9508978151716,0
20220608T,2273.918758906424,2273.918758906424,2273.918758906424,2273.918758906424,0
20220609T,2368.604221473448,2368.604221473448,2368.604221473448,2368.604221473448,0
20220610T,2787.4709542915225,2787.4709542915225,2787.4709542915225,2787.4709542915225,0
20220611T,3965.3988847569562,3965.3988847569562,3965.3988847569562,3965.3988847569562,0
20220612T,3599.893368148245,3599.893368148245,3599.893368148245,3599.893368148245,0
20220613T,5759.847998119425,5759.847998119425,5759.847998119425,5759.847998119425,0
20220614T,4357.997194612399,4357.997194612399,4357.997194612399,4357.997194612399,0
20220615T,3983.7784966267645,3983.7784966267645,3983.7784966267645,3983.7784966267645,0
20220616T,2938.049006464891,2938.049006464891,2938.049006464891,2938.049006464891,0
20220617T,2771.031633798033,2771.031633798033,2771.031633798033,2771.031633798033,0
20220618T,4383.985990066081,4383.985990066081,4383.985990066081,4383.985990066081,0
20220619T,3378.167057199171,3378.167057199171,3378.167057199171,3378.167057199171,0
20220620T,2938.0988504011184,2938.0988504011184,2938.0988504011184,2938.0988504011184,0
20220621T,2635.5930392686278,2635.5930392686278,2635.5930392686278,2635.5930392686278,0
20220622T,2871.735113495495,2871.735113495495,2871.735113495495,2871.735113495495,0
20220623T,2402.8497269651853,2402.8497269651853,2402.8497269651853,2402.8497269651853,0
20220624T,2641.226420054212,2641.226420054212,2641.226420054212,2641.226420054212,0
20220625T,2057.9280783860013,2057.9280783860013,2057.9280783860013,2057.9280783860013,0
20220626T,1917.5388558954,1917.5388558954,1917.5388558954,1917.5388558954,0
20220627T,2102.0208660373464,2102.0208660373464,2102.0208660373464,2102.0208660373464,0
20220628T,2338.7930319393054,2338.7930319393054,2338.7930319393054,2338.7930319393054,0
20220629T,2424.667275656946,2424.667275656946,2424.667275656946,2424.667275656946,0
20220630T,2039.8529059393331,2039.8529059393331,2039.8529059393331,2039.8529059393331,0
20220701T,2259.0118730813265,2259.0118730813265,2259.0118730813265,2259.0118730813265,0
20220702T,1851.1367409583181,1851.1367409583181,1851.1367409583181,1851.1367409583181,0
20220703T,1985.091372704599,1985.091372704599,1985.091372704599,1985.091372704599,0
20220704T,1824.719470396638,1824.719470396638,1824.719470396638,1824.719470396638,0
20220705T,1821.842264585197,1821.842264585197,1821.842264585197,1821.842264585197,0
20220706T,1911.221848251298,1911.221848251298,1911.221848251298,1911.221848251298,0
20220707T,2083.077574403025,2083.077574403025,2083.077574403025,2083.077574403025,0
20220708T,3516.3245070623234,3516.3245070623234,3516.3245070623234,3516.3245070623234,0
20220709T,4121.100406164536,4121.100406164536,4121.100406164536,4121.100406164536,0
20220710T,4194.883867415367,4194.883867415367,4194.883867415367,4194.883867415367,0
20220711T,4565.016825628933,4565.016825628933,4565.016825628933,4565.016825628933,0
20220712T,2608.4511755425483,2608.4511755425483,2608.4511755425483,2608.4511755425483,0
20220713T,2362.3853288074024,2362.3853288074024,2362.3853288074024,2362.3853288074024,0
20220714T,2140.500133770518,2140.500133770518,2140.500133770518,2140.500133770518,0
20220715T,2262.8264888739213,2262.8264888739213,2262.8264888739213,2262.8264888739213,0
20220716T,2290.3834623647854,2290.3834623647854,2290.3834623647854,2290.3834623647854,0
20220717T,1903.1278668846935,1903.1278668846935,1903.1278668846935,1903.1278668846935,0
20220718T,2738.3255225231405,2738.3255225231405,2738.3255225231405,2738.3255225231405,0
20220719T,2455.5064827073365,2455.5064827073365,2455.5064827073365,2455.5064827073365,0
20220720T,2307.7189476689673,2307.7189476689673,2307.7189476689673,2307.7189476689673,0
20220721T,2193.2989250821993,2193.2989250821993,2193.2989250821993,2193.2989250821993,0
20220722T,2175.120493888855,2175.120493888855,2175.120493888855,2175.120493888855,0
20220723T,1727.8091389527544,1727.8091389527544,1727.8091389527544,1727.8091389527544,0
20220724T,1789.4503198768944,1789.4503198768944,1789.4503198768944,1789.4503198768944,0
20220725T,2077.5900387205184,2077.5900387205184,2077.5900387205184,2077.5900387205184,0
20220726T,2343.9709237860516,2343.9709237860516,2343.9709237860516,2343.9709237860516,0
20220727T,2728.96202917723,2728.96202917723,2728.96202917723,2728.96202917723,0
20220728T,4108.651102777105,4108.651102777105,4108.651102777105,4108.651102777105,0
20220729T,3175.1056824247353,3175.1056824247353,3175.1056824247353,3175.1056824247353,0
20220730T,2812.605815405026,2812.605815405026,2812.605815405026,2812.605815405026,0
20220731T,2292.5868146931753,2292.5868146931753,2292.5868146931753,2292.5868146931753,0
20220801T,3380.917026109528,3380.917026109528,3380.917026109528,3380.917026109528,0
20220802T,2137.546420783736,2137.546420783736,2137.546420783736,2137.546420783736,0
20220803T,2335.238850600552,2335.238850600552,2335.238850600552,2335.238850600552,0
20220804T,2248.320846596209,2248.320846596209,2248.320846596209,2248.320846596209,0
20220805T,2181.662277779542,2181.662277779542,2181.662277779542,2181.662277779542,0
20220806T,2398.0681088753045,2398.0681088753045,2398.0681088753045,2398.0681088753045,0
20220807T,2282.693895409815,2282.693895409815,2282.693895409815,2282.693895409815,0
20220808T,2729.517310189549,2729.517310189549,2729.517310189549,2729.517310189549,0
20220809T,2374.738247354515,2374.738247354515,2374.738247354515,2374.738247354515,0
20220810T,2914.825909475796,2914.825909475796,2914.825909475796,2914.825909475796,0
20220811T,4213.066982296761,4213.066982296761,4213.066982296761,4213.066982296761,0
20220812T,3280.4365977197886,3280.4365977197886,3280.4365977197886,3280.4365977197886,0
20220813T,3261.9436662732624,3261.9436662732624,3261.9436662732624,3261.9436662732624,0
20220814T,2632.828602656722,2632.828602656722,2632.828602656722,2632.828602656722,0
20220815T,2787.491537288297,2787.491537288297,2787.491537288297,2787.491537288297,0
20220816T,2787.185450043995,2787.185450043995,2787.185450043995,2787.185450043995,0
20220817T,2693.7340124472976,2693.7340124472976,2693.7340124472976,2693.7340124472976,0
20220818T,2763.36046939902,2763.36046939902,2763.36046939902,2763.36046939902,0
20220819T,4105.408562737983,4105.408562737983,4105.408562737983,4105.408562737983,0
20220820T,4364.551543905865,4364.551543905865,4364.551543905865,4364.551543905865,0
20220821T,4215.996828663163,4215.996828663163,4215.996828663163,4215.996828663163,0
20220822T,2452.5614227317274,2452.5614227317274,2452.5614227317274,2452.5614227317274,0
20220823T,2390.186376244761,2390.186376244761,2390.186376244761,2390.186376244761,0
20220824T,2496.438437163364,2496.438437163364,2496.438437163364,2496.438437163364,0
20220825T,2627.5350353782997,2627.5350353782997,2627.5350353782997,2627.5350353782997,0
20220826T,3958.019021259388,3958.019021259388,3958.019021259388,3958.019021259388,0
20220827T,2280.445411901921,2280.445411901921,2280.445411901921,2280.445411901921,0
20220828T,1633.7035871264525,1633.7035871264525,1633.7035871264525,1633.7035871264525,0
20220829T,3618.820329909213,3618.820329909213,3618.820329909213,3618.820329909213,0
20220830T,3727.8331622923724,3727.8331622923724,3727.8331622923724,3727.8331622923724,0
20220831T,2561.7672009691596,2561.7672009691596,2561.7672009691596,2561.7672009691596,0
20220901T,2507.9378904690966,2507.9378904690966,2507.9378904690966,2507.9378904690966,0
20220902T,2518.271032182267,2518.271032182267,2518.271032182267,2518.271032182267,0
20220903T,2236.5113551495597,2236.5113551495597,2236.5113551495597,2236.5113551495597,0
20220904T,2046.1871680123731,2046.1871680123731,2046.1871680123731,2046.1871680123731,0
20220905T,2530.7797990655527,2530.7797990655527,2530.7797990655527,2530.7797990655527,0
20220906T,3485.048110794276,3485.048110794276,3485.048110794276,3485.048110794276,0
20220907T,3355.2401610622182,3355.2401610622182,3355.2401610622182,3355.2401610622182,0
20220908T,3278.033245828934,3278.033245828934,3278.033245828934,3278.033245828934,0
20220909T,2800.6534538599662,2800.6534538599662,2800.6534538599662,2800.6534538599662,0
20220910T,3075.632786546601,3075.632786546601,3075.632786546601,3075.632786546601,0
20220911T,3140.1441774161067,3140.1441774161067,3140.1441774161067,3140.1441774161067,0
20220912T,2784.1981048550806,2784.1981048550806,2784.1981048550806,2784.1981048550806,0
20220913T,3250.9631928955205,3250.9631928955205,3250.9631928955205,3250.9631928955205,0
20220914T,4220.183204380795,4220.183204380795,4220.183204380795,4220.183204380795,0
20220915T,8930.13133826197,8930.13133826197,8930.13133826197,8930.13133826197,0
20220916T,5131.928483844735,5131.928483844735,5131.928483844735,5131.928483844735,0
20220917T,3034.3608390543377,3034.3608390543377,3034.3608390543377,3034.3608390543377,0
20220918T,3421.226832931163,3421.226832931163,3421.226832931163,3421.226832931163,0
20220919T,3772.24325635843,3772.24325635843,3772.24325635843,3772.24325635843,0
20220920T,3959.120681155415,3959.120681155415,3959.120681155415,3959.120681155415,0
20220921T,2663.823039975716,2663.823039975716,2663.823039975716,2663.823039975716,0
20220922T,2526.60154535505,2526.60154535505,2526.60154535505,2526.60154535505,0
20220923T,2549.5372938525397,2549.5372938525397,2549.5372938525397,2549.5372938525397,0
20220924T,4777.541062073782,4777.541062073782,4777.541062073782,4777.541062073782,0
20220925T,3552.124364566058,3552.124364566058,3552.124364566058,3552.124364566058,0
20220926T,2969.3301498312503,2969.3301498312503,2969.3301498312503,2969.3301498312503,0
20220927T,2253.7173408032395,2253.7173408032395,2253.7173408032395,2253.7173408032395,0
20220928T,2824.608516843058,2824.608516843058,2824.608516843058,2824.608516843058,0
20220929T,2649.790310948156,2649.790310948156,2649.790310948156,2649.790310948156,0
20220930T,2954.5613504159264,2954.5613504159264,2954.5613504159264,2954.5613504159264,0
20221001T,2052.291542044375,2052.291542044375,2052.291542044375,2052.291542044375,0
20221002T,1831.821328853257,1831.821328853257,1831.821328853257,1831.821328853257,0
20221003T,2274.4808772802353,2274.4808772802353,2274.4808772802353,2274.4808772802353,0
20221004T,2245.530759088695,2245.530759088695,2245.530759088695,2245.530759088695,0
20221005T,2061.5554624171928,2061.5554624171928,2061.5554624171928,2061.5554624171928,0
20221006T,2098.0295449540718,2098.0295449540718,2098.0295449540718,2098.0295449540718,0
20221007T,2095.7439755070955,2095.7439755070955,2095.7439755070955,2095.7439755070955,0
20221008T,1627.3861644007266,1627.3861644007266,1627.3861644007266,1627.3861644007266,0
20221009T,1860.3022787496448,1860.3022787496448,1860.3022787496448,1860.3022787496448,0
20221010T,2057.2473936239257,2057.2473936239257,2057.2473936239257,2057.2473936239257,0
20221011T,2835.8815935337916,2835.8815935337916,2835.8815935337916,2835.8815935337916,0
20221012T,1997.353387518786,1997.353387518786,1997.353387518786,1997.353387518786,0
20221013T,2235.3135876068845,2235.3135876068845,2235.3135876068845,2235.3135876068845,0
20221014T,2658.622376893589,2658.622376893589,2658.622376893589,2658.622376893589,0
20221015T,2555.8439598348923,2555.8439598348923,2555.8439598348923,2555.8439598348923,0
20221016T,2190.470319021493,2190.470319021493,2190.470319021493,2190.470319021493,0
20221017T,2412.637930116616,2412.637930116616,2412.637930116616,2412.637930116616,0
20221018T,2136.515254142694,2136.515254142694,2136.515254142694,2136.515254142694,0
20221019T,2132.378123912844,2132.378123912844,2132.378123912844,2132.378123912844,0
20221020T,2058.2036509374157,2058.2036509374157,2058.2036509374157,2058.2036509374157,0
20221021T,2016.903747426346,2016.903747426346,2016.903747426346,2016.903747426346,0
20221022T,1740.1254826504737,1740.1254826504737,1740.1254826504737,1740.1254826504737,0
20221023T,1722.9672886142507,1722.9672886142507,1722.9672886142507,1722.9672886142507,0
20221024T,1887.0633950904012,1887.0633950904012,1887.0633950904012,1887.0633950904012,0
20221025T,3208.8477402273566,3208.8477402273566,3208.8477402273566,3208.8477402273566,0
20221026T,3651.6571666025557,3651.6571666025557,3651.6571666025557,3651.6571666025557,0
20221027T,2372.91472719796,2372.91472719796,2372.91472719796,2372.91472719796,0
20221028T,2463.577123411,2463.577123411,2463.577123411,2463.577123411,0
20221029T,2223.990209701471,2223.990209701471,2223.990209701471,2223.990209701471,0
20221030T,2115.3911669588997,2115.3911669588997,2115.3911669588997,2115.3911669588997,0
20221031T,2342.4505169522017,2342.4505169522017,2342.4505169522017,2342.4505169522017,0
20221101T,2187.2130994643085,2187.2130994643085,2187.2130994643085,2187.2130994643085,0
20221102T,1946.1516650006524,1946.1516650006524,1946.1516650006524,1946.1516650006524,0
20221103T,2201.4957612119615,2201.4957612119615,2201.4957612119615,2201.4957612119615,0
20221104T,2246.4410777110606,2246.4410777110606,2246.4410777110606,2246.4410777110606,0
20221105T,2164.6521211251966,2164.6521211251966,2164.6521211251966,2164.6521211251966,0
20221106T,1878.51188339293,1878.51188339293,1878.51188339293,1878.51188339293,0
20221107T,1984.772535553202,1984.772535553202,1984.772535553202,1984.772535553202,0
20221108T,2624.794019661378,2624.794019661378,2624.794019661378,2624.794019661378,0
20221109T,4249.168665557401,4249.168665557401,4249.168665557401,4249.168665557401,0
20221110T,3159.813186345622,3159.813186345622,3159.813186345622,3159.813186345622,0
20221111T,2827.4106947146356,2827.4106947146356,2827.4106947146356,2827.4106947146356,0
20221112T,2670.4901415454224,2670.4901415454224,2670.4901415454224,2670.4901415454224,0
20221113T,3160.2724948101677,3160.2724948101677,3160.2724948101677,3160.2724948101677,0
20221114T,2859.905693085864,2859.905693085864,2859.905693085864,2859.905693085864,0
20221115T,2800.033013164997,2800.033013164997,2800.033013164997,2800.033013164997,0
20221116T,2294.002134108916,2294.002134108916,2294.002134108916,2294.002134108916,0
20221117T,2747.0771565232426,2747.0771565232426,2747.0771565232426,2747.0771565232426,0
20221118T,2211.5683649796993,2211.5683649796993,2211.5683649796993,2211.5683649796993,0
20221119T,2041.334957933519,2041.334957933519,2041.334957933519,2041.334957933519,0
20221120T,2463.425948606804,2463.425948606804,2463.425948606804,2463.425948606804,0
20221121T,2768.9546577362344,2768.9546577362344,2768.9546577362344,2768.9546577362344,0
20221122T,2482.945358769968,2482.945358769968,2482.945358769968,2482.945358769968,0
20221123T,2540.648742427584,2540.648742427584,2540.648742427584,2540.648742427584,0
20221124T,2867.29955294542,2867.29955294542,2867.29955294542,2867.29955294542,0
20221125T,2175.8906996166334,2175.8906996166334,2175.8906996166334,2175.8906996166334,0
20221126T,1947.5737781757489,1947.5737781757489,1947.5737781757489,1947.5737781757489,0
20221127T,1781.5325206774287,1781.5325206774287,1781.5325206774287,1781.5325206774287,0
20221128T,1855.7226256066933,1855.7226256066933,1855.7226256066933,1855.7226256066933,0
20221129T,2069.541436194442,2069.541436194442,2069.541436194442,2069.541436194442,0
20221130T,2009.0883521979558,2009.0883521979558,2009.0883521979558,2009.0883521979558,0
20221201T,1897.3538145329803,1897.3538145329803,1897.3538145329803,1897.3538145329803,0
20221202T,1626.198231398128,1626.198231398128,1626.198231398128,1626.198231398128,0
20221203T,1314.3624897464179,1314.3624897464179,1314.3624897464179,1314.3624897464179,0
20221204T,1251.6730616735294,1251.6730616735294,1251.6730616735294,1251.6730616735294,0
20221205T,1339.4680788675323,1339.4680788675323,1339.4680788675323,1339.4680788675323,0
20221206T,1425.4884917736053,1425.4884917736053,1425.4884917736053,1425.4884917736053,0
20221207T,1569.4887894736603,1569.4887894736603,1569.4887894736603,1569.4887894736603,0
20221208T,1615.9517502561212,1615.9517502561212,1615.9517502561212,1615.9517502561212,0
20221209T,1877.1303249215707,1877.1303249215707,1877.1303249215707,1877.1303249215707,0
20221210T,1390.0860009542666,1390.0860009542666,1390.0860009542666,1390.0860009542666,0
20221211T,1335.3342766407877,1335.3342766407877,1335.3342766407877,1335.3342766407877,0
20221212T,2420.664696718799,2420.664696718799,2420.664696718799,2420.664696718799,0
20221213T,2770.9568074913695,2770.9568074913695,2770.9568074913695,2770.9568074913695,0
20221214T,2533.7020725868642,2533.7020725868642,2533.7020725868642,2533.7020725868642,0
20221215T,2430.0821646200493,2430.0821646200493,2430.0821646200493,2430.0821646200493,0
20221216T,2645.5898425271153,2645.5898425271153,2645.5898425271153,2645.5898425271153,0
20221217T,2610.6655828626826,2610.6655828626826,2610.6655828626826,2610.6655828626826,0
20221218T,1867.9574005922768,1867.9574005922768,1867.9574005922768,1867.9574005922768,0
20221219T,2421.336913687177,2421.336913687177,2421.336913687177,2421.336913687177,0
20221220T,2900.200392167084,2900.200392167084,2900.200392167084,2900.200392167084,0
20221221T,2983.6996488654986,2983.6996488654986,2983.6996488654986,2983.6996488654986,0
20221222T,2787.2608839748427,2787.2608839748427,2787.2608839748427,2787.2608839748427,0
20221223T,2556.98125353083,2556.98125353083,2556.98125353083,2556.98125353083,0
20221224T,2659.3167848410085,2659.3167848410085,2659.3167848410085,2659.3167848410085,0
20221225T,2453.334365935065,2453.334365935065,2453.334365935065,2453.334365935065,0
20221226T,2623.298968550749,2623.298968550749,2623.298968550749,2623.298968550749,0
20221227T,1357.38540184265,1357.38540184265,1357.38540184265,1357.38540184265,0
20221228T,2596.4256540294737,2596.4256540294737,2596.4256540294737,2596.4256540294737,0
20221229T,2667.45595639199,2667.45595639199,2667.45595639199,2667.45595639199,0
20221230T,3366.9438451807946,3366.9438451807946,3366.9438451807946,3366.9438451807946,0
20221231T,3530.386125506833,3530.386125506833,3530.386125506833,3530.386125506833,0
20230101T,2500.078332587378,2500.078332587378,2500.078332587378,2500.078332587378,0
20230102T,2558.4898258189205,2558.4898258189205,2558.4898258189205,2558.4898258189205,0
20230103T,2830.960381286568,2830.960381286568,2830.960381286568,2830.960381286568,0
20230104T,3265.012457324192,3265.012457324192,3265.012457324192,3265.012457324192,0
20230105T,2796.0681164944544,2796.0681164944544,2796.0681164944544,2796.0681164944544,0
20230106T,3734.720721328631,3734.720721328631,3734.720721328631,3734.720721328631,0
20230107T,2133.6114516304806,2133.6114516304806,2133.6114516304806,2133.6114516304806,0
20230108T,2288.8827471705154,2288.8827471705154,2288.8827471705154,2288.8827471705154,0
20230109T,2794.1305704428814,2794.1305704428814,2794.1305704428814,2794.1305704428814,0
20230110T,2484.2591008124873,2484.2591008124873,2484.2591008124873,2484.2591008124873,0
20230111T,2481.8326246850193,2481.8326246850193,2481.8326246850193,2481.8326246850193,0
20230112T,2680.2240238080267,2680.2240238080267,2680.2240238080267,2680.2240238080267,0
20230113T,3587.246744305361,3587.246744305361,3587.246744305361,3587.246744305361,0
20230114T,5278.812607169151,5278.812607169151,5278.812607169151,5278.812607169151,0
20230115T,2634.917233517859,2634.917233517859,2634.917233517859,2634.917233517859,0
20230116T,3468.7047087764367,3468.7047087764367,3468.7047087764367,3468.7047087764367,0
20230117T,2945.785254733637,2945.785254733637,2945.785254733637,2945.785254733637,0
20230118T,2863.495487876702,2863.495487876702,2863.495487876702,2863.495487876702,0
20230119T,2628.624595673755,2628.624595673755,2628.624595673755,2628.624595673755,0
20230120T,2572.8789515690296,2572.8789515690296,2572.8789515690296,2572.8789515690296,0
20230121T,2258.2257366341073,2258.2257366341073,2258.2257366341073,2258.2257366341073,0
20230122T,2256.05020027142,2256.05020027142,2256.05020027142,2256.05020027142,0
20230123T,3107.8949221358635,3107.8949221358635,3107.8949221358635,3107.8949221358635,0
20230124T,3421.9545298595913,3421.9545298595913,3421.9545298595913,3421.9545298595913,0
20230125T,2846.082188250497,2846.082188250497,2846.082188250497,2846.082188250497,0
20230126T,2281.19678246649,2281.19678246649,2281.19678246649,2281.19678246649,0
20230127T,2319.055819785688,2319.055819785688,2319.055819785688,2319.055819785688,0
20230128T,2035.095182302408,2035.095182302408,2035.095182302408,2035.095182302408,0
20230129T,2269.09792193491,2269.09792193491,2269.09792193491,2269.09792193491,0
20230130T,3437.1299922964536,3437.1299922964536,3437.1299922964536,3437.1299922964536,0
20230131T,3301.8075813704636,3301.8075813704636,3301.8075813704636,3301.8075813704636,0
20230201T,2529.6605372442864,2529.6605372442864,2529.6605372442864,2529.6605372442864,0
20230202T,2308.752393371309,2308.752393371309,2308.752393371309,2308.752393371309,0
20230203T,2033.3058182876557,2033.3058182876557,2033.3058182876557,2033.3058182876557,0
20230204T,2147.798018887639,2147.798018887639,2147.798018887639,2147.798018887639,0
20230205T,2181.0761963156983,2181.0761963156983,2181.0761963156983,2181.0761963156983,0
20230206T,2360.307935438119,2360.307935438119,2360.307935438119,2360.307935438119,0
20230207T,3007.0743821044452,3007.0743821044452,3007.0743821044452,3007.0743821044452,0
