20200505T,6.778786230025508,6.778786230025508,6.778786230025508,6.778786230025508,0
20200506T,7.529652290997792,7.529652290997792,7.529652290997792,7.529652290997792,0
20200507T,8.015503871085953,8.015503871085953,8.015503871085953,8.015503871085953,0
20200508T,7.258630793459967,7.258630793459967,7.258630793459967,7.258630793459967,0
20200509T,7.219389716704819,7.219389716704819,7.219389716704819,7.219389716704819,0
20200510T,6.690003053170193,6.690003053170193,6.690003053170193,6.690003053170193,0
20200511T,5.077667570709581,5.077667570709581,5.077667570709581,5.077667570709581,0
20200512T,6.088694615862632,6.088694615862632,6.088694615862632,6.088694615862632,0
20200513T,7.320135220971881,7.320135220971881,7.320135220971881,7.320135220971881,0
20200514T,8.405993238680418,8.405993238680418,8.405993238680418,8.405993238680418,0
20200515T,9.407521661547129,9.407521661547129,9.407521661547129,9.407521661547129,0
20200516T,7.287409226780465,7.287409226780465,7.287409226780465,7.287409226780465,0
20200517T,7.418082777036972,7.418082777036972,7.418082777036972,7.418082777036972,0
20200518T,9.220639228469743,9.220639228469743,9.220639228469743,9.220639228469743,0
20200519T,6.564174327108783,6.564174327108783,6.564174327108783,6.564174327108783,0
20200520T,7.217330936865553,7.217330936865553,7.217330936865553,7.217330936865553,0
20200521T,9.269835123138565,9.269835123138565,9.269835123138565,9.269835123138565,0
20200522T,9.12972486646626,9.12972486646626,9.12972486646626,9.12972486646626,0
20200523T,10.114149044543906,10.114149044543906,10.114149044543906,10.114149044543906,0
20200524T,10.252046033126712,10.252046033126712,10.252046033126712,10.252046033126712,0
20200525T,10.359785635063332,10.359785635063332,10.359785635063332,10.359785635063332,0
20200526T,10.414665346066837,10.414665346066837,10.414665346066837,10.414665346066837,0
20200527T,8.795607392396953,8.795607392396953,8.795607392396953,8.795607392396953,0
20200528T,10.38746012368936,10.38746012368936,10.38746012368936,10.38746012368936,0
20200529T,12.045963853337843,12.045963853337843,12.045963853337843,12.045963853337843,0
20200530T,15.866234747325068,15.866234747325068,15.866234747325068,15.866234747325068,0
20200531T,13.075045061515189,13.075045061515189,13.075045061515189,13.075045061515189,0
20200601T,12.087412646899075,12.087412646899075,12.087412646899075,12.087412646899075,0
20200602T,10.535838168775237,10.535838168775237,10.535838168775237,10.535838168775237,0
20200603T,11.376491943013425,11.376491943013425,11.376491943013425,11.376491943013425,0
20200604T,12.421627543460984,12.421627543460984,12.421627543460984,12.421627543460984,0
20200605T,9.23643288329233,9.23643288329233,9.23643288329233,9.23643288329233,0
20200606T,8.118400356485889,8.118400356485889,8.118400356485889,8.118400356485889,0
20200607T,8.463885961918251,8.463885961918251,8.463885961918251,8.463885961918251,0
20200608T,10.050442806528642,10.050442806528642,10.050442806528642,10.050442806528642,0
20200609T,9.182405484402315,9.182405484402315,9.182405484402315,9.182405484402315,0
20200610T,10.127732122259145,10.127732122259145,10.127732122259145,10.127732122259145,0
20200611T,9.551604781799933,9.551604781799933,9.551604781799933,9.551604781799933,0
20200612T,10.158125372077693,10.158125372077693,10.158125372077693,10.158125372077693,0
20200613T,8.27252304088491,8.27252304088491,8.27252304088491,8.27252304088491,0
20200614T,10.68220247601868,10.68220247601868,10.68220247601868,10.68220247601868,0
20200615T,11.349316191140538,11.349316191140538,11.349316191140538,11.349316191140538,0
20200616T,10.760460987466118,10.760460987466118,10.760460987466118,10.760460987466118,0
20200617T,10.900884664073144,10.900884664073144,10.900884664073144,10.900884664073144,0
20200618T,9.843886609852403,9.843886609852403,9.843886609852403,9.843886609852403,0
20200619T,10.421681552051878,10.421681552051878,10.421681552051878,10.421681552051878,0
20200620T,9.289403952336066,9.289403952336066,9.289403952336066,9.289403952336066,0
20200621T,9.643725847507683,9.643725847507683,9.643725847507683,9.643725847507683,0
20200622T,11.903330366222882,11.903330366222882,11.903330366222882,11.903330366222882,0
20200623T,9.574792418360536,9.574792418360536,9.574792418360536,9.574792418360536,0
20200624T,12.656089414544875,12.656089414544875,12.656089414544875,12.656089414544875,0
20200625T,9.845183911870416,9.845183911870416,9.845183911870416,9.845183911870416,0
20200626T,9.006380491477325,9.006380491477325,9.006380491477325,9.006380491477325,0
20200627T,10.17008251265051,10.17008251265051,10.17008251265051,10.17008251265051,0
20200628T,10.805759030932814,10.805759030932814,10.805759030932814,10.805759030932814,0
20200629T,8.910219038475136,8.910219038475136,8.910219038475136,8.910219038475136,0
20200630T,9.717444051225275,9.717444051225275,9.717444051225275,9.717444051225275,0
20200701T,9.695147785406593,9.695147785406593,9.695147785406593,9.695147785406593,0
20200702T,9.210178248161558,9.210178248161558,9.210178248161558,9.210178248161558,0
20200703T,8.731805903582188,8.731805903582188,8.731805903582188,8.731805903582188,0
20200704T,7.763651562972997,7.763651562972997,7.763651562972997,7.763651562972997,0
20200705T,7.084726007853734,7.084726007853734,7.084726007853734,7.084726007853734,0
20200706T,11.118609283841257,11.118609283841257,11.118609283841257,11.118609283841257,0
20200707T,10.50835115639962,10.50835115639962,10.50835115639962,10.50835115639962,0
20200708T,9.878325743192729,9.878325743192729,9.878325743192729,9.878325743192729,0
20200709T,9.551202010661164,9.551202010661164,9.551202010661164,9.551202010661164,0
20200710T,11.955599749994013,11.955599749994013,11.955599749994013,11.955599749994013,0
20200711T,10.670701138677595,10.670701138677595,10.670701138677595,10.670701138677595,0
20200712T,11.823329679226312,11.823329679226312,11.823329679226312,11.823329679226312,0
20200713T,11.631553640824485,11.631553640824485,11.631553640824485,11.631553640824485,0
20200714T,12.208610192896494,12.208610192896494,12.208610192896494,12.208610192896494,0
20200715T,13.31806173344099,13.31806173344099,13.31806173344099,13.31806173344099,0
20200716T,11.08206319338641,11.08206319338641,11.08206319338641,11.08206319338641,0
20200717T,10.271812119949827,10.271812119949827,10.271812119949827,10.271812119949827,0
20200718T,12.345501771126804,12.345501771126804,12.345501771126804,12.345501771126804,0
20200719T,12.750580495509656,12.750580495509656,12.750580495509656,12.750580495509656,0
20200720T,11.906266899563501,11.906266899563501,11.906266899563501,11.906266899563501,0
20200721T,12.402384341223152,12.402384341223152,12.402384341223152,12.402384341223152,0
20200722T,13.994973739935086,13.994973739935086,13.994973739935086,13.994973739935086,0
20200723T,17.492119025064508,17.492119025064508,17.492119025064508,17.492119025064508,0
20200724T,17.5691534325332,17.5691534325332,17.5691534325332,17.5691534325332,0
20200725T,18.216012445076267,18.216012445076267,18.216012445076267,18.216012445076267,0
20200726T,18.731382363624938,18.731382363624938,18.731382363624938,18.731382363624938,0
20200727T,16.405255271787084,16.405255271787084,16.405255271787084,16.405255271787084,0
20200728T,12.548331027773049,12.548331027773049,12.548331027773049,12.548331027773049,0
20200729T,11.063659638830503,11.063659638830503,11.063659638830503,11.063659638830503,0
20200730T,15.200041368487136,15.200041368487136,15.200041368487136,15.200041368487136,0
20200731T,16.941873814929878,16.941873814929878,16.941873814929878,16.941873814929878,0
20200801T,16.863465208380667,16.863465208380667,16.863465208380667,16.863465208380667,0
20200802T,19.646502652629252,19.646502652629252,19.646502652629252,19.646502652629252,0
20200803T,15.615545318324305,15.615545318324305,15.615545318324305,15.615545318324305,0
20200804T,17.50841720429894,17.50841720429894,17.50841720429894,17.50841720429894,0
20200805T,15.58716564957848,15.58716564957848,15.58716564957848,15.58716564957848,0
20200806T,14.232190084105504,14.232190084105504,14.232190084105504,14.232190084105504,0
20200807T,16.84175305232615,16.84175305232615,16.84175305232615,16.84175305232615,0
20200808T,16.795205894022153,16.795205894022153,16.795205894022153,16.795205894022153,0
20200809T,15.74500538353064,15.74500538353064,15.74500538353064,15.74500538353064,0
20200810T,13.770189389073199,13.770189389073199,13.770189389073199,13.770189389073199,0
20200811T,12.744835713098935,12.744835713098935,12.744835713098935,12.744835713098935,0
20200812T,12.200503220680545,12.200503220680545,12.200503220680545,12.200503220680545,0
20200813T,15.589603061523373,15.589603061523373,15.589603061523373,15.589603061523373,0
20200814T,15.896743741477316,15.896743741477316,15.896743741477316,15.896743741477316,0
20200815T,12.012384638590627,12.012384638590627,12.012384638590627,12.012384638590627,0
20200816T,11.078400983717204,11.078400983717204,11.078400983717204,11.078400983717204,0
20200817T,10.110813179270588,10.110813179270588,10.110813179270588,10.110813179270588,0
20200818T,10.442088334139491,10.442088334139491,10.442088334139491,10.442088334139491,0
20200819T,11.02082442814869,11.02082442814869,11.02082442814869,11.02082442814869,0
20200820T,9.648021671362805,9.648021671362805,9.648021671362805,9.648021671362805,0
20200821T,8.942836103802515,8.942836103802515,8.942836103802515,8.942836103802515,0
20200822T,13.090613105480422,13.090613105480422,13.090613105480422,13.090613105480422,0
20200823T,8.8179312046693,8.8179312046693,8.8179312046693,8.8179312046693,0
20200824T,11.238655045738309,11.238655045738309,11.238655045738309,11.238655045738309,0
20200825T,11.065174832037282,11.065174832037282,11.065174832037282,11.065174832037282,0
20200826T,10.403867168805927,10.403867168805927,10.403867168805927,10.403867168805927,0
20200827T,9.124184716499792,9.124184716499792,9.124184716499792,9.124184716499792,0
20200828T,8.888717117378869,8.888717117378869,8.888717117378869,8.888717117378869,0
20200829T,8.588419412593558,8.588419412593558,8.588419412593558,8.588419412593558,0
20200830T,10.404152286287163,10.404152286287163,10.404152286287163,10.404152286287163,0
20200831T,11.345352989043418,11.345352989043418,11.345352989043418,11.345352989043418,0
20200901T,18.328412460915125,18.328412460915125,18.328412460915125,18.328412460915125,0
20200902T,13.164853276885575,13.164853276885575,13.164853276885575,13.164853276885575,0
20200903T,11.757094978497598,11.757094978497598,11.757094978497598,11.757094978497598,0
20200904T,11.149602216063252,11.149602216063252,11.149602216063252,11.149602216063252,0
20200905T,13.925503035457814,13.925503035457814,13.925503035457814,13.925503035457814,0
20200906T,13.090870397107084,13.090870397107084,13.090870397107084,13.090870397107084,0
20200907T,13.772920576637809,13.772920576637809,13.772920576637809,13.772920576637809,0
20200908T,12.583855990646956,12.583855990646956,12.583855990646956,12.583855990646956,0
20200909T,13.145372151905296,13.145372151905296,13.145372151905296,13.145372151905296,0
20200910T,12.29141498047272,12.29141498047272,12.29141498047272,12.29141498047272,0
20200911T,12.505401587598756,12.505401587598756,12.505401587598756,12.505401587598756,0
20200912T,12.574822405896988,12.574822405896988,12.574822405896988,12.574822405896988,0
20200913T,14.58330868156284,14.58330868156284,14.58330868156284,14.58330868156284,0
20200914T,13.22600693296135,13.22600693296135,13.22600693296135,13.22600693296135,0
20200915T,12.976193600102057,12.976193600102057,12.976193600102057,12.976193600102057,0
20200916T,12.765452800819308,12.765452800819308,12.765452800819308,12.765452800819308,0
20200917T,14.779058881439916,14.779058881439916,14.779058881439916,14.779058881439916,0
20200918T,12.332877170838053,12.332877170838053,12.332877170838053,12.332877170838053,0
20200919T,12.32162342399429,12.32162342399429,12.32162342399429,12.32162342399429,0
20200920T,14.341874220223072,14.341874220223072,14.341874220223072,14.341874220223072,0
20200921T,11.5942997538654,11.5942997538654,11.5942997538654,11.5942997538654,0
20200922T,13.744264201159577,13.744264201159577,13.744264201159577,13.744264201159577,0
20200923T,12.993367027074342,12.993367027074342,12.993367027074342,12.993367027074342,0
20200924T,13.070820915321683,13.070820915321683,13.070820915321683,13.070820915321683,0
20200925T,11.525730817442941,11.525730817442941,11.525730817442941,11.525730817442941,0
20200926T,13.274621337880411,13.274621337880411,13.274621337880411,13.274621337880411,0
20200927T,14.878810465630806,14.878810465630806,14.878810465630806,14.878810465630806,0
20200928T,19.57150553705548,19.57150553705548,19.57150553705548,19.57150553705548,0
20200929T,13.713258874454613,13.713258874454613,13.713258874454613,13.713258874454613,0
20200930T,11.758998879092792,11.758998879092792,11.758998879092792,11.758998879092792,0
20201001T,15.554120756639934,15.554120756639934,15.554120756639934,15.554120756639934,0
20201002T,15.335203236338064,15.335203236338064,15.335203236338064,15.335203236338064,0
20201003T,16.66544165033978,16.66544165033978,16.66544165033978,16.66544165033978,0
20201004T,15.546588668961924,15.546588668961924,15.546588668961924,15.546588668961924,0
20201005T,14.016681718253373,14.016681718253373,14.016681718253373,14.016681718253373,0
20201006T,14.424884476238093,14.424884476238093,14.424884476238093,14.424884476238093,0
20201007T,17.611163308079735,17.611163308079735,17.611163308079735,17.611163308079735,0
20201008T,16.68520954014808,16.68520954014808,16.68520954014808,16.68520954014808,0
20201009T,14.738806344070744,14.738806344070744,14.738806344070744,14.738806344070744,0
20201010T,14.808627527821105,14.808627527821105,14.808627527821105,14.808627527821105,0
20201011T,14.142385571399409,14.142385571399409,14.142385571399409,14.142385571399409,0
20201012T,11.867586859958898,11.867586859958898,11.867586859958898,11.867586859958898,0
20201013T,10.757993100144796,10.757993100144796,10.757993100144796,10.757993100144796,0
20201014T,13.643239382044422,13.643239382044422,13.643239382044422,13.643239382044422,0
20201015T,13.648401919446492,13.648401919446492,13.648401919446492,13.648401919446492,0
20201016T,11.63533751002242,11.63533751002242,11.63533751002242,11.63533751002242,0
20201017T,12.554487264360638,12.554487264360638,12.554487264360638,12.554487264360638,0
20201018T,11.446531283748227,11.446531283748227,11.446531283748227,11.446531283748227,0
20201019T,11.028992019225262,11.028992019225262,11.028992019225262,11.028992019225262,0
20201020T,11.536133314326282,11.536133314326282,11.536133314326282,11.536133314326282,0
20201021T,11.267675990031647,11.267675990031647,11.267675990031647,11.267675990031647,0
20201022T,13.178260962558348,13.178260962558348,13.178260962558348,13.178260962558348,0
20201023T,12.385619400612562,12.385619400612562,12.385619400612562,12.385619400612562,0
20201024T,13.537916709716166,13.537916709716166,13.537916709716166,13.537916709716166,0
20201025T,10.641378967378834,10.641378967378834,10.641378967378834,10.641378967378834,0
20201026T,11.141873132878262,11.141873132878262,11.141873132878262,11.141873132878262,0
20201027T,10.252664629132669,10.252664629132669,10.252664629132669,10.252664629132669,0
20201028T,10.574656900630238,10.574656900630238,10.574656900630238,10.574656900630238,0
20201029T,10.205360875226825,10.205360875226825,10.205360875226825,10.205360875226825,0
20201030T,10.550941286827879,10.550941286827879,10.550941286827879,10.550941286827879,0
20201031T,9.941800744988154,9.941800744988154,9.941800744988154,9.941800744988154,0
20201101T,12.215348338577904,12.215348338577904,12.215348338577904,12.215348338577904,0
20201102T,11.638788992282489,11.638788992282489,11.638788992282489,11.638788992282489,0
20201103T,10.028805074477084,10.028805074477084,10.028805074477084,10.028805074477084,0
20201104T,15.693428174232224,15.693428174232224,15.693428174232224,15.693428174232224,0
20201105T,13.105285003558345,13.105285003558345,13.105285003558345,13.105285003558345,0
20201106T,14.195868798001372,14.195868798001372,14.195868798001372,14.195868798001372,0
20201107T,12.594133918721393,12.594133918721393,12.594133918721393,12.594133918721393,0
20201108T,12.426132291335433,12.426132291335433,12.426132291335433,12.426132291335433,0
20201109T,12.55906100434216,12.55906100434216,12.55906100434216,12.55906100434216,0
20201110T,13.51494356906795,13.51494356906795,13.51494356906795,13.51494356906795,0
20201111T,15.015984793666352,15.015984793666352,15.015984793666352,15.015984793666352,0
20201112T,13.15874267569976,13.15874267569976,13.15874267569976,13.15874267569976,0
20201113T,12.580215089678,12.580215089678,12.580215089678,12.580215089678,0
20201114T,10.572872036732468,10.572872036732468,10.572872036732468,10.572872036732468,0
20201115T,12.013429351325437,12.013429351325437,12.013429351325437,12.013429351325437,0
20201116T,10.4118978587532,10.4118978587532,10.4118978587532,10.4118978587532,0
20201117T,11.048837403882631,11.048837403882631,11.048837403882631,11.048837403882631,0
20201118T,11.56731248357397,11.56731248357397,11.56731248357397,11.56731248357397,0
20201119T,10.967036281607227,10.967036281607227,10.967036281607227,10.967036281607227,0
20201120T,14.424867385738288,14.424867385738288,14.424867385738288,14.424867385738288,0
20201121T,13.39006566131625,13.39006566131625,13.39006566131625,13.39006566131625,0
20201122T,13.152735405630223,13.152735405630223,13.152735405630223,13.152735405630223,0
20201123T,14.973176922845404,14.973176922845404,14.973176922845404,14.973176922845404,0
20201124T,11.574998552813213,11.574998552813213,11.574998552813213,11.574998552813213,0
20201125T,10.330567468241648,10.330567468241648,10.330567468241648,10.330567468241648,0
20201126T,9.460819818653945,9.460819818653945,9.460819818653945,9.460819818653945,0
20201127T,8.841672208699709,8.841672208699709,8.841672208699709,8.841672208699709,0
20201128T,7.498992456246494,7.498992456246494,7.498992456246494,7.498992456246494,0
20201129T,7.547088646758776,7.547088646758776,7.547088646758776,7.547088646758776,0
20201130T,9.648432624978534,9.648432624978534,9.648432624978534,9.648432624978534,0
20201201T,13.926001228760613,13.926001228760613,13.926001228760613,13.926001228760613,0
20201202T,10.276833167975035,10.276833167975035,10.276833167975035,10.276833167975035,0
20201203T,10.060589191611705,10.060589191611705,10.060589191611705,10.060589191611705,0
20201204T,9.83327171348369,9.83327171348369,9.83327171348369,9.83327171348369,0
20201205T,10.349838763232357,10.349838763232357,10.349838763232357,10.349838763232357,0
20201206T,8.654978300311708,8.654978300311708,8.654978300311708,8.654978300311708,0
20201207T,7.956613468095414,7.956613468095414,7.956613468095414,7.956613468095414,0
20201208T,7.532138065775712,7.532138065775712,7.532138065775712,7.532138065775712,0
20201209T,8.871466352803006,8.871466352803006,8.871466352803006,8.871466352803006,0
20201210T,8.319172905296279,8.319172905296279,8.319172905296279,8.319172905296279,0
20201211T,5.19836271437465,5.19836271437465,5.19836271437465,5.19836271437465,0
20201212T,4.803856696617397,4.803856696617397,4.803856696617397,4.803856696617397,0
20201213T,5.512229441682902,5.512229441682902,5.512229441682902,5.512229441682902,0
20201214T,5.728910255537967,5.728910255537967,5.728910255537967,5.728910255537967,0
20201215T,5.026110404359292,5.026110404359292,5.026110404359292,5.026110404359292,0
20201216T,5.786336753788044,5.786336753788044,5.786336753788044,5.786336753788044,0
20201217T,5.9843264105751155,5.9843264105751155,5.9843264105751155,5.9843264105751155,0
20201218T,5.068950780599402,5.068950780599402,5.068950780599402,5.068950780599402,0
20201219T,5.007772741948326,5.007772741948326,5.007772741948326,5.007772741948326,0
20201220T,4.387441856722521,4.387441856722521,4.387441856722521,4.387441856722521,0
20201221T,5.179423412268694,5.179423412268694,5.179423412268694,5.179423412268694,0
20201222T,10.174589675259341,10.174589675259341,10.174589675259341,10.174589675259341,0
20201223T,8.659924201556016,8.659924201556016,8.659924201556016,8.659924201556016,0
20201224T,9.942437362452331,9.942437362452331,9.942437362452331,9.942437362452331,0
20201225T,8.92770135079292,8.92770135079292,8.92770135079292,8.92770135079292,0
20201226T,8.898696267884485,8.898696267884485,8.898696267884485,8.898696267884485,0
20201227T,12.021117567314194,12.021117567314194,12.021117567314194,12.021117567314194,0
20201228T,15.10659495951586,15.10659495951586,15.10659495951586,15.10659495951586,0
20201229T,9.057232947592603,9.057232947592603,9.057232947592603,9.057232947592603,0
20201230T,9.582981491251916,9.582981491251916,9.582981491251916,9.582981491251916,0
20201231T,11.105526661434872,11.105526661434872,11.105526661434872,11.105526661434872,0
20210101T,10.09622104844323,10.09622104844323,10.09622104844323,10.09622104844323,0
20210102T,9.741641932863505,9.741641932863505,9.741641932863505,9.741641932863505,0
20210103T,14.2962226795099,14.2962226795099,14.2962226795099,14.2962226795099,0
20210104T,18.763563820877412,18.763563820877412,18.763563820877412,18.763563820877412,0
20210105T,16.130877819425777,16.130877819425777,16.130877819425777,16.130877819425777,0
20210106T,15.275536819507112,15.275536819507112,15.275536819507112,15.275536819507112,0
20210107T,11.799761689751158,11.799761689751158,11.799761689751158,11.799761689751158,0
20210108T,13.489277358249696,13.489277358249696,13.489277358249696,13.489277358249696,0
20210109T,13.220311779146943,13.220311779146943,13.220311779146943,13.220311779146943,0
20210110T,15.360008971935505,15.360008971935505,15.360008971935505,15.360008971935505,0
20210111T,13.694488785264015,13.694488785264015,13.694488785264015,13.694488785264015,0
20210112T,12.30041605618927,12.30041605618927,12.30041605618927,12.30041605618927,0
20210113T,11.484336693481383,11.484336693481383,11.484336693481383,11.484336693481383,0
20210114T,12.287172636611306,12.287172636611306,12.287172636611306,12.287172636611306,0
20210115T,12.681343102771546,12.681343102771546,12.681343102771546,12.681343102771546,0
20210116T,13.706395851129871,13.706395851129871,13.706395851129871,13.706395851129871,0
20210117T,13.149579927899188,13.149579927899188,13.149579927899188,13.149579927899188,0
20210118T,14.138920307535026,14.138920307535026,14.138920307535026,14.138920307535026,0
20210119T,23.138186515407867,23.138186515407867,23.138186515407867,23.138186515407867,0
20210120T,16.309030172396987,16.309030172396987,16.309030172396987,16.309030172396987,0
20210121T,14.380713952542727,14.380713952542727,14.380713952542727,14.380713952542727,0
20210122T,13.863704911020228,13.863704911020228,13.863704911020228,13.863704911020228,0
20210123T,12.976124652398056,12.976124652398056,12.976124652398056,12.976124652398056,0
20210124T,18.123538375075285,18.123538375075285,18.123538375075285,18.123538375075285,0
20210125T,19.575932433828207,19.575932433828207,19.575932433828207,19.575932433828207,0
20210126T,13.93496567824974,13.93496567824974,13.93496567824974,13.93496567824974,0
20210127T,15.460780093936876,15.460780093936876,15.460780093936876,15.460780093936876,0
20210128T,10.517132885700796,10.517132885700796,10.517132885700796,10.517132885700796,0
20210129T,5.156791305186181,5.156791305186181,5.156791305186181,5.156791305186181,0
20210130T,6.661689296952262,6.661689296952262,6.661689296952262,6.661689296952262,0
20210131T,6.898434872113867,6.898434872113867,6.898434872113867,6.898434872113867,0
20210201T,7.587848747420264,7.587848747420264,7.587848747420264,7.587848747420264,0
20210202T,14.363856601718156,14.363856601718156,14.363856601718156,14.363856601718156,0
20210203T,16.45143417881045,16.45143417881045,16.45143417881045,16.45143417881045,0
20210204T,12.67888729796356,12.67888729796356,12.67888729796356,12.67888729796356,0
20210205T,13.223743767751987,13.223743767751987,13.223743767751987,13.223743767751987,0
20210206T,11.708419370856735,11.708419370856735,11.708419370856735,11.708419370856735,0
20210207T,10.271566773473598,10.271566773473598,10.271566773473598,10.271566773473598,0
20210208T,9.323998949580492,9.323998949580492,9.323998949580492,9.323998949580492,0
20210209T,9.517279780442271,9.517279780442271,9.517279780442271,9.517279780442271,0
20210210T,9.909185240210288,9.909185240210288,9.909185240210288,9.909185240210288,0
20210211T,9.486723989486318,9.486723989486318,9.486723989486318,9.486723989486318,0
20210212T,10.31744566555109,10.31744566555109,10.31744566555109,10.31744566555109,0
20210213T,10.821418795979973,10.821418795979973,10.821418795979973,10.821418795979973,0
20210214T,9.694795183326645,9.694795183326645,9.694795183326645,9.694795183326645,0
20210215T,9.363655822458743,9.363655822458743,9.363655822458743,9.363655822458743,0
20210216T,11.326191921531366,11.326191921531366,11.326191921531366,11.326191921531366,0
20210217T,10.973532271986064,10.973532271986064,10.973532271986064,10.973532271986064,0
20210218T,13.335301080088094,13.335301080088094,13.335301080088094,13.335301080088094,0
20210219T,13.620478336117184,13.620478336117184,13.620478336117184,13.620478336117184,0
20210220T,13.538715372505399,13.538715372505399,13.538715372505399,13.538715372505399,0
20210221T,11.210209022193416,11.210209022193416,11.210209022193416,11.210209022193416,0
20210222T,12.671674535296098,12.671674535296098,12.671674535296098,12.671674535296098,0
20210223T,12.614402623257995,12.614402623257995,12.614402623257995,12.614402623257995,0
20210224T,11.382206410507077,11.382206410507077,11.382206410507077,11.382206410507077,0
20210225T,11.512770167186684,11.512770167186684,11.512770167186684,11.512770167186684,0
20210226T,12.022583876218604,12.022583876218604,12.022583876218604,12.022583876218604,0
20210227T,11.58156642333902,11.58156642333902,11.58156642333902,11.58156642333902,0
20210228T,12.876129392231006,12.876129392231006,12.876129392231006,12.876129392231006,0
20210301T,11.443539127645746,11.443539127645746,11.443539127645746,11.443539127645746,0
20210302T,11.467760859746772,11.467760859746772,11.467760859746772,11.467760859746772,0
20210303T,11.695158922963232,11.695158922963232,11.695158922963232,11.695158922963232,0
20210304T,10.478228244912916,10.478228244912916,10.478228244912916,10.478228244912916,0
20210305T,12.249996112498332,12.249996112498332,12.249996112498332,12.249996112498332,0
20210306T,16.324365049914068,16.324365049914068,16.324365049914068,16.324365049914068,0
20210307T,14.004157346035013,14.004157346035013,14.004157346035013,14.004157346035013,0
20210308T,13.048030826756996,13.048030826756996,13.048030826756996,13.048030826756996,0
20210309T,11.969000854157128,11.969000854157128,11.969000854157128,11.969000854157128,0
20210310T,11.859764940375692,11.859764940375692,11.859764940375692,11.859764940375692,0
20210311T,12.410327710787989,12.410327710787989,12.410327710787989,12.410327710787989,0
20210312T,11.165448246730763,11.165448246730763,11.165448246730763,11.165448246730763,0
20210313T,10.757140063590263,10.757140063590263,10.757140063590263,10.757140063590263,0
20210314T,9.32938174273143,9.32938174273143,9.32938174273143,9.32938174273143,0
20210315T,9.029644843625746,9.029644843625746,9.029644843625746,9.029644843625746,0
20210316T,9.20281287846567,9.20281287846567,9.20281287846567,9.20281287846567,0
20210317T,8.511936892173912,8.511936892173912,8.511936892173912,8.511936892173912,0
20210318T,9.381887691448565,9.381887691448565,9.381887691448565,9.381887691448565,0
20210319T,9.430214447765863,9.430214447765863,9.430214447765863,9.430214447765863,0
20210320T,9.611716633003704,9.611716633003704,9.611716633003704,9.611716633003704,0
20210321T,8.537623586027117,8.537623586027117,8.537623586027117,8.537623586027117,0
20210322T,8.91375500523576,8.91375500523576,8.91375500523576,8.91375500523576,0
20210323T,8.483878306777797,8.483878306777797,8.483878306777797,8.483878306777797,0
20210324T,8.568869415190726,8.568869415190726,8.568869415190726,8.568869415190726,0
20210325T,8.251195011472213,8.251195011472213,8.251195011472213,8.251195011472213,0
20210326T,10.17832131590222,10.17832131590222,10.17832131590222,10.17832131590222,0
20210327T,9.107004607563175,9.107004607563175,9.107004607563175,9.107004607563175,0
20210328T,9.343279743358918,9.343279743358918,9.343279743358918,9.343279743358918,0
20210329T,12.880692603314074,12.880692603314074,12.880692603314074,12.880692603314074,0
20210330T,11.395438302492929,11.395438302492929,11.395438302492929,11.395438302492929,0
20210331T,11.122168781569124,11.122168781569124,11.122168781569124,11.122168781569124,0
20210401T,11.4436698016744,11.4436698016744,11.4436698016744,11.4436698016744,0
20210402T,15.799100946086051,15.799100946086051,15.799100946086051,15.799100946086051,0
20210403T,13.35528546259416,13.35528546259416,13.35528546259416,13.35528546259416,0
20210404T,11.916824503727334,11.916824503727334,11.916824503727334,11.916824503727334,0
20210405T,8.212858339909106,8.212858339909106,8.212858339909106,8.212858339909106,0
20210406T,8.173589481611717,8.173589481611717,8.173589481611717,8.173589481611717,0
20210407T,8.548602648904007,8.548602648904007,8.548602648904007,8.548602648904007,0
20210408T,8.881971817300878,8.881971817300878,8.881971817300878,8.881971817300878,0
20210409T,8.664138798676692,8.664138798676692,8.664138798676692,8.664138798676692,0
20210410T,9.102774792925494,9.102774792925494,9.102774792925494,9.102774792925494,0
20210411T,8.124916946073089,8.124916946073089,8.124916946073089,8.124916946073089,0
20210412T,10.036410749129393,10.036410749129393,10.036410749129393,10.036410749129393,0
20210413T,8.983546886680607,8.983546886680607,8.983546886680607,8.983546886680607,0
20210414T,8.343600574266114,8.343600574266114,8.343600574266114,8.343600574266114,0
20210415T,10.494145913519812,10.494145913519812,10.494145913519812,10.494145913519812,0
20210416T,6.066214902979869,6.066214902979869,6.066214902979869,6.066214902979869,0
20210417T,5.976903425765812,5.976903425765812,5.976903425765812,5.976903425765812,0
20210418T,6.672070064802191,6.672070064802191,6.672070064802191,6.672070064802191,0
20210419T,5.988751219571353,5.988751219571353,5.988751219571353,5.988751219571353,0
20210420T,6.508163866507879,6.508163866507879,6.508163866507879,6.508163866507879,0
20210421T,8.843355279178583,8.843355279178583,8.843355279178583,8.843355279178583,0
20210422T,12.524046774859121,12.524046774859121,12.524046774859121,12.524046774859121,0
20210423T,8.111163285166336,8.111163285166336,8.111163285166336,8.111163285166336,0
20210424T,8.605903968629754,8.605903968629754,8.605903968629754,8.605903968629754,0
20210425T,9.421479600410107,9.421479600410107,9.421479600410107,9.421479600410107,0
20210426T,9.695118229559975,9.695118229559975,9.695118229559975,9.695118229559975,0
20210427T,11.049897346198808,11.049897346198808,11.049897346198808,11.049897346198808,0
20210428T,13.04215759467103,13.04215759467103,13.04215759467103,13.04215759467103,0
20210429T,12.857212256346228,12.857212256346228,12.857212256346228,12.857212256346228,0
20210430T,11.096293400655163,11.096293400655163,11.096293400655163,11.096293400655163,0
20210501T,13.99615116560222,13.99615116560222,13.99615116560222,13.99615116560222,0
20210502T,14.04751716007731,14.04751716007731,14.04751716007731,14.04751716007731,0
20210503T,22.662516901258552,22.662516901258552,22.662516901258552,22.662516901258552,0
20210504T,13.793664447503678,13.793664447503678,13.793664447503678,13.793664447503678,0
20210505T,9.492161054506186,9.492161054506186,9.492161054506186,9.492161054506186,0
20210506T,10.583607636044217,10.583607636044217,10.583607636044217,10.583607636044217,0
20210507T,8.894301447870758,8.894301447870758,8.894301447870758,8.894301447870758,0
20210508T,11.024098242194812,11.024098242194812,11.024098242194812,11.024098242194812,0
20210509T,9.288502426056192,9.288502426056192,9.288502426056192,9.288502426056192,0
20210510T,14.649739336627976,14.649739336627976,14.649739336627976,14.649739336627976,0
20210511T,11.631963574852206,11.631963574852206,11.631963574852206,11.631963574852206,0
20210512T,14.177351327170161,14.177351327170161,14.177351327170161,14.177351327170161,0
20210513T,10.022144281412292,10.022144281412292,10.022144281412292,10.022144281412292,0
20210514T,10.675459862365411,10.675459862365411,10.675459862365411,10.675459862365411,0
20210515T,8.826015030775842,8.826015030775842,8.826015030775842,8.826015030775842,0
20210516T,8.96618456956634,8.96618456956634,8.96618456956634,8.96618456956634,0
20210517T,9.173303764972836,9.173303764972836,9.173303764972836,9.173303764972836,0
20210518T,9.644923458628906,9.644923458628906,9.644923458628906,9.644923458628906,0
20210519T,10.372264500896433,10.372264500896433,10.372264500896433,10.372264500896433,0
20210520T,9.489518568903057,9.489518568903057,9.489518568903057,9.489518568903057,0
20210521T,9.793115391420107,9.793115391420107,9.793115391420107,9.793115391420107,0
20210522T,9.236644362295497,9.236644362295497,9.236644362295497,9.236644362295497,0
20210523T,10.87320025284864,10.87320025284864,10.87320025284864,10.87320025284864,0
20210524T,10.232671480979885,10.232671480979885,10.232671480979885,10.232671480979885,0
20210525T,10.771703717844828,10.771703717844828,10.771703717844828,10.771703717844828,0
20210526T,10.419317231872231,10.419317231872231,10.419317231872231,10.419317231872231,0
20210527T,10.505696632017742,10.505696632017742,10.505696632017742,10.505696632017742,0
20210528T,10.078038607838467,10.078038607838467,10.078038607838467,10.078038607838467,0
20210529T,9.166841714543354,9.166841714543354,9.166841714543354,9.166841714543354,0
20210530T,9.288902552215092,9.288902552215092,9.288902552215092,9.288902552215092,0
20210531T,10.514761642242123,10.514761642242123,10.514761642242123,10.514761642242123,0
20210601T,10.288785951199692,10.288785951199692,10.288785951199692,10.288785951199692,0
20210602T,9.175378333907702,9.175378333907702,9.175378333907702,9.175378333907702,0
20210603T,8.622255820619454,8.622255820619454,8.622255820619454,8.622255820619454,0
20210604T,7.88429784608358,7.88429784608358,7.88429784608358,7.88429784608358,0
20210605T,9.509946280000417,9.509946280000417,9.509946280000417,9.509946280000417,0
20210606T,9.1946626356801,9.1946626356801,9.1946626356801,9.1946626356801,0
20210607T,9.861549292417344,9.861549292417344,9.861549292417344,9.861549292417344,0
20210608T,7.767001187256836,7.767001187256836,7.767001187256836,7.767001187256836,0
20210609T,7.730708370382852,7.730708370382852,7.730708370382852,7.730708370382852,0
20210610T,7.915862548648503,7.915862548648503,7.915862548648503,7.915862548648503,0
20210611T,8.132016993989936,8.132016993989936,8.132016993989936,8.132016993989936,0
20210612T,8.938930428440454,8.938930428440454,8.938930428440454,8.938930428440454,0
20210613T,9.255882043897568,9.255882043897568,9.255882043897568,9.255882043897568,0
20210614T,8.310872098792766,8.310872098792766,8.310872098792766,8.310872098792766,0
20210615T,8.44524514316905,8.44524514316905,8.44524514316905,8.44524514316905,0
20210616T,8.801979865316781,8.801979865316781,8.801979865316781,8.801979865316781,0
20210617T,7.749051560341808,7.749051560341808,7.749051560341808,7.749051560341808,0
20210618T,9.125744750433066,9.125744750433066,9.125744750433066,9.125744750433066,0
20210619T,8.911192459951259,8.911192459951259,8.911192459951259,8.911192459951259,0
20210620T,8.715222884274178,8.715222884274178,8.715222884274178,8.715222884274178,0
20210621T,9.542824071529928,9.542824071529928,9.542824071529928,9.542824071529928,0
20210622T,9.162582706375511,9.162582706375511,9.162582706375511,9.162582706375511,0
20210623T,10.238150196426012,10.238150196426012,10.238150196426012,10.238150196426012,0
20210624T,9.247138381324115,9.247138381324115,9.247138381324115,9.247138381324115,0
20210625T,8.752467009978458,8.752467009978458,8.752467009978458,8.752467009978458,0
20210626T,9.059313486986094,9.059313486986094,9.059313486986094,9.059313486986094,0
20210627T,8.766148111549377,8.766148111549377,8.766148111549377,8.766148111549377,0
20210628T,9.901997075671797,9.901997075671797,9.901997075671797,9.901997075671797,0
20210629T,10.386069860555592,10.386069860555592,10.386069860555592,10.386069860555592,0
20210630T,9.715838885746052,9.715838885746052,9.715838885746052,9.715838885746052,0
20210701T,10.237305768801438,10.237305768801438,10.237305768801438,10.237305768801438,0
20210702T,9.318648297711178,9.318648297711178,9.318648297711178,9.318648297711178,0
20210703T,8.981152577776117,8.981152577776117,8.981152577776117,8.981152577776117,0
20210704T,9.008006010980488,9.008006010980488,9.008006010980488,9.008006010980488,0
20210705T,8.982263280511162,8.982263280511162,8.982263280511162,8.982263280511162,0
20210706T,9.952941531215453,9.952941531215453,9.952941531215453,9.952941531215453,0
20210707T,11.230994510512497,11.230994510512497,11.230994510512497,11.230994510512497,0
20210708T,9.781930365581134,9.781930365581134,9.781930365581134,9.781930365581134,0
20210709T,9.29989277333793,9.29989277333793,9.29989277333793,9.29989277333793,0
20210710T,9.60873124530422,9.60873124530422,9.60873124530422,9.60873124530422,0
20210711T,9.471653415973831,9.471653415973831,9.471653415973831,9.471653415973831,0
20210712T,9.331001114663508,9.331001114663508,9.331001114663508,9.331001114663508,0
20210713T,10.1875010175686,10.1875010175686,10.1875010175686,10.1875010175686,0
20210714T,10.266976384291079,10.266976384291079,10.266976384291079,10.266976384291079,0
20210715T,10.47561916783123,10.47561916783123,10.47561916783123,10.47561916783123,0
20210716T,10.453290295424841,10.453290295424841,10.453290295424841,10.453290295424841,0
20210717T,9.301706652636955,9.301706652636955,9.301706652636955,9.301706652636955,0
20210718T,12.186588060600856,12.186588060600856,12.186588060600856,12.186588060600856,0
20210719T,10.19738751578172,10.19738751578172,10.19738751578172,10.19738751578172,0
20210720T,11.117538586695794,11.117538586695794,11.117538586695794,11.117538586695794,0
20210721T,10.44021350181521,10.44021350181521,10.44021350181521,10.44021350181521,0
20210722T,11.915461847766656,11.915461847766656,11.915461847766656,11.915461847766656,0
20210723T,12.300005959390148,12.300005959390148,12.300005959390148,12.300005959390148,0
20210724T,11.145027844330524,11.145027844330524,11.145027844330524,11.145027844330524,0
20210725T,9.968491384098257,9.968491384098257,9.968491384098257,9.968491384098257,0
20210726T,9.780824277465731,9.780824277465731,9.780824277465731,9.780824277465731,0
20210727T,9.142334271377845,9.142334271377845,9.142334271377845,9.142334271377845,0
20210728T,9.391516658794991,9.391516658794991,9.391516658794991,9.391516658794991,0
20210729T,11.56388392254126,11.56388392254126,11.56388392254126,11.56388392254126,0
20210730T,13.342777329107502,13.342777329107502,13.342777329107502,13.342777329107502,0
20210731T,13.327439737525914,13.327439737525914,13.327439737525914,13.327439737525914,0
20210801T,16.2010519715561,16.2010519715561,16.2010519715561,16.2010519715561,0
20210802T,14.784260891682521,14.784260891682521,14.784260891682521,14.784260891682521,0
20210803T,13.695851574597649,13.695851574597649,13.695851574597649,13.695851574597649,0
20210804T,15.00467634492337,15.00467634492337,15.00467634492337,15.00467634492337,0
20210805T,22.3850035301232,22.3850035301232,22.3850035301232,22.3850035301232,0
20210806T,17.41318494388528,17.41318494388528,17.41318494388528,17.41318494388528,0
20210807T,17.86858378289575,17.86858378289575,17.86858378289575,17.86858378289575,0
20210808T,14.380595401425827,14.380595401425827,14.380595401425827,14.380595401425827,0
20210809T,13.0286040372631,13.0286040372631,13.0286040372631,13.0286040372631,0
20210810T,12.89792967314047,12.89792967314047,12.89792967314047,12.89792967314047,0
20210811T,12.69449585561669,12.69449585561669,12.69449585561669,12.69449585561669,0
20210812T,13.661766154367827,13.661766154367827,13.661766154367827,13.661766154367827,0
20210813T,13.047808488266883,13.047808488266883,13.047808488266883,13.047808488266883,0
20210814T,12.434061870367804,12.434061870367804,12.434061870367804,12.434061870367804,0
20210815T,12.121767391318754,12.121767391318754,12.121767391318754,12.121767391318754,0
20210816T,12.663636837275599,12.663636837275599,12.663636837275599,12.663636837275599,0
20210817T,12.94761924807414,12.94761924807414,12.94761924807414,12.94761924807414,0
20210818T,12.205353761275015,12.205353761275015,12.205353761275015,12.205353761275015,0
20210819T,12.662425410743118,12.662425410743118,12.662425410743118,12.662425410743118,0
20210820T,11.314484616667846,11.314484616667846,11.314484616667846,11.314484616667846,0
20210821T,13.800135280289112,13.800135280289112,13.800135280289112,13.800135280289112,0
20210822T,12.683601764206308,12.683601764206308,12.683601764206308,12.683601764206308,0
20210823T,11.385218191523634,11.385218191523634,11.385218191523634,11.385218191523634,0
20210824T,11.524872698886305,11.524872698886305,11.524872698886305,11.524872698886305,0
20210825T,11.885263302623159,11.885263302623159,11.885263302623159,11.885263302623159,0
20210826T,12.679252976929355,12.679252976929355,12.679252976929355,12.679252976929355,0
20210827T,12.814322946966778,12.814322946966778,12.814322946966778,12.814322946966778,0
20210828T,14.012486577051366,14.012486577051366,14.012486577051366,14.012486577051366,0
20210829T,12.57790543607682,12.57790543607682,12.57790543607682,12.57790543607682,0
20210830T,12.850183103189842,12.850183103189842,12.850183103189842,12.850183103189842,0
20210831T,12.65800102686115,12.65800102686115,12.65800102686115,12.65800102686115,0
20210901T,16.088394523047103,16.088394523047103,16.088394523047103,16.088394523047103,0
20210902T,13.722649759352855,13.722649759352855,13.722649759352855,13.722649759352855,0
20210903T,15.362010176741109,15.362010176741109,15.362010176741109,15.362010176741109,0
20210904T,13.512089327728276,13.512089327728276,13.512089327728276,13.512089327728276,0
20210905T,11.879398728619472,11.879398728619472,11.879398728619472,11.879398728619472,0
20210906T,10.022059675899488,10.022059675899488,10.022059675899488,10.022059675899488,0
20210907T,9.22379819306326,9.22379819306326,9.22379819306326,9.22379819306326,0
20210908T,9.89011960364595,9.89011960364595,9.89011960364595,9.89011960364595,0
20210909T,8.825040548304253,8.825040548304253,8.825040548304253,8.825040548304253,0
20210910T,9.793861671750149,9.793861671750149,9.793861671750149,9.793861671750149,0
20210911T,10.315963185860411,10.315963185860411,10.315963185860411,10.315963185860411,0
20210912T,9.633476851718674,9.633476851718674,9.633476851718674,9.633476851718674,0
20210913T,8.621219466310666,8.621219466310666,8.621219466310666,8.621219466310666,0
20210914T,9.338036492841228,9.338036492841228,9.338036492841228,9.338036492841228,0
20210915T,11.108342094787206,11.108342094787206,11.108342094787206,11.108342094787206,0
20210916T,10.42066532178391,10.42066532178391,10.42066532178391,10.42066532178391,0
20210917T,9.19649923870122,9.19649923870122,9.19649923870122,9.19649923870122,0
20210918T,10.324471694623407,10.324471694623407,10.324471694623407,10.324471694623407,0
20210919T,10.252580314311752,10.252580314311752,10.252580314311752,10.252580314311752,0
20210920T,10.2690396818281,10.2690396818281,10.2690396818281,10.2690396818281,0
20210921T,10.680012612516123,10.680012612516123,10.680012612516123,10.680012612516123,0
20210922T,9.631715289650312,9.631715289650312,9.631715289650312,9.631715289650312,0
20210923T,9.808053706140715,9.808053706140715,9.808053706140715,9.808053706140715,0
20210924T,9.227151830216938,9.227151830216938,9.227151830216938,9.227151830216938,0
20210925T,10.42488608759302,10.42488608759302,10.42488608759302,10.42488608759302,0
20210926T,9.88640523840622,9.88640523840622,9.88640523840622,9.88640523840622,0
20210927T,10.545915443990937,10.545915443990937,10.545915443990937,10.545915443990937,0
20210928T,10.175615595636152,10.175615595636152,10.175615595636152,10.175615595636152,0
20210929T,11.224869758100528,11.224869758100528,11.224869758100528,11.224869758100528,0
20210930T,10.483559656900415,10.483559656900415,10.483559656900415,10.483559656900415,0
20211001T,10.650252540760295,10.650252540760295,10.650252540760295,10.650252540760295,0
20211002T,11.397254756442578,11.397254756442578,11.397254756442578,11.397254756442578,0
20211003T,10.33898172447345,10.33898172447345,10.33898172447345,10.33898172447345,0
20211004T,8.924733889572952,8.924733889572952,8.924733889572952,8.924733889572952,0
20211005T,9.409588855344632,9.409588855344632,9.409588855344632,9.409588855344632,0
20211006T,8.966120957347208,8.966120957347208,8.966120957347208,8.966120957347208,0
20211007T,7.456931820149658,7.456931820149658,7.456931820149658,7.456931820149658,0
20211008T,8.875962419298684,8.875962419298684,8.875962419298684,8.875962419298684,0
20211009T,9.423113802358085,9.423113802358085,9.423113802358085,9.423113802358085,0
20211010T,8.452947969938714,8.452947969938714,8.452947969938714,8.452947969938714,0
20211011T,8.099646259306846,8.099646259306846,8.099646259306846,8.099646259306846,0
20211012T,9.459352978034085,9.459352978034085,9.459352978034085,9.459352978034085,0
20211013T,8.79698386560827,8.79698386560827,8.79698386560827,8.79698386560827,0
20211014T,9.531504172600467,9.531504172600467,9.531504172600467,9.531504172600467,0
20211015T,8.072025553608007,8.072025553608007,8.072025553608007,8.072025553608007,0
20211016T,8.946822953953589,8.946822953953589,8.946822953953589,8.946822953953589,0
20211017T,8.001393557449141,8.001393557449141,8.001393557449141,8.001393557449141,0
20211018T,8.456579014385074,8.456579014385074,8.456579014385074,8.456579014385074,0
20211019T,7.63278077064444,7.63278077064444,7.63278077064444,7.63278077064444,0
20211020T,9.8382712819823,9.8382712819823,9.8382712819823,9.8382712819823,0
20211021T,11.148802485013778,11.148802485013778,11.148802485013778,11.148802485013778,0
20211022T,9.07608398899739,9.07608398899739,9.07608398899739,9.07608398899739,0
20211023T,9.487553891256645,9.487553891256645,9.487553891256645,9.487553891256645,0
20211024T,7.883933871328297,7.883933871328297,7.883933871328297,7.883933871328297,0
20211025T,7.211462517576283,7.211462517576283,7.211462517576283,7.211462517576283,0
20211026T,8.211467781521554,8.211467781521554,8.211467781521554,8.211467781521554,0
20211027T,7.210820571585959,7.210820571585959,7.210820571585959,7.210820571585959,0
20211028T,7.530972170985,7.530972170985,7.530972170985,7.530972170985,0
20211029T,10.64844221611548,10.64844221611548,10.64844221611548,10.64844221611548,0
20211030T,8.854785198201382,8.854785198201382,8.854785198201382,8.854785198201382,0
20211031T,8.071304654356558,8.071304654356558,8.071304654356558,8.071304654356558,0
20211101T,8.559676570518242,8.559676570518242,8.559676570518242,8.559676570518242,0
20211102T,9.818564472183404,9.818564472183404,9.818564472183404,9.818564472183404,0
20211103T,9.737933634293562,9.737933634293562,9.737933634293562,9.737933634293562,0
20211104T,8.138646255168076,8.138646255168076,8.138646255168076,8.138646255168076,0
20211105T,7.936541832882082,7.936541832882082,7.936541832882082,7.936541832882082,0
20211106T,9.608467079877101,9.608467079877101,9.608467079877101,9.608467079877101,0
20211107T,10.377202145825201,10.377202145825201,10.377202145825201,10.377202145825201,0
20211108T,10.890223359413035,10.890223359413035,10.890223359413035,10.890223359413035,0
20211109T,9.540426848415136,9.540426848415136,9.540426848415136,9.540426848415136,0
20211110T,8.490341156485309,8.490341156485309,8.490341156485309,8.490341156485309,0
20211111T,9.059108603789783,9.059108603789783,9.059108603789783,9.059108603789783,0
20211112T,9.749030911033946,9.749030911033946,9.749030911033946,9.749030911033946,0
20211113T,10.703264724616458,10.703264724616458,10.703264724616458,10.703264724616458,0
20211114T,11.03378526218124,11.03378526218124,11.03378526218124,11.03378526218124,0
20211115T,10.580278984383087,10.580278984383087,10.580278984383087,10.580278984383087,0
20211116T,10.924254699573826,10.924254699573826,10.924254699573826,10.924254699573826,0
20211117T,12.500462351765215,12.500462351765215,12.500462351765215,12.500462351765215,0
20211118T,10.187277377545946,10.187277377545946,10.187277377545946,10.187277377545946,0
20211119T,10.450515262940202,10.450515262940202,10.450515262940202,10.450515262940202,0
20211120T,9.88077380793206,9.88077380793206,9.88077380793206,9.88077380793206,0
20211121T,11.697948878843247,11.697948878843247,11.697948878843247,11.697948878843247,0
20211122T,9.74882788411493,9.74882788411493,9.74882788411493,9.74882788411493,0
20211123T,9.459622838292027,9.459622838292027,9.459622838292027,9.459622838292027,0
20211124T,9.152417968773431,9.152417968773431,9.152417968773431,9.152417968773431,0
20211125T,9.616097090946162,9.616097090946162,9.616097090946162,9.616097090946162,0
20211126T,8.920337126896532,8.920337126896532,8.920337126896532,8.920337126896532,0
20211127T,10.673374689392276,10.673374689392276,10.673374689392276,10.673374689392276,0
20211128T,9.398070645954881,9.398070645954881,9.398070645954881,9.398070645954881,0
20211129T,9.161111453354227,9.161111453354227,9.161111453354227,9.161111453354227,0
20211130T,9.630962299213476,9.630962299213476,9.630962299213476,9.630962299213476,0
20211201T,10.456873000540588,10.456873000540588,10.456873000540588,10.456873000540588,0
20211202T,10.148903471586427,10.148903471586427,10.148903471586427,10.148903471586427,0
20211203T,8.954567782916133,8.954567782916133,8.954567782916133,8.954567782916133,0
20211204T,11.509574780321662,11.509574780321662,11.509574780321662,11.509574780321662,0
20211205T,11.824046681307742,11.824046681307742,11.824046681307742,11.824046681307742,0
20211206T,10.801088804465827,10.801088804465827,10.801088804465827,10.801088804465827,0
20211207T,12.205809539321901,12.205809539321901,12.205809539321901,12.205809539321901,0
20211208T,10.569615064161422,10.569615064161422,10.569615064161422,10.569615064161422,0
20211209T,11.887070050339174,11.887070050339174,11.887070050339174,11.887070050339174,0
20211210T,11.611405822721105,11.611405822721105,11.611405822721105,11.611405822721105,0
20211211T,14.479576172019058,14.479576172019058,14.479576172019058,14.479576172019058,0
20211212T,11.617493550271584,11.617493550271584,11.617493550271584,11.617493550271584,0
20211213T,11.78454053358649,11.78454053358649,11.78454053358649,11.78454053358649,0
20211214T,11.04441498258847,11.04441498258847,11.04441498258847,11.04441498258847,0
20211215T,11.294890985070417,11.294890985070417,11.294890985070417,11.294890985070417,0
20211216T,10.54826218598764,10.54826218598764,10.54826218598764,10.54826218598764,0
20211217T,10.921425901595644,10.921425901595644,10.921425901595644,10.921425901595644,0
20211218T,10.6472442926665,10.6472442926665,10.6472442926665,10.6472442926665,0
20211219T,9.937423510270792,9.937423510270792,9.937423510270792,9.937423510270792,0
20211220T,10.444172715542246,10.444172715542246,10.444172715542246,10.444172715542246,0
20211221T,10.21722537201681,10.21722537201681,10.21722537201681,10.21722537201681,0
20211222T,9.905629259858951,9.905629259858951,9.905629259858951,9.905629259858951,0
20211223T,12.691699691182091,12.691699691182091,12.691699691182091,12.691699691182091,0
20211224T,10.781927090402824,10.781927090402824,10.781927090402824,10.781927090402824,0
20211225T,12.78695991670671,12.78695991670671,12.78695991670671,12.78695991670671,0
20211226T,11.387187984419182,11.387187984419182,11.387187984419182,11.387187984419182,0
20211227T,10.835368887985576,10.835368887985576,10.835368887985576,10.835368887985576,0
20211228T,11.622824991123275,11.622824991123275,11.622824991123275,11.622824991123275,0
20211229T,12.22740053792794,12.22740053792794,12.22740053792794,12.22740053792794,0
20211230T,11.101661572033768,11.101661572033768,11.101661572033768,11.101661572033768,0
20211231T,11.8410580282522,11.8410580282522,11.8410580282522,11.8410580282522,0
20220101T,11.423891399044058,11.423891399044058,11.423891399044058,11.423891399044058,0
20220102T,12.424880050725632,12.424880050725632,12.424880050725632,12.424880050725632,0
20220103T,11.968473860312283,11.968473860312283,11.968473860312283,11.968473860312283,0
20220104T,11.464082725879019,11.464082725879019,11.464082725879019,11.464082725879019,0
20220105T,10.946762109276651,10.946762109276651,10.946762109276651,10.946762109276651,0
20220106T,12.305716058320135,12.305716058320135,12.305716058320135,12.305716058320135,0
20220107T,12.412029024223175,12.412029024223175,12.412029024223175,12.412029024223175,0
20220108T,12.909574530617501,12.909574530617501,12.909574530617501,12.909574530617501,0
20220109T,13.160240479462104,13.160240479462104,13.160240479462104,13.160240479462104,0
20220110T,11.652094899309317,11.652094899309317,11.652094899309317,11.652094899309317,0
20220111T,11.635411412333406,11.635411412333406,11.635411412333406,11.635411412333406,0
20220112T,11.450918188471999,11.450918188471999,11.450918188471999,11.450918188471999,0
20220113T,12.352286442064006,12.352286442064006,12.352286442064006,12.352286442064006,0
20220114T,13.083548076627856,13.083548076627856,13.083548076627856,13.083548076627856,0
20220115T,14.07713940574968,14.07713940574968,14.07713940574968,14.07713940574968,0
20220116T,15.656408192114018,15.656408192114018,15.656408192114018,15.656408192114018,0
20220117T,13.89470398581534,13.89470398581534,13.89470398581534,13.89470398581534,0
20220118T,13.634797200194818,13.634797200194818,13.634797200194818,13.634797200194818,0
20220119T,14.786229220224632,14.786229220224632,14.786229220224632,14.786229220224632,0
20220120T,14.533737812664429,14.533737812664429,14.533737812664429,14.533737812664429,0
20220121T,13.970193950414611,13.970193950414611,13.970193950414611,13.970193950414611,0
20220122T,15.036168307719212,15.036168307719212,15.036168307719212,15.036168307719212,0
20220123T,14.684513870847033,14.684513870847033,14.684513870847033,14.684513870847033,0
20220124T,13.821443806638397,13.821443806638397,13.821443806638397,13.821443806638397,0
20220125T,13.40270488628858,13.40270488628858,13.40270488628858,13.40270488628858,0
20220126T,13.113219598174965,13.113219598174965,13.113219598174965,13.113219598174965,0
20220127T,13.481215803564403,13.481215803564403,13.481215803564403,13.481215803564403,0
20220128T,14.198802404566793,14.198802404566793,14.198802404566793,14.198802404566793,0
20220129T,13.152729698597671,13.152729698597671,13.152729698597671,13.152729698597671,0
20220130T,14.206047199569344,14.206047199569344,14.206047199569344,14.206047199569344,0
20220131T,14.304224026990791,14.304224026990791,14.304224026990791,14.304224026990791,0
20220201T,14.877205439214155,14.877205439214155,14.877205439214155,14.877205439214155,0
20220202T,13.242235660810268,13.242235660810268,13.242235660810268,13.242235660810268,0
20220203T,12.309526951106575,12.309526951106575,12.309526951106575,12.309526951106575,0
20220204T,12.527814359553439,12.527814359553439,12.527814359553439,12.527814359553439,0
20220205T,11.058333835952325,11.058333835952325,11.058333835952325,11.058333835952325,0
20220206T,11.861283346543116,11.861283346543116,11.861283346543116,11.861283346543116,0
20220207T,11.757059782138214,11.757059782138214,11.757059782138214,11.757059782138214,0
20220208T,12.401653671880064,12.401653671880064,12.401653671880064,12.401653671880064,0
20220209T,11.22639291833629,11.22639291833629,11.22639291833629,11.22639291833629,0
20220210T,10.586577440993096,10.586577440993096,10.586577440993096,10.586577440993096,0
20220211T,12.10881938946054,12.10881938946054,12.10881938946054,12.10881938946054,0
20220212T,13.863804290743953,13.863804290743953,13.863804290743953,13.863804290743953,0
20220213T,14.37970713789122,14.37970713789122,14.37970713789122,14.37970713789122,0
20220214T,12.42061443267353,12.42061443267353,12.42061443267353,12.42061443267353,0
20220215T,13.406104648634566,13.406104648634566,13.406104648634566,13.406104648634566,0
20220216T,13.384579220088911,13.384579220088911,13.384579220088911,13.384579220088911,0
20220217T,12.358656988010473,12.358656988010473,12.358656988010473,12.358656988010473,0
20220218T,15.148402572678906,15.148402572678906,15.148402572678906,15.148402572678906,0
20220219T,11.909454625750826,11.909454625750826,11.909454625750826,11.909454625750826,0
20220220T,17.39398920987206,17.39398920987206,17.39398920987206,17.39398920987206,0
20220221T,11.443564488813312,11.443564488813312,11.443564488813312,11.443564488813312,0
20220222T,11.801622477375936,11.801622477375936,11.801622477375936,11.801622477375936,0
20220223T,12.907465055824492,12.907465055824492,12.907465055824492,12.907465055824492,0
20220224T,11.119135488896603,11.119135488896603,11.119135488896603,11.119135488896603,0
20220225T,12.805720281638852,12.805720281638852,12.805720281638852,12.805720281638852,0
20220226T,12.311512242206884,12.311512242206884,12.311512242206884,12.311512242206884,0
20220227T,12.592853490470741,12.592853490470741,12.592853490470741,12.592853490470741,0
20220228T,10.37871078162084,10.37871078162084,10.37871078162084,10.37871078162084,0
20220301T,11.06286635397185,11.06286635397185,11.06286635397185,11.06286635397185,0
20220302T,10.143854234889318,10.143854234889318,10.143854234889318,10.143854234889318,0
20220303T,11.34053913937502,11.34053913937502,11.34053913937502,11.34053913937502,0
20220304T,10.35848478784302,10.35848478784302,10.35848478784302,10.35848478784302,0
20220305T,9.3050872547722,9.3050872547722,9.3050872547722,9.3050872547722,0
20220306T,9.205978207478942,9.205978207478942,9.205978207478942,9.205978207478942,0
20220307T,9.59132947256736,9.59132947256736,9.59132947256736,9.59132947256736,0
20220308T,9.56373124622626,9.56373124622626,9.56373124622626,9.56373124622626,0
20220309T,7.053143897942508,7.053143897942508,7.053143897942508,7.053143897942508,0
20220310T,9.272066475018924,9.272066475018924,9.272066475018924,9.272066475018924,0
20220311T,8.988593081933296,8.988593081933296,8.988593081933296,8.988593081933296,0
20220312T,9.293918577550153,9.293918577550153,9.293918577550153,9.293918577550153,0
20220313T,9.370754121971721,9.370754121971721,9.370754121971721,9.370754121971721,0
20220314T,8.13772636868449,8.13772636868449,8.13772636868449,8.13772636868449,0
20220315T,8.027508590848802,8.027508590848802,8.027508590848802,8.027508590848802,0
20220316T,6.643661431685114,6.643661431685114,6.643661431685114,6.643661431685114,0
20220317T,7.785382803110683,7.785382803110683,7.785382803110683,7.785382803110683,0
20220318T,9.694470178561227,9.694470178561227,9.694470178561227,9.694470178561227,0
20220319T,9.854134416439557,9.854134416439557,9.854134416439557,9.854134416439557,0
20220320T,8.32109919649922,8.32109919649922,8.32109919649922,8.32109919649922,0
20220321T,7.591364643102673,7.591364643102673,7.591364643102673,7.591364643102673,0
20220322T,7.081158667394578,7.081158667394578,7.081158667394578,7.081158667394578,0
20220323T,5.363343062265183,5.363343062265183,5.363343062265183,5.363343062265183,0
20220324T,8.48366311890944,8.48366311890944,8.48366311890944,8.48366311890944,0
20220325T,10.239681023487595,10.239681023487595,10.239681023487595,10.239681023487595,0
20220326T,9.372720854710135,9.372720854710135,9.372720854710135,9.372720854710135,0
20220327T,10.355366776030934,10.355366776030934,10.355366776030934,10.355366776030934,0
20220328T,8.976432912707814,8.976432912707814,8.976432912707814,8.976432912707814,0
20220329T,9.67352999820141,9.67352999820141,9.67352999820141,9.67352999820141,0
20220330T,8.877497703567162,8.877497703567162,8.877497703567162,8.877497703567162,0
20220331T,10.866242366882737,10.866242366882737,10.866242366882737,10.866242366882737,0
20220401T,10.789958266585963,10.789958266585963,10.789958266585963,10.789958266585963,0
20220402T,12.261693146810485,12.261693146810485,12.261693146810485,12.261693146810485,0
20220403T,11.680049353394296,11.680049353394296,11.680049353394296,11.680049353394296,0
20220404T,10.114099203250804,10.114099203250804,10.114099203250804,10.114099203250804,0
20220405T,10.413159215113849,10.413159215113849,10.413159215113849,10.413159215113849,0
20220406T,10.090382317105252,10.090382317105252,10.090382317105252,10.090382317105252,0
20220407T,9.628031591223767,9.628031591223767,9.628031591223767,9.628031591223767,0
20220408T,10.071852961948053,10.071852961948053,10.071852961948053,10.071852961948053,0
20220409T,9.82073155906546,9.82073155906546,9.82073155906546,9.82073155906546,0
20220410T,10.61946416406018,10.61946416406018,10.61946416406018,10.61946416406018,0
20220411T,11.441895223967775,11.441895223967775,11.441895223967775,11.441895223967775,0
20220412T,10.5171509121868,10.5171509121868,10.5171509121868,10.5171509121868,0
20220413T,12.395448305155137,12.395448305155137,12.395448305155137,12.395448305155137,0
20220414T,11.145418350340814,11.145418350340814,11.145418350340814,11.145418350340814,0
20220415T,10.445112736581924,10.445112736581924,10.445112736581924,10.445112736581924,0
20220416T,11.891194402510065,11.891194402510065,11.891194402510065,11.891194402510065,0
20220417T,12.644274374586251,12.644274374586251,12.644274374586251,12.644274374586251,0
20220418T,12.936009514053485,12.936009514053485,12.936009514053485,12.936009514053485,0
20220419T,15.035362514711542,15.035362514711542,15.035362514711542,15.035362514711542,0
20220420T,14.12832211517633,14.12832211517633,14.12832211517633,14.12832211517633,0
20220421T,15.608466650026255,15.608466650026255,15.608466650026255,15.608466650026255,0
20220422T,12.70104101727833,12.70104101727833,12.70104101727833,12.70104101727833,0
20220423T,15.43668150704694,15.43668150704694,15.43668150704694,15.43668150704694,0
20220424T,13.112846678959308,13.112846678959308,13.112846678959308,13.112846678959308,0
20220425T,11.096058497311887,11.096058497311887,11.096058497311887,11.096058497311887,0
20220426T,10.523026529156073,10.523026529156073,10.523026529156073,10.523026529156073,0
20220427T,10.753613173039076,10.753613173039076,10.753613173039076,10.753613173039076,0
20220428T,9.776506242243657,9.776506242243657,9.776506242243657,9.776506242243657,0
20220429T,11.529359202391918,11.529359202391918,11.529359202391918,11.529359202391918,0
20220430T,11.655491793275385,11.655491793275385,11.655491793275385,11.655491793275385,0
20220501T,14.526062970456799,14.526062970456799,14.526062970456799,14.526062970456799,0
20220502T,11.033655927580666,11.033655927580666,11.033655927580666,11.033655927580666,0
20220503T,10.3875904727581,10.3875904727581,10.3875904727581,10.3875904727581,0
20220504T,11.350582857626623,11.350582857626623,11.350582857626623,11.350582857626623,0
20220505T,11.941906953578219,11.941906953578219,11.941906953578219,11.941906953578219,0
20220506T,14.013397308341544,14.013397308341544,14.013397308341544,14.013397308341544,0
20220507T,11.819299859397448,11.819299859397448,11.819299859397448,11.819299859397448,0
20220508T,11.589306808983123,11.589306808983123,11.589306808983123,11.589306808983123,0
20220509T,10.39729539866036,10.39729539866036,10.39729539866036,10.39729539866036,0
20220510T,9.874035192709378,9.874035192709378,9.874035192709378,9.874035192709378,0
20220511T,10.177305617575044,10.177305617575044,10.177305617575044,10.177305617575044,0
20220512T,11.080846610121084,11.080846610121084,11.080846610121084,11.080846610121084,0
20220513T,8.619426954701824,8.619426954701824,8.619426954701824,8.619426954701824,0
20220514T,9.287421942031086,9.287421942031086,9.287421942031086,9.287421942031086,0
20220515T,10.018074897757721,10.018074897757721,10.018074897757721,10.018074897757721,0
20220516T,14.432835806116714,14.432835806116714,14.432835806116714,14.432835806116714,0
20220517T,11.652176880536896,11.652176880536896,11.652176880536896,11.652176880536896,0
20220518T,10.562378343900072,10.562378343900072,10.562378343900072,10.562378343900072,0
20220519T,10.213319609251492,10.213319609251492,10.213319609251492,10.213319609251492,0
20220520T,10.550017820663081,10.550017820663081,10.550017820663081,10.550017820663081,0
20220521T,9.70001127747063,9.70001127747063,9.70001127747063,9.70001127747063,0
20220522T,9.78944678873,9.78944678873,9.78944678873,9.78944678873,0
20220523T,9.988926431893852,9.988926431893852,9.988926431893852,9.988926431893852,0
20220524T,10.053826840962456,10.053826840962456,10.053826840962456,10.053826840962456,0
20220525T,8.990130837470103,8.990130837470103,8.990130837470103,8.990130837470103,0
20220526T,9.77210024133207,9.77210024133207,9.77210024133207,9.77210024133207,0
20220527T,11.46549799183801,11.46549799183801,11.46549799183801,11.46549799183801,0
20220528T,9.462401194622382,9.462401194622382,9.462401194622382,9.462401194622382,0
20220529T,9.734780934707109,9.734780934707109,9.734780934707109,9.734780934707109,0
20220530T,10.171088186728241,10.171088186728241,10.171088186728241,10.171088186728241,0
20220531T,10.744133248737587,10.744133248737587,10.744133248737587,10.744133248737587,0
20220601T,11.53751523873324,11.53751523873324,11.53751523873324,11.53751523873324,0
20220602T,9.579423051993677,9.579423051993677,9.579423051993677,9.579423051993677,0
20220603T,9.281958644749034,9.281958644749034,9.281958644749034,9.281958644749034,0
20220604T,10.718400318847262,10.718400318847262,10.718400318847262,10.718400318847262,0
20220605T,12.079705099151047,12.079705099151047,12.079705099151047,12.079705099151047,0
20220606T,10.222930586312412,10.222930586312412,10.222930586312412,10.222930586312412,0
20220607T,9.422635992287523,9.422635992287523,9.422635992287523,9.422635992287523,0
20220608T,11.050445131839508,11.050445131839508,11.050445131839508,11.050445131839508,0
20220609T,10.943096358237035,10.943096358237035,10.943096358237035,10.943096358237035,0
20220610T,12.179166854957415,12.179166854957415,12.179166854957415,12.179166854957415,0
20220611T,15.365049344180202,15.365049344180202,15.365049344180202,15.365049344180202,0
20220612T,15.045257083045938,15.045257083045938,15.045257083045938,15.045257083045938,0
20220613T,14.445962685572457,14.445962685572457,14.445962685572457,14.445962685572457,0
20220614T,13.558880416767362,13.558880416767362,13.558880416767362,13.558880416767362,0
20220615T,13.19274662329843,13.19274662329843,13.19274662329843,13.19274662329843,0
20220616T,11.37259146364295,11.37259146364295,11.37259146364295,11.37259146364295,0
20220617T,11.869325540047138,11.869325540047138,11.869325540047138,11.869325540047138,0
20220618T,13.640026640345758,13.640026640345758,13.640026640345758,13.640026640345758,0
20220619T,10.942854883822006,10.942854883822006,10.942854883822006,10.942854883822006,0
20220620T,11.921017761272113,11.921017761272113,11.921017761272113,11.921017761272113,0
20220621T,10.282537153917557,10.282537153917557,10.282537153917557,10.282537153917557,0
20220622T,10.600714702510764,10.600714702510764,10.600714702510764,10.600714702510764,0
20220623T,9.72925075737079,9.72925075737079,9.72925075737079,9.72925075737079,0
20220624T,11.667062738802079,11.667062738802079,11.667062738802079,11.667062738802079,0
20220625T,10.803766254817223,10.803766254817223,10.803766254817223,10.803766254817223,0
20220626T,10.92503599462038,10.92503599462038,10.92503599462038,10.92503599462038,0
20220627T,10.328684847387445,10.328684847387445,10.328684847387445,10.328684847387445,0
20220628T,10.646579216182616,10.646579216182616,10.646579216182616,10.646579216182616,0
20220629T,10.817840562304962,10.817840562304962,10.817840562304962,10.817840562304962,0
20220630T,9.80786820328434,9.80786820328434,9.80786820328434,9.80786820328434,0
20220701T,13.085382387461117,13.085382387461117,13.085382387461117,13.085382387461117,0
20220702T,10.523568121155607,10.523568121155607,10.523568121155607,10.523568121155607,0
20220703T,12.427620601489016,12.427620601489016,12.427620601489016,12.427620601489016,0
20220704T,10.853241183079641,10.853241183079641,10.853241183079641,10.853241183079641,0
20220705T,10.549770690484817,10.549770690484817,10.549770690484817,10.549770690484817,0
20220706T,11.430495096707826,11.430495096707826,11.430495096707826,11.430495096707826,0
20220707T,11.670908777682541,11.670908777682541,11.670908777682541,11.670908777682541,0
20220708T,19.2898363975779,19.2898363975779,19.2898363975779,19.2898363975779,0
20220709T,25.55196698269365,25.55196698269365,25.55196698269365,25.55196698269365,0
20220710T,25.442541343430683,25.442541343430683,25.442541343430683,25.442541343430683,0
20220711T,19.25860495777439,19.25860495777439,19.25860495777439,19.25860495777439,0
20220712T,12.786872563038948,12.786872563038948,12.786872563038948,12.786872563038948,0
20220713T,11.448545625585313,11.448545625585313,11.448545625585313,11.448545625585313,0
20220714T,9.430487354661642,9.430487354661642,9.430487354661642,9.430487354661642,0
20220715T,10.980217983043115,10.980217983043115,10.980217983043115,10.980217983043115,0
20220716T,11.871265547346487,11.871265547346487,11.871265547346487,11.871265547346487,0
20220717T,11.14468218741409,11.14468218741409,11.14468218741409,11.14468218741409,0
20220718T,12.16711277720178,12.16711277720178,12.16711277720178,12.16711277720178,0
20220719T,10.081135664626785,10.081135664626785,10.081135664626785,10.081135664626785,0
20220720T,9.356964976282699,9.356964976282699,9.356964976282699,9.356964976282699,0
20220721T,8.79491891408842,8.79491891408842,8.79491891408842,8.79491891408842,0
20220722T,9.80789489836312,9.80789489836312,9.80789489836312,9.80789489836312,0
20220723T,8.72515334096951,8.72515334096951,8.72515334096951,8.72515334096951,0
20220724T,9.73315923688771,9.73315923688771,9.73315923688771,9.73315923688771,0
20220725T,9.786999706269398,9.786999706269398,9.786999706269398,9.786999706269398,0
20220726T,10.80118881751702,10.80118881751702,10.80118881751702,10.80118881751702,0
20220727T,10.066997195069765,10.066997195069765,10.066997195069765,10.066997195069765,0
20220728T,12.680156845090469,12.680156845090469,12.680156845090469,12.680156845090469,0
20220729T,12.017183931305013,12.017183931305013,12.017183931305013,12.017183931305013,0
20220730T,9.334882200475716,9.334882200475716,9.334882200475716,9.334882200475716,0
20220731T,9.204879327816569,9.204879327816569,9.204879327816569,9.204879327816569,0
20220801T,10.507844068828904,10.507844068828904,10.507844068828904,10.507844068828904,0
20220802T,9.261443540850008,9.261443540850008,9.261443540850008,9.261443540850008,0
20220803T,8.244250199981831,8.244250199981831,8.244250199981831,8.244250199981831,0
20220804T,10.167611201206,10.167611201206,10.167611201206,10.167611201206,0
20220805T,9.096534183583868,9.096534183583868,9.096534183583868,9.096534183583868,0
20220806T,11.403792297932819,11.403792297932819,11.403792297932819,11.403792297932819,0
20220807T,10.276929695826583,10.276929695826583,10.276929695826583,10.276929695826583,0
20220808T,10.319072249532685,10.319072249532685,10.319072249532685,10.319072249532685,0
20220809T,10.698322865136971,10.698322865136971,10.698322865136971,10.698322865136971,0
20220810T,11.905219882755745,11.905219882755745,11.905219882755745,11.905219882755745,0
20220811T,15.301555015499133,15.301555015499133,15.301555015499133,15.301555015499133,0
20220812T,12.638211437682196,12.638211437682196,12.638211437682196,12.638211437682196,0
20220813T,16.314029517223535,16.314029517223535,16.314029517223535,16.314029517223535,0
20220814T,12.215397886118517,12.215397886118517,12.215397886118517,12.215397886118517,0
20220815T,12.457477199517841,12.457477199517841,12.457477199517841,12.457477199517841,0
20220816T,11.780374684799074,11.780374684799074,11.780374684799074,11.780374684799074,0
20220817T,9.354296998180203,9.354296998180203,9.354296998180203,9.354296998180203,0
20220818T,10.617776988521154,10.617776988521154,10.617776988521154,10.617776988521154,0
20220819T,13.870820190881785,13.870820190881785,13.870820190881785,13.870820190881785,0
20220820T,16.837378993803284,16.837378993803284,16.837378993803284,16.837378993803284,0
20220821T,22.19546280147449,22.19546280147449,22.19546280147449,22.19546280147449,0
20220822T,14.297845622746031,14.297845622746031,14.297845622746031,14.297845622746031,0
20220823T,10.729198535155373,10.729198535155373,10.729198535155373,10.729198535155373,0
20220824T,10.0538614489114,10.0538614489114,10.0538614489114,10.0538614489114,0
20220825T,11.537169090248755,11.537169090248755,11.537169090248755,11.537169090248755,0
20220826T,13.33252523993658,13.33252523993658,13.33252523993658,13.33252523993658,0
20220827T,12.532260591490564,12.532260591490564,12.532260591490564,12.532260591490564,0
20220828T,7.454218697500331,7.454218697500331,7.454218697500331,7.454218697500331,0
20220829T,11.54124505614535,11.54124505614535,11.54124505614535,11.54124505614535,0
20220830T,13.210723542477666,13.210723542477666,13.210723542477666,13.210723542477666,0
20220831T,9.688247399526503,9.688247399526503,9.688247399526503,9.688247399526503,0
20220901T,9.84007795863865,9.84007795863865,9.84007795863865,9.84007795863865,0
20220902T,8.29425799823044,8.29425799823044,8.29425799823044,8.29425799823044,0
20220903T,9.105408312256138,9.105408312256138,9.105408312256138,9.105408312256138,0
20220904T,9.816440901527972,9.816440901527972,9.816440901527972,9.816440901527972,0
20220905T,10.407020103127678,10.407020103127678,10.407020103127678,10.407020103127678,0
20220906T,10.042728910937926,10.042728910937926,10.042728910937926,10.042728910937926,0
20220907T,10.463337579539116,10.463337579539116,10.463337579539116,10.463337579539116,0
20220908T,10.48988035735717,10.48988035735717,10.48988035735717,10.48988035735717,0
20220909T,12.779949857284386,12.779949857284386,12.779949857284386,12.779949857284386,0
20220910T,13.856090202049868,13.856090202049868,13.856090202049868,13.856090202049868,0
20220911T,13.83280582755857,13.83280582755857,13.83280582755857,13.83280582755857,0
20220912T,11.619760438120764,11.619760438120764,11.619760438120764,11.619760438120764,0
20220913T,11.365785493893634,11.365785493893634,11.365785493893634,11.365785493893634,0
20220914T,12.679785856138764,12.679785856138764,12.679785856138764,12.679785856138764,0
20220915T,22.934060422722172,22.934060422722172,22.934060422722172,22.934060422722172,0
20220916T,20.75000780689911,20.75000780689911,20.75000780689911,20.75000780689911,0
20220917T,15.77890117457945,15.77890117457945,15.77890117457945,15.77890117457945,0
20220918T,16.168580364364182,16.168580364364182,16.168580364364182,16.168580364364182,0
20220919T,14.182329048759252,14.182329048759252,14.182329048759252,14.182329048759252,0
20220920T,11.586792336397716,11.586792336397716,11.586792336397716,11.586792336397716,0
20220921T,9.692956419548718,9.692956419548718,9.692956419548718,9.692956419548718,0
20220922T,9.897911667344458,9.897911667344458,9.897911667344458,9.897911667344458,0
20220923T,10.075714417225836,10.075714417225836,10.075714417225836,10.075714417225836,0
20220924T,21.200366802921746,21.200366802921746,21.200366802921746,21.200366802921746,0
20220925T,16.01379881848635,16.01379881848635,16.01379881848635,16.01379881848635,0
20220926T,11.17661990407001,11.17661990407001,11.17661990407001,11.17661990407001,0
20220927T,8.887142803694012,8.887142803694012,8.887142803694012,8.887142803694012,0
20220928T,8.796480340595684,8.796480340595684,8.796480340595684,8.796480340595684,0
20220929T,7.525478565513879,7.525478565513879,7.525478565513879,7.525478565513879,0
20220930T,9.638276357374997,9.638276357374997,9.638276357374997,9.638276357374997,0
20221001T,9.563022885737757,9.563022885737757,9.563022885737757,9.563022885737757,0
20221002T,8.003591828557932,8.003591828557932,8.003591828557932,8.003591828557932,0
20221003T,7.2098629717270875,7.2098629717270875,7.2098629717270875,7.2098629717270875,0
20221004T,7.177048344917089,7.177048344917089,7.177048344917089,7.177048344917089,0
20221005T,6.605614192655533,6.605614192655533,6.605614192655533,6.605614192655533,0
20221006T,6.09272838821843,6.09272838821843,6.09272838821843,6.09272838821843,0
20221007T,5.910243093001482,5.910243093001482,5.910243093001482,5.910243093001482,0
20221008T,5.46040036820206,5.46040036820206,5.46040036820206,5.46040036820206,0
20221009T,10.160115917531993,10.160115917531993,10.160115917531993,10.160115917531993,0
20221010T,8.905722708221075,8.905722708221075,8.905722708221075,8.905722708221075,0
20221011T,8.610621363969504,8.610621363969504,8.610621363969504,8.610621363969504,0
20221012T,6.698543539837219,6.698543539837219,6.698543539837219,6.698543539837219,0
20221013T,5.909658246868007,5.909658246868007,5.909658246868007,5.909658246868007,0
20221014T,7.274264742189522,7.274264742189522,7.274264742189522,7.274264742189522,0
20221015T,9.144336355856643,9.144336355856643,9.144336355856643,9.144336355856643,0
20221016T,8.250729663624394,8.250729663624394,8.250729663624394,8.250729663624394,0
20221017T,8.217339555146527,8.217339555146527,8.217339555146527,8.217339555146527,0
20221018T,8.906763204410119,8.906763204410119,8.906763204410119,8.906763204410119,0
20221019T,8.872141503901696,8.872141503901696,8.872141503901696,8.872141503901696,0
20221020T,7.521382812833377,7.521382812833377,7.521382812833377,7.521382812833377,0
20221021T,6.915196574049301,6.915196574049301,6.915196574049301,6.915196574049301,0
20221022T,5.87798680120957,5.87798680120957,5.87798680120957,5.87798680120957,0
20221023T,6.354356335496581,6.354356335496581,6.354356335496581,6.354356335496581,0
20221024T,7.862880341388317,7.862880341388317,7.862880341388317,7.862880341388317,0
20221025T,12.008537066551646,12.008537066551646,12.008537066551646,12.008537066551646,0
20221026T,13.477975046705359,13.477975046705359,13.477975046705359,13.477975046705359,0
20221027T,8.500702360755332,8.500702360755332,8.500702360755332,8.500702360755332,0
20221028T,6.1287307586719955,6.1287307586719955,6.1287307586719955,6.1287307586719955,0
20221029T,5.957982911918281,5.957982911918281,5.957982911918281,5.957982911918281,0
20221030T,7.725497292105284,7.725497292105284,7.725497292105284,7.725497292105284,0
20221031T,7.388062821491867,7.388062821491867,7.388062821491867,7.388062821491867,0
20221101T,6.384685310777226,6.384685310777226,6.384685310777226,6.384685310777226,0
20221102T,5.715376077419971,5.715376077419971,5.715376077419971,5.715376077419971,0
20221103T,7.566804918556421,7.566804918556421,7.566804918556421,7.566804918556421,0
20221104T,6.730413520214498,6.730413520214498,6.730413520214498,6.730413520214498,0
20221105T,6.445797612198914,6.445797612198914,6.445797612198914,6.445797612198914,0
20221106T,7.044360911066911,7.044360911066911,7.044360911066911,7.044360911066911,0
20221107T,5.644537746518613,5.644537746518613,5.644537746518613,5.644537746518613,0
20221108T,4.966242156001657,4.966242156001657,4.966242156001657,4.966242156001657,0
20221109T,9.0284372480212,9.0284372480212,9.0284372480212,9.0284372480212,0
20221110T,5.681195174504867,5.681195174504867,5.681195174504867,5.681195174504867,0
20221111T,7.535521202142718,7.535521202142718,7.535521202142718,7.535521202142718,0
20221112T,6.49364623602613,6.49364623602613,6.49364623602613,6.49364623602613,0
20221113T,8.194522436133534,8.194522436133534,8.194522436133534,8.194522436133534,0
20221114T,7.932385664127987,7.932385664127987,7.932385664127987,7.932385664127987,0
20221115T,7.496708349890113,7.496708349890113,7.496708349890113,7.496708349890113,0
20221116T,5.750000445940355,5.750000445940355,5.750000445940355,5.750000445940355,0
20221117T,4.558408205699666,4.558408205699666,4.558408205699666,4.558408205699666,0
20221118T,4.447762380081558,4.447762380081558,4.447762380081558,4.447762380081558,0
20221119T,7.228335313205672,7.228335313205672,7.228335313205672,7.228335313205672,0
20221120T,10.857636240665848,10.857636240665848,10.857636240665848,10.857636240665848,0
20221121T,9.153661760720029,9.153661760720029,9.153661760720029,9.153661760720029,0
20221122T,8.636432973373257,8.636432973373257,8.636432973373257,8.636432973373257,0
20221123T,6.691378471669052,6.691378471669052,6.691378471669052,6.691378471669052,0
20221124T,7.915896880600376,7.915896880600376,7.915896880600376,7.915896880600376,0
20221125T,7.593860529141692,7.593860529141692,7.593860529141692,7.593860529141692,0
20221126T,8.46492560016535,8.46492560016535,8.46492560016535,8.46492560016535,0
20221127T,7.429776515781146,7.429776515781146,7.429776515781146,7.429776515781146,0
20221128T,6.350878831538529,6.350878831538529,6.350878831538529,6.350878831538529,0
20221129T,5.992373951851406,5.992373951851406,5.992373951851406,5.992373951851406,0
20221130T,7.231739873521493,7.231739873521493,7.231739873521493,7.231739873521493,0
20221201T,6.507974137038532,6.507974137038532,6.507974137038532,6.507974137038532,0
20221202T,5.43466233823993,5.43466233823993,5.43466233823993,5.43466233823993,0
20221203T,6.8097055442153795,6.8097055442153795,6.8097055442153795,6.8097055442153795,0
20221204T,6.751875449827259,6.751875449827259,6.751875449827259,6.751875449827259,0
20221205T,6.012102958978392,6.012102958978392,6.012102958978392,6.012102958978392,0
20221206T,7.261880675128509,7.261880675128509,7.261880675128509,7.261880675128509,0
20221207T,6.810853580915826,6.810853580915826,6.810853580915826,6.810853580915826,0
20221208T,7.438380982295827,7.438380982295827,7.438380982295827,7.438380982295827,0
20221209T,7.002435827459028,7.002435827459028,7.002435827459028,7.002435827459028,0
20221210T,8.704523868969975,8.704523868969975,8.704523868969975,8.704523868969975,0
20221211T,6.494610171691868,6.494610171691868,6.494610171691868,6.494610171691868,0
20221212T,8.271827511617094,8.271827511617094,8.271827511617094,8.271827511617094,0
20221213T,7.1935742814982255,7.1935742814982255,7.1935742814982255,7.1935742814982255,0
20221214T,8.087176256535829,8.087176256535829,8.087176256535829,8.087176256535829,0
20221215T,8.497983815286311,8.497983815286311,8.497983815286311,8.497983815286311,0
20221216T,8.655370780216309,8.655370780216309,8.655370780216309,8.655370780216309,0
20221217T,10.501629608108024,10.501629608108024,10.501629608108024,10.501629608108024,0
20221218T,8.283212201898968,8.283212201898968,8.283212201898968,8.283212201898968,0
20221219T,8.90223144992725,8.90223144992725,8.90223144992725,8.90223144992725,0
20221220T,9.765433046650353,9.765433046650353,9.765433046650353,9.765433046650353,0
20221221T,8.815727371229805,8.815727371229805,8.815727371229805,8.815727371229805,0
20221222T,9.653923387184292,9.653923387184292,9.653923387184292,9.653923387184292,0
20221223T,8.596076031746163,8.596076031746163,8.596076031746163,8.596076031746163,0
20221224T,9.216026844592566,9.216026844592566,9.216026844592566,9.216026844592566,0
20221225T,11.169658983602455,11.169658983602455,11.169658983602455,11.169658983602455,0
20221226T,11.71841417419485,11.71841417419485,11.71841417419485,11.71841417419485,0
20221227T,9.57348340317868,9.57348340317868,9.57348340317868,9.57348340317868,0
20221228T,10.239710784761499,10.239710784761499,10.239710784761499,10.239710784761499,0
20221229T,9.71455688116088,9.71455688116088,9.71455688116088,9.71455688116088,0
20221230T,11.284729316437579,11.284729316437579,11.284729316437579,11.284729316437579,0
20221231T,14.463022848158866,14.463022848158866,14.463022848158866,14.463022848158866,0
20230101T,12.292679439706635,12.292679439706635,12.292679439706635,12.292679439706635,0
20230102T,10.437212585996186,10.437212585996186,10.437212585996186,10.437212585996186,0
20230103T,10.417450737474159,10.417450737474159,10.417450737474159,10.417450737474159,0
20230104T,10.111216075569821,10.111216075569821,10.111216075569821,10.111216075569821,0
20230105T,11.419891277024636,11.419891277024636,11.419891277024636,11.419891277024636,0
20230106T,10.936224909079568,10.936224909079568,10.936224909079568,10.936224909079568,0
20230107T,10.036694532272142,10.036694532272142,10.036694532272142,10.036694532272142,0
20230108T,11.079657335464582,11.079657335464582,11.079657335464582,11.079657335464582,0
20230109T,9.802408014472594,9.802408014472594,9.802408014472594,9.802408014472594,0
20230110T,8.92205580672744,8.92205580672744,8.92205580672744,8.92205580672744,0
20230111T,9.288629466936685,9.288629466936685,9.288629466936685,9.288629466936685,0
20230112T,10.263088111030685,10.263088111030685,10.263088111030685,10.263088111030685,0
20230113T,9.24066416563896,9.24066416563896,9.24066416563896,9.24066416563896,0
20230114T,9.114970305844304,9.114970305844304,9.114970305844304,9.114970305844304,0
20230115T,11.852035734281516,11.852035734281516,11.852035734281516,11.852035734281516,0
20230116T,12.634543112854187,12.634543112854187,12.634543112854187,12.634543112854187,0
20230117T,10.57420560644815,10.57420560644815,10.57420560644815,10.57420560644815,0
20230118T,10.062057002437493,10.062057002437493,10.062057002437493,10.062057002437493,0
20230119T,10.468629048943304,10.468629048943304,10.468629048943304,10.468629048943304,0
20230120T,9.632382091255659,9.632382091255659,9.632382091255659,9.632382091255659,0
20230121T,7.219140749264454,7.219140749264454,7.219140749264454,7.219140749264454,0
20230122T,7.465232910856546,7.465232910856546,7.465232910856546,7.465232910856546,0
20230123T,6.43243267996169,6.43243267996169,6.43243267996169,6.43243267996169,0
20230124T,13.928724937569347,13.928724937569347,13.928724937569347,13.928724937569347,0
20230125T,13.620137703685915,13.620137703685915,13.620137703685915,13.620137703685915,0
20230126T,4.315557977891914,4.315557977891914,4.315557977891914,4.315557977891914,0
20230127T,3.5767345893926272,3.5767345893926272,3.5767345893926272,3.5767345893926272,0
20230128T,6.089872153888861,6.089872153888861,6.089872153888861,6.089872153888861,0
20230129T,9.249708187242264,9.249708187242264,9.249708187242264,9.249708187242264,0
20230130T,13.20082448927133,13.20082448927133,13.20082448927133,13.20082448927133,0
20230131T,11.360917641451776,11.360917641451776,11.360917641451776,11.360917641451776,0
20230201T,5.7980242022630994,5.7980242022630994,5.7980242022630994,5.7980242022630994,0
20230202T,8.443314387483479,8.443314387483479,8.443314387483479,8.443314387483479,0
20230203T,7.530403642258597,7.530403642258597,7.530403642258597,7.530403642258597,0
20230204T,9.104994210172427,9.104994210172427,9.104994210172427,9.104994210172427,0
20230205T,7.86507299852111,7.86507299852111,7.86507299852111,7.86507299852111,0
20230206T,9.671573676670244,9.671573676670244,9.671573676670244,9.671573676670244,0
20230207T,9.942497322634816,9.942497322634816,9.942497322634816,9.942497322634816,0
