20200505T,1665.0,1665.0,1665.0,1665.0,0
20200506T,2332.0,2332.0,2332.0,2332.0,0
20200507T,3249.0,3249.0,3249.0,3249.0,0
20200508T,2587.0,2587.0,2587.0,2587.0,0
20200509T,2178.0,2178.0,2178.0,2178.0,0
20200510T,3143.0,3143.0,3143.0,3143.0,0
20200511T,2125.0,2125.0,2125.0,2125.0,0
20200512T,1916.0,1916.0,1916.0,1916.0,0
20200513T,2096.0,2096.0,2096.0,2096.0,0
20200514T,2758.0,2758.0,2758.0,2758.0,0
20200515T,2519.0,2519.0,2519.0,2519.0,0
20200516T,2091.0,2091.0,2091.0,2091.0,0
20200517T,2118.0,2118.0,2118.0,2118.0,0
20200518T,2936.0,2936.0,2936.0,2936.0,0
20200519T,1970.0,1970.0,1970.0,1970.0,0
20200520T,2496.0,2496.0,2496.0,2496.0,0
20200521T,2708.0,2708.0,2708.0,2708.0,0
20200522T,2333.0,2333.0,2333.0,2333.0,0
20200523T,2020.0,2020.0,2020.0,2020.0,0
20200524T,2241.0,2241.0,2241.0,2241.0,0
20200525T,2350.0,2350.0,2350.0,2350.0,0
20200526T,2218.0,2218.0,2218.0,2218.0,0
20200527T,1990.0,1990.0,1990.0,1990.0,0
20200528T,2627.0,2627.0,2627.0,2627.0,0
20200529T,2409.0,2409.0,2409.0,2409.0,0
20200530T,3528.0,3528.0,3528.0,3528.0,0
20200531T,2393.0,2393.0,2393.0,2393.0,0
20200601T,2804.0,2804.0,2804.0,2804.0,0
20200602T,2808.0,2808.0,2808.0,2808.0,0
20200603T,2152.0,2152.0,2152.0,2152.0,0
20200604T,2473.0,2473.0,2473.0,2473.0,0
20200605T,1639.0,1639.0,1639.0,1639.0,0
20200606T,1403.0,1403.0,1403.0,1403.0,0
20200607T,1589.0,1589.0,1589.0,1589.0,0
20200608T,1823.0,1823.0,1823.0,1823.0,0
20200609T,1759.0,1759.0,1759.0,1759.0,0
20200610T,2291.0,2291.0,2291.0,2291.0,0
20200611T,2390.0,2390.0,2390.0,2390.0,0
20200612T,1872.0,1872.0,1872.0,1872.0,0
20200613T,1312.0,1312.0,1312.0,1312.0,0
20200614T,1840.0,1840.0,1840.0,1840.0,0
20200615T,2544.0,2544.0,2544.0,2544.0,0
20200616T,2089.0,2089.0,2089.0,2089.0,0
20200617T,2346.0,2346.0,2346.0,2346.0,0
20200618T,2043.0,2043.0,2043.0,2043.0,0
20200619T,2051.0,2051.0,2051.0,2051.0,0
20200620T,1503.0,1503.0,1503.0,1503.0,0
20200621T,1496.0,1496.0,1496.0,1496.0,0
20200622T,2901.0,2901.0,2901.0,2901.0,0
20200623T,1835.0,1835.0,1835.0,1835.0,0
20200624T,2856.0,2856.0,2856.0,2856.0,0
20200625T,1942.0,1942.0,1942.0,1942.0,0
20200626T,1679.0,1679.0,1679.0,1679.0,0
20200627T,1972.0,1972.0,1972.0,1972.0,0
20200628T,1787.0,1787.0,1787.0,1787.0,0
20200629T,1745.0,1745.0,1745.0,1745.0,0
20200630T,1692.0,1692.0,1692.0,1692.0,0
20200701T,1947.0,1947.0,1947.0,1947.0,0
20200702T,1857.0,1857.0,1857.0,1857.0,0
20200703T,1590.0,1590.0,1590.0,1590.0,0
20200704T,1356.0,1356.0,1356.0,1356.0,0
20200705T,1327.0,1327.0,1327.0,1327.0,0
20200706T,2552.0,2552.0,2552.0,2552.0,0
20200707T,2440.0,2440.0,2440.0,2440.0,0
20200708T,3373.0,3373.0,3373.0,3373.0,0
20200709T,2496.0,2496.0,2496.0,2496.0,0
20200710T,2367.0,2367.0,2367.0,2367.0,0
20200711T,1928.0,1928.0,1928.0,1928.0,0
20200712T,2064.0,2064.0,2064.0,2064.0,0
20200713T,2252.0,2252.0,2252.0,2252.0,0
20200714T,2167.0,2167.0,2167.0,2167.0,0
20200715T,2460.0,2460.0,2460.0,2460.0,0
20200716T,2414.0,2414.0,2414.0,2414.0,0
20200717T,1873.0,1873.0,1873.0,1873.0,0
20200718T,2139.0,2139.0,2139.0,2139.0,0
20200719T,2195.0,2195.0,2195.0,2195.0,0
20200720T,2405.0,2405.0,2405.0,2405.0,0
20200721T,3070.0,3070.0,3070.0,3070.0,0
20200722T,4011.0,4011.0,4011.0,4011.0,0
20200723T,5568.0,5568.0,5568.0,5568.0,0
20200724T,4851.0,4851.0,4851.0,4851.0,0
20200725T,5931.0,5931.0,5931.0,5931.0,0
20200726T,5444.0,5444.0,5444.0,5444.0,0
20200727T,7086.0,7086.0,7086.0,7086.0,0
20200728T,4124.0,4124.0,4124.0,4124.0,0
20200729T,3200.0,3200.0,3200.0,3200.0,0
20200730T,4342.0,4342.0,4342.0,4342.0,0
20200731T,4601.0,4601.0,4601.0,4601.0,0
20200801T,5976.0,5976.0,5976.0,5976.0,0
20200802T,6856.0,6856.0,6856.0,6856.0,0
20200803T,4548.0,4548.0,4548.0,4548.0,0
20200804T,5040.0,5040.0,5040.0,5040.0,0
20200805T,4364.0,4364.0,4364.0,4364.0,0
20200806T,3791.0,3791.0,3791.0,3791.0,0
20200807T,4965.0,4965.0,4965.0,4965.0,0
20200808T,4096.0,4096.0,4096.0,4096.0,0
20200809T,4078.0,4078.0,4078.0,4078.0,0
20200810T,4181.0,4181.0,4181.0,4181.0,0
20200811T,4712.0,4712.0,4712.0,4712.0,0
20200812T,4280.0,4280.0,4280.0,4280.0,0
20200813T,6916.0,6916.0,6916.0,6916.0,0
20200814T,6173.0,6173.0,6173.0,6173.0,0
20200815T,4231.0,4231.0,4231.0,4231.0,0
20200816T,3807.0,3807.0,3807.0,3807.0,0
20200817T,4356.0,4356.0,4356.0,4356.0,0
20200818T,3664.0,3664.0,3664.0,3664.0,0
20200819T,3923.0,3923.0,3923.0,3923.0,0
20200820T,3286.0,3286.0,3286.0,3286.0,0
20200821T,3193.0,3193.0,3193.0,3193.0,0
20200822T,2701.0,2701.0,2701.0,2701.0,0
20200823T,2170.0,2170.0,2170.0,2170.0,0
20200824T,3052.0,3052.0,3052.0,3052.0,0
20200825T,3372.0,3372.0,3372.0,3372.0,0
20200826T,2965.0,2965.0,2965.0,2965.0,0
20200827T,2388.0,2388.0,2388.0,2388.0,0
20200828T,2019.0,2019.0,2019.0,2019.0,0
20200829T,1904.0,1904.0,1904.0,1904.0,0
20200830T,2707.0,2707.0,2707.0,2707.0,0
20200831T,3125.0,3125.0,3125.0,3125.0,0
20200901T,5335.0,5335.0,5335.0,5335.0,0
20200902T,3686.0,3686.0,3686.0,3686.0,0
20200903T,3623.0,3623.0,3623.0,3623.0,0
20200904T,2859.0,2859.0,2859.0,2859.0,0
20200905T,3118.0,3118.0,3118.0,3118.0,0
20200906T,2206.0,2206.0,2206.0,2206.0,0
20200907T,2204.0,2204.0,2204.0,2204.0,0
20200908T,1912.0,1912.0,1912.0,1912.0,0
20200909T,2229.0,2229.0,2229.0,2229.0,0
20200910T,2207.0,2207.0,2207.0,2207.0,0
20200911T,1963.0,1963.0,1963.0,1963.0,0
20200912T,1894.0,1894.0,1894.0,1894.0,0
20200913T,2407.0,2407.0,2407.0,2407.0,0
20200914T,2046.0,2046.0,2046.0,2046.0,0
20200915T,2090.0,2090.0,2090.0,2090.0,0
20200916T,2301.0,2301.0,2301.0,2301.0,0
20200917T,3612.0,3612.0,3612.0,3612.0,0
20200918T,3162.0,3162.0,3162.0,3162.0,0
20200919T,2406.0,2406.0,2406.0,2406.0,0
20200920T,2743.0,2743.0,2743.0,2743.0,0
20200921T,2454.0,2454.0,2454.0,2454.0,0
20200922T,2344.0,2344.0,2344.0,2344.0,0
20200923T,2315.0,2315.0,2315.0,2315.0,0
20200924T,2176.0,2176.0,2176.0,2176.0,0
20200925T,1846.0,1846.0,1846.0,1846.0,0
20200926T,1852.0,1852.0,1852.0,1852.0,0
20200927T,2472.0,2472.0,2472.0,2472.0,0
20200928T,2205.0,2205.0,2205.0,2205.0,0
20200929T,2508.0,2508.0,2508.0,2508.0,0
20200930T,1898.0,1898.0,1898.0,1898.0,0
20201001T,2763.0,2763.0,2763.0,2763.0,0
20201002T,2479.0,2479.0,2479.0,2479.0,0
20201003T,2239.0,2239.0,2239.0,2239.0,0
20201004T,2533.0,2533.0,2533.0,2533.0,0
20201005T,2532.0,2532.0,2532.0,2532.0,0
20201006T,2718.0,2718.0,2718.0,2718.0,0
20201007T,2942.0,2942.0,2942.0,2942.0,0
20201008T,3168.0,3168.0,3168.0,3168.0,0
20201009T,2406.0,2406.0,2406.0,2406.0,0
20201010T,2350.0,2350.0,2350.0,2350.0,0
20201011T,2005.0,2005.0,2005.0,2005.0,0
20201012T,2335.0,2335.0,2335.0,2335.0,0
20201013T,1992.0,1992.0,1992.0,1992.0,0
20201014T,2559.0,2559.0,2559.0,2559.0,0
20201015T,2540.0,2540.0,2540.0,2540.0,0
20201016T,1960.0,1960.0,1960.0,1960.0,0
20201017T,1931.0,1931.0,1931.0,1931.0,0
20201018T,1716.0,1716.0,1716.0,1716.0,0
20201019T,2116.0,2116.0,2116.0,2116.0,0
20201020T,2406.0,2406.0,2406.0,2406.0,0
20201021T,3227.0,3227.0,3227.0,3227.0,0
20201022T,3283.0,3283.0,3283.0,3283.0,0
20201023T,2231.0,2231.0,2231.0,2231.0,0
20201024T,2342.0,2342.0,2342.0,2342.0,0
20201025T,1796.0,1796.0,1796.0,1796.0,0
20201026T,2107.0,2107.0,2107.0,2107.0,0
20201027T,2238.0,2238.0,2238.0,2238.0,0
20201028T,2188.0,2188.0,2188.0,2188.0,0
20201029T,1841.0,1841.0,1841.0,1841.0,0
20201030T,1978.0,1978.0,1978.0,1978.0,0
20201031T,1634.0,1634.0,1634.0,1634.0,0
20201101T,1643.0,1643.0,1643.0,1643.0,0
20201102T,1989.0,1989.0,1989.0,1989.0,0
20201103T,1848.0,1848.0,1848.0,1848.0,0
20201104T,3153.0,3153.0,3153.0,3153.0,0
20201105T,3342.0,3342.0,3342.0,3342.0,0
20201106T,3261.0,3261.0,3261.0,3261.0,0
20201107T,2872.0,2872.0,2872.0,2872.0,0
20201108T,2024.0,2024.0,2024.0,2024.0,0
20201109T,2413.0,2413.0,2413.0,2413.0,0
20201110T,3086.0,3086.0,3086.0,3086.0,0
20201111T,3812.0,3812.0,3812.0,3812.0,0
20201112T,2944.0,2944.0,2944.0,2944.0,0
20201113T,2637.0,2637.0,2637.0,2637.0,0
20201114T,1869.0,1869.0,1869.0,1869.0,0
20201115T,2101.0,2101.0,2101.0,2101.0,0
20201116T,2502.0,2502.0,2502.0,2502.0,0
20201117T,3247.0,3247.0,3247.0,3247.0,0
20201118T,3384.0,3384.0,3384.0,3384.0,0
20201119T,2815.0,2815.0,2815.0,2815.0,0
20201120T,3990.0,3990.0,3990.0,3990.0,0
20201121T,3800.0,3800.0,3800.0,3800.0,0
20201122T,3667.0,3667.0,3667.0,3667.0,0
20201123T,5139.0,5139.0,5139.0,5139.0,0
20201124T,5006.0,5006.0,5006.0,5006.0,0
20201125T,3144.0,3144.0,3144.0,3144.0,0
20201126T,2824.0,2824.0,2824.0,2824.0,0
20201127T,2399.0,2399.0,2399.0,2399.0,0
20201128T,2188.0,2188.0,2188.0,2188.0,0
20201129T,2337.0,2337.0,2337.0,2337.0,0
20201130T,3496.0,3496.0,3496.0,3496.0,0
20201201T,4641.0,4641.0,4641.0,4641.0,0
20201202T,3257.0,3257.0,3257.0,3257.0,0
20201203T,2936.0,2936.0,2936.0,2936.0,0
20201204T,2822.0,2822.0,2822.0,2822.0,0
20201205T,2454.0,2454.0,2454.0,2454.0,0
20201206T,2209.0,2209.0,2209.0,2209.0,0
20201207T,2538.0,2538.0,2538.0,2538.0,0
20201208T,2546.0,2546.0,2546.0,2546.0,0
20201209T,3365.0,3365.0,3365.0,3365.0,0
20201210T,2477.0,2477.0,2477.0,2477.0,0
20201211T,2465.0,2465.0,2465.0,2465.0,0
20201212T,2243.0,2243.0,2243.0,2243.0,0
20201213T,2139.0,2139.0,2139.0,2139.0,0
20201214T,2138.0,2138.0,2138.0,2138.0,0
20201215T,2178.0,2178.0,2178.0,2178.0,0
20201216T,3069.0,3069.0,3069.0,3069.0,0
20201217T,3726.0,3726.0,3726.0,3726.0,0
20201218T,2914.0,2914.0,2914.0,2914.0,0
20201219T,2683.0,2683.0,2683.0,2683.0,0
20201220T,2349.0,2349.0,2349.0,2349.0,0
20201221T,2477.0,2477.0,2477.0,2477.0,0
20201222T,2925.0,2925.0,2925.0,2925.0,0
20201223T,3030.0,3030.0,3030.0,3030.0,0
20201224T,2810.0,2810.0,2810.0,2810.0,0
20201225T,2012.0,2012.0,2012.0,2012.0,0
20201226T,2823.0,2823.0,2823.0,2823.0,0
20201227T,4341.0,4341.0,4341.0,4341.0,0
20201228T,5458.0,5458.0,5458.0,5458.0,0
20201229T,3674.0,3674.0,3674.0,3674.0,0
20201230T,3285.0,3285.0,3285.0,3285.0,0
20201231T,3588.0,3588.0,3588.0,3588.0,0
20210101T,2789.0,2789.0,2789.0,2789.0,0
20210102T,4357.0,4357.0,4357.0,4357.0,0
20210103T,7472.0,7472.0,7472.0,7472.0,0
20210104T,8133.0,8133.0,8133.0,8133.0,0
20210105T,7046.0,7046.0,7046.0,7046.0,0
20210106T,7405.0,7405.0,7405.0,7405.0,0
20210107T,5941.0,5941.0,5941.0,5941.0,0
20210108T,5511.0,5511.0,5511.0,5511.0,0
20210109T,4907.0,4907.0,4907.0,4907.0,0
20210110T,6134.0,6134.0,6134.0,6134.0,0
20210111T,6240.0,6240.0,6240.0,6240.0,0
20210112T,4296.0,4296.0,4296.0,4296.0,0
20210113T,3746.0,3746.0,3746.0,3746.0,0
20210114T,4602.0,4602.0,4602.0,4602.0,0
20210115T,4439.0,4439.0,4439.0,4439.0,0
20210116T,4819.0,4819.0,4819.0,4819.0,0
20210117T,4095.0,4095.0,4095.0,4095.0,0
20210118T,4669.0,4669.0,4669.0,4669.0,0
20210119T,8792.0,8792.0,8792.0,8792.0,0
20210120T,4933.0,4933.0,4933.0,4933.0,0
20210121T,4272.0,4272.0,4272.0,4272.0,0
20210122T,4249.0,4249.0,4249.0,4249.0,0
20210123T,3773.0,3773.0,3773.0,3773.0,0
20210124T,5430.0,5430.0,5430.0,5430.0,0
20210125T,5900.0,5900.0,5900.0,5900.0,0
20210126T,1459.0,1459.0,1459.0,1459.0,0
20210127T,4322.0,4322.0,4322.0,4322.0,0
20210128T,4316.0,4316.0,4316.0,4316.0,0
20210129T,6783.0,6783.0,6783.0,6783.0,0
20210130T,6073.0,6073.0,6073.0,6073.0,0
20210131T,4903.0,4903.0,4903.0,4903.0,0
20210201T,6272.0,6272.0,6272.0,6272.0,0
20210202T,9790.0,9790.0,9790.0,9790.0,0
20210203T,9678.0,9678.0,9678.0,9678.0,0
20210204T,8935.0,8935.0,8935.0,8935.0,0
20210205T,8156.0,8156.0,8156.0,8156.0,0
20210206T,6355.0,6355.0,6355.0,6355.0,0
20210207T,6774.0,6774.0,6774.0,6774.0,0
20210208T,7367.0,7367.0,7367.0,7367.0,0
20210209T,7224.0,7224.0,7224.0,7224.0,0
20210210T,6446.0,6446.0,6446.0,6446.0,0
20210211T,5822.0,5822.0,5822.0,5822.0,0
20210212T,6823.0,6823.0,6823.0,6823.0,0
20210213T,5253.0,5253.0,5253.0,5253.0,0
20210214T,4788.0,4788.0,4788.0,4788.0,0
20210215T,4767.0,4767.0,4767.0,4767.0,0
20210216T,5229.0,5229.0,5229.0,5229.0,0
20210217T,5364.0,5364.0,5364.0,5364.0,0
20210218T,7118.0,7118.0,7118.0,7118.0,0
20210219T,8594.0,8594.0,8594.0,8594.0,0
20210220T,7785.0,7785.0,7785.0,7785.0,0
20210221T,5760.0,5760.0,5760.0,5760.0,0
20210222T,7025.0,7025.0,7025.0,7025.0,0
20210223T,6716.0,6716.0,6716.0,6716.0,0
20210224T,5586.0,5586.0,5586.0,5586.0,0
20210225T,6165.0,6165.0,6165.0,6165.0,0
20210226T,5800.0,5800.0,5800.0,5800.0,0
20210227T,6468.0,6468.0,6468.0,6468.0,0
20210228T,6555.0,6555.0,6555.0,6555.0,0
20210301T,5509.0,5509.0,5509.0,5509.0,0
20210302T,5050.0,5050.0,5050.0,5050.0,0
20210303T,5308.0,5308.0,5308.0,5308.0,0
20210304T,4390.0,4390.0,4390.0,4390.0,0
20210305T,4800.0,4800.0,4800.0,4800.0,0
20210306T,6335.0,6335.0,6335.0,6335.0,0
20210307T,5509.0,5509.0,5509.0,5509.0,0
20210308T,5660.0,5660.0,5660.0,5660.0,0
20210309T,5705.0,5705.0,5705.0,5705.0,0
20210310T,5141.0,5141.0,5141.0,5141.0,0
20210311T,5116.0,5116.0,5116.0,5116.0,0
20210312T,5129.0,5129.0,5129.0,5129.0,0
20210313T,5553.0,5553.0,5553.0,5553.0,0
20210314T,4767.0,4767.0,4767.0,4767.0,0
20210315T,4497.0,4497.0,4497.0,4497.0,0
20210316T,5087.0,5087.0,5087.0,5087.0,0
20210317T,4259.0,4259.0,4259.0,4259.0,0
20210318T,4911.0,4911.0,4911.0,4911.0,0
20210319T,4811.0,4811.0,4811.0,4811.0,0
20210320T,5360.0,5360.0,5360.0,5360.0,0
20210321T,4245.0,4245.0,4245.0,4245.0,0
20210322T,4716.0,4716.0,4716.0,4716.0,0
20210323T,4126.0,4126.0,4126.0,4126.0,0
20210324T,4272.0,4272.0,4272.0,4272.0,0
20210325T,4859.0,4859.0,4859.0,4859.0,0
20210326T,4643.0,4643.0,4643.0,4643.0,0
20210327T,3971.0,3971.0,3971.0,3971.0,0
20210328T,3891.0,3891.0,3891.0,3891.0,0
20210329T,6357.0,6357.0,6357.0,6357.0,0
20210330T,5585.0,5585.0,5585.0,5585.0,0
20210331T,5790.0,5790.0,5790.0,5790.0,0
20210401T,5839.0,5839.0,5839.0,5839.0,0
20210402T,8467.0,8467.0,8467.0,8467.0,0
20210403T,6116.0,6116.0,6116.0,6116.0,0
20210404T,4902.0,4902.0,4902.0,4902.0,0
20210405T,5356.0,5356.0,5356.0,5356.0,0
20210406T,5747.0,5747.0,5747.0,5747.0,0
20210407T,5403.0,5403.0,5403.0,5403.0,0
20210408T,5170.0,5170.0,5170.0,5170.0,0
20210409T,5179.0,5179.0,5179.0,5179.0,0
20210410T,5766.0,5766.0,5766.0,5766.0,0
20210411T,5151.0,5151.0,5151.0,5151.0,0
20210412T,5916.0,5916.0,5916.0,5916.0,0
20210413T,7603.0,7603.0,7603.0,7603.0,0
20210414T,7526.0,7526.0,7526.0,7526.0,0
20210415T,9316.0,9316.0,9316.0,9316.0,0
20210416T,8503.0,8503.0,8503.0,8503.0,0
20210417T,6523.0,6523.0,6523.0,6523.0,0
20210418T,7419.0,7419.0,7419.0,7419.0,0
20210419T,6605.0,6605.0,6605.0,6605.0,0
20210420T,7544.0,7544.0,7544.0,7544.0,0
20210421T,9072.0,9072.0,9072.0,9072.0,0
20210422T,13216.0,13216.0,13216.0,13216.0,0
20210423T,7814.0,7814.0,7814.0,7814.0,0
20210424T,6359.0,6359.0,6359.0,6359.0,0
20210425T,7299.0,7299.0,7299.0,7299.0,0
20210426T,7906.0,7906.0,7906.0,7906.0,0
20210427T,9475.0,9475.0,9475.0,9475.0,0
20210428T,11431.0,11431.0,11431.0,11431.0,0
20210429T,11233.0,11233.0,11233.0,11233.0,0
20210430T,8572.0,8572.0,8572.0,8572.0,0
20210501T,11321.0,11321.0,11321.0,11321.0,0
20210502T,10933.0,10933.0,10933.0,10933.0,0
20210503T,23042.0,23042.0,23042.0,23042.0,0
20210504T,16835.0,16835.0,16835.0,16835.0,0
20210505T,12930.0,12930.0,12930.0,12930.0,0
20210506T,12615.0,12615.0,12615.0,12615.0,0
20210507T,9811.0,9811.0,9811.0,9811.0,0
20210508T,14119.0,14119.0,14119.0,14119.0,0
20210509T,12888.0,12888.0,12888.0,12888.0,0
20210510T,18363.0,18363.0,18363.0,18363.0,0
20210511T,11597.0,11597.0,11597.0,11597.0,0
20210512T,16543.0,16543.0,16543.0,16543.0,0
20210513T,14075.0,14075.0,14075.0,14075.0,0
20210514T,10711.0,10711.0,10711.0,10711.0,0
20210515T,9364.0,9364.0,9364.0,9364.0,0
20210516T,10644.0,10644.0,10644.0,10644.0,0
20210517T,9453.0,9453.0,9453.0,9453.0,0
20210518T,8475.0,8475.0,8475.0,8475.0,0
20210519T,13670.0,13670.0,13670.0,13670.0,0
20210520T,9205.0,9205.0,9205.0,9205.0,0
20210521T,8916.0,8916.0,8916.0,8916.0,0
20210522T,7169.0,7169.0,7169.0,7169.0,0
20210523T,11072.0,11072.0,11072.0,11072.0,0
20210524T,8717.0,8717.0,8717.0,8717.0,0
20210525T,8124.0,8124.0,8124.0,8124.0,0
20210526T,8023.0,8023.0,8023.0,8023.0,0
20210527T,7631.0,7631.0,7631.0,7631.0,0
20210528T,6902.0,6902.0,6902.0,6902.0,0
20210529T,5960.0,5960.0,5960.0,5960.0,0
20210530T,5556.0,5556.0,5556.0,5556.0,0
20210531T,6961.0,6961.0,6961.0,6961.0,0
20210601T,6316.0,6316.0,6316.0,6316.0,0
20210602T,6131.0,6131.0,6131.0,6131.0,0
20210603T,6020.0,6020.0,6020.0,6020.0,0
20210604T,5308.0,5308.0,5308.0,5308.0,0
20210605T,5820.0,5820.0,5820.0,5820.0,0
20210606T,5389.0,5389.0,5389.0,5389.0,0
20210607T,6346.0,6346.0,6346.0,6346.0,0
20210608T,5725.0,5725.0,5725.0,5725.0,0
20210609T,5335.0,5335.0,5335.0,5335.0,0
20210610T,5038.0,5038.0,5038.0,5038.0,0
20210611T,4859.0,4859.0,4859.0,4859.0,0
20210612T,4824.0,4824.0,4824.0,4824.0,0
20210613T,4998.0,4998.0,4998.0,4998.0,0
20210614T,4704.0,4704.0,4704.0,4704.0,0
20210615T,4763.0,4763.0,4763.0,4763.0,0
20210616T,4897.0,4897.0,4897.0,4897.0,0
20210617T,4956.0,4956.0,4956.0,4956.0,0
20210618T,5122.0,5122.0,5122.0,5122.0,0
20210619T,4228.0,4228.0,4228.0,4228.0,0
20210620T,4405.0,4405.0,4405.0,4405.0,0
20210621T,6589.0,6589.0,6589.0,6589.0,0
20210622T,7002.0,7002.0,7002.0,7002.0,0
20210623T,5296.0,5296.0,5296.0,5296.0,0
20210624T,4662.0,4662.0,4662.0,4662.0,0
20210625T,4555.0,4555.0,4555.0,4555.0,0
20210626T,4386.0,4386.0,4386.0,4386.0,0
20210627T,4036.0,4036.0,4036.0,4036.0,0
20210628T,5318.0,5318.0,5318.0,5318.0,0
20210629T,5423.0,5423.0,5423.0,5423.0,0
20210630T,5106.0,5106.0,5106.0,5106.0,0
20210701T,5396.0,5396.0,5396.0,5396.0,0
20210702T,4631.0,4631.0,4631.0,4631.0,0
20210703T,4176.0,4176.0,4176.0,4176.0,0
20210704T,4256.0,4256.0,4256.0,4256.0,0
20210705T,4595.0,4595.0,4595.0,4595.0,0
20210706T,5321.0,5321.0,5321.0,5321.0,0
20210707T,5402.0,5402.0,5402.0,5402.0,0
20210708T,4882.0,4882.0,4882.0,4882.0,0
20210709T,4671.0,4671.0,4671.0,4671.0,0
20210710T,4295.0,4295.0,4295.0,4295.0,0
20210711T,3980.0,3980.0,3980.0,3980.0,0
20210712T,4506.0,4506.0,4506.0,4506.0,0
20210713T,4934.0,4934.0,4934.0,4934.0,0
20210714T,5149.0,5149.0,5149.0,5149.0,0
20210715T,5866.0,5866.0,5866.0,5866.0,0
20210716T,5153.0,5153.0,5153.0,5153.0,0
20210717T,4393.0,4393.0,4393.0,4393.0,0
20210718T,4996.0,4996.0,4996.0,4996.0,0
20210719T,5114.0,5114.0,5114.0,5114.0,0
20210720T,6211.0,6211.0,6211.0,6211.0,0
20210721T,5503.0,5503.0,5503.0,5503.0,0
20210722T,5901.0,5901.0,5901.0,5901.0,0
20210723T,6398.0,6398.0,6398.0,6398.0,0
20210724T,5456.0,5456.0,5456.0,5456.0,0
20210725T,4837.0,4837.0,4837.0,4837.0,0
20210726T,6270.0,6270.0,6270.0,6270.0,0
20210727T,5652.0,5652.0,5652.0,5652.0,0
20210728T,6317.0,6317.0,6317.0,6317.0,0
20210729T,6355.0,6355.0,6355.0,6355.0,0
20210730T,7437.0,7437.0,7437.0,7437.0,0
20210731T,7140.0,7140.0,7140.0,7140.0,0
20210801T,10395.0,10395.0,10395.0,10395.0,0
20210802T,8275.0,8275.0,8275.0,8275.0,0
20210803T,7984.0,7984.0,7984.0,7984.0,0
20210804T,9569.0,9569.0,9569.0,9569.0,0
20210805T,16148.0,16148.0,16148.0,16148.0,0
20210806T,11438.0,11438.0,11438.0,11438.0,0
20210807T,11241.0,11241.0,11241.0,11241.0,0
20210808T,9019.0,9019.0,9019.0,9019.0,0
20210809T,8164.0,8164.0,8164.0,8164.0,0
20210810T,9022.0,9022.0,9022.0,9022.0,0
20210811T,9246.0,9246.0,9246.0,9246.0,0
20210812T,9872.0,9872.0,9872.0,9872.0,0
20210813T,10002.0,10002.0,10002.0,10002.0,0
20210814T,10720.0,10720.0,10720.0,10720.0,0
20210815T,8447.0,8447.0,8447.0,8447.0,0
20210816T,10243.0,10243.0,10243.0,10243.0,0
20210817T,9446.0,9446.0,9446.0,9446.0,0
20210818T,8108.0,8108.0,8108.0,8108.0,0
20210819T,9457.0,9457.0,9457.0,9457.0,0
20210820T,9084.0,9084.0,9084.0,9084.0,0
20210821T,11342.0,11342.0,11342.0,11342.0,0
20210822T,8906.0,8906.0,8906.0,8906.0,0
20210823T,9513.0,9513.0,9513.0,9513.0,0
20210824T,8155.0,8155.0,8155.0,8155.0,0
20210825T,8188.0,8188.0,8188.0,8188.0,0
20210826T,7844.0,7844.0,7844.0,7844.0,0
20210827T,8004.0,8004.0,8004.0,8004.0,0
20210828T,7977.0,7977.0,7977.0,7977.0,0
20210829T,6768.0,6768.0,6768.0,6768.0,0
20210830T,10255.0,10255.0,10255.0,10255.0,0
20210831T,8731.0,8731.0,8731.0,8731.0,0
20210901T,11325.0,11325.0,11325.0,11325.0,0
20210902T,9651.0,9651.0,9651.0,9651.0,0
20210903T,11155.0,11155.0,11155.0,11155.0,0
20210904T,9589.0,9589.0,9589.0,9589.0,0
20210905T,7958.0,7958.0,7958.0,7958.0,0
20210906T,7063.0,7063.0,7063.0,7063.0,0
20210907T,7701.0,7701.0,7701.0,7701.0,0
20210908T,7773.0,7773.0,7773.0,7773.0,0
20210909T,7300.0,7300.0,7300.0,7300.0,0
20210910T,6835.0,6835.0,6835.0,6835.0,0
20210911T,6971.0,6971.0,6971.0,6971.0,0
20210912T,6268.0,6268.0,6268.0,6268.0,0
20210913T,5358.0,5358.0,5358.0,5358.0,0
20210914T,6893.0,6893.0,6893.0,6893.0,0
20210915T,7742.0,7742.0,7742.0,7742.0,0
20210916T,6105.0,6105.0,6105.0,6105.0,0
20210917T,4735.0,4735.0,4735.0,4735.0,0
20210918T,5887.0,5887.0,5887.0,5887.0,0
20210919T,4954.0,4954.0,4954.0,4954.0,0
20210920T,5485.0,5485.0,5485.0,5485.0,0
20210921T,6024.0,6024.0,6024.0,6024.0,0
20210922T,6003.0,6003.0,6003.0,6003.0,0
20210923T,5593.0,5593.0,5593.0,5593.0,0
20210924T,4940.0,4940.0,4940.0,4940.0,0
20210925T,5137.0,5137.0,5137.0,5137.0,0
20210926T,4826.0,4826.0,4826.0,4826.0,0
20210927T,5903.0,5903.0,5903.0,5903.0,0
20210928T,4627.0,4627.0,4627.0,4627.0,0
20210929T,5526.0,5526.0,5526.0,5526.0,0
20210930T,5500.0,5500.0,5500.0,5500.0,0
20211001T,5965.0,5965.0,5965.0,5965.0,0
20211002T,5170.0,5170.0,5170.0,5170.0,0
20211003T,4813.0,4813.0,4813.0,4813.0,0
20211004T,4801.0,4801.0,4801.0,4801.0,0
20211005T,6616.0,6616.0,6616.0,6616.0,0
20211006T,6500.0,6500.0,6500.0,6500.0,0
20211007T,5660.0,5660.0,5660.0,5660.0,0
20211008T,6321.0,6321.0,6321.0,6321.0,0
20211009T,5606.0,5606.0,5606.0,5606.0,0
20211010T,5334.0,5334.0,5334.0,5334.0,0
20211011T,6278.0,6278.0,6278.0,6278.0,0
20211012T,7350.0,7350.0,7350.0,7350.0,0
20211013T,6224.0,6224.0,6224.0,6224.0,0
20211014T,7177.0,7177.0,7177.0,7177.0,0
20211015T,6521.0,6521.0,6521.0,6521.0,0
20211016T,5628.0,5628.0,5628.0,5628.0,0
20211017T,5188.0,5188.0,5188.0,5188.0,0
20211018T,5677.0,5677.0,5677.0,5677.0,0
20211019T,5528.0,5528.0,5528.0,5528.0,0
20211020T,8690.0,8690.0,8690.0,8690.0,0
20211021T,7733.0,7733.0,7733.0,7733.0,0
20211022T,6577.0,6577.0,6577.0,6577.0,0
20211023T,5813.0,5813.0,5813.0,5813.0,0
20211024T,5634.0,5634.0,5634.0,5634.0,0
20211025T,5032.0,5032.0,5032.0,5032.0,0
20211026T,6374.0,6374.0,6374.0,6374.0,0
20211027T,6558.0,6558.0,6558.0,6558.0,0
20211028T,7468.0,7468.0,7468.0,7468.0,0
20211029T,9059.0,9059.0,9059.0,9059.0,0
20211030T,8154.0,8154.0,8154.0,8154.0,0
20211031T,6192.0,6192.0,6192.0,6192.0,0
20211101T,8698.0,8698.0,8698.0,8698.0,0
20211102T,11807.0,11807.0,11807.0,11807.0,0
20211103T,10316.0,10316.0,10316.0,10316.0,0
20211104T,7841.0,7841.0,7841.0,7841.0,0
20211105T,7510.0,7510.0,7510.0,7510.0,0
20211106T,8147.0,8147.0,8147.0,8147.0,0
20211107T,9485.0,9485.0,9485.0,9485.0,0
20211108T,11836.0,11836.0,11836.0,11836.0,0
20211109T,10945.0,10945.0,10945.0,10945.0,0
20211110T,10117.0,10117.0,10117.0,10117.0,0
20211111T,10687.0,10687.0,10687.0,10687.0,0
20211112T,13193.0,13193.0,13193.0,13193.0,0
20211113T,15229.0,15229.0,15229.0,15229.0,0
20211114T,15390.0,15390.0,15390.0,15390.0,0
20211115T,16613.0,16613.0,16613.0,16613.0,0
20211116T,18753.0,18753.0,18753.0,18753.0,0
20211117T,19445.0,19445.0,19445.0,19445.0,0
20211118T,14557.0,14557.0,14557.0,14557.0,0
20211119T,13914.0,13914.0,13914.0,13914.0,0
20211120T,13506.0,13506.0,13506.0,13506.0,0
20211121T,16217.0,16217.0,16217.0,16217.0,0
20211122T,17435.0,17435.0,17435.0,17435.0,0
20211123T,15710.0,15710.0,15710.0,15710.0,0
20211124T,14406.0,14406.0,14406.0,14406.0,0
20211125T,15655.0,15655.0,15655.0,15655.0,0
20211126T,13106.0,13106.0,13106.0,13106.0,0
20211127T,15494.0,15494.0,15494.0,15494.0,0
20211128T,12604.0,12604.0,12604.0,12604.0,0
20211129T,13707.0,13707.0,13707.0,13707.0,0
20211130T,18844.0,18844.0,18844.0,18844.0,0
20211201T,17380.0,17380.0,17380.0,17380.0,0
20211202T,16503.0,16503.0,16503.0,16503.0,0
20211203T,13208.0,13208.0,13208.0,13208.0,0
20211204T,17710.0,17710.0,17710.0,17710.0,0
20211205T,18516.0,18516.0,18516.0,18516.0,0
20211206T,15938.0,15938.0,15938.0,15938.0,0
20211207T,18073.0,18073.0,18073.0,18073.0,0
20211208T,14262.0,14262.0,14262.0,14262.0,0
20211209T,16193.0,16193.0,16193.0,16193.0,0
20211210T,17205.0,17205.0,17205.0,17205.0,0
20211211T,21743.0,21743.0,21743.0,21743.0,0
20211212T,15510.0,15510.0,15510.0,15510.0,0
20211213T,17732.0,17732.0,17732.0,17732.0,0
20211214T,16083.0,16083.0,16083.0,16083.0,0
20211215T,16108.0,16108.0,16108.0,16108.0,0
20211216T,12537.0,12537.0,12537.0,12537.0,0
20211217T,12955.0,12955.0,12955.0,12955.0,0
20211218T,11806.0,11806.0,11806.0,11806.0,0
20211219T,11109.0,11109.0,11109.0,11109.0,0
20211220T,11792.0,11792.0,11792.0,11792.0,0
20211221T,12902.0,12902.0,12902.0,12902.0,0
20211222T,12874.0,12874.0,12874.0,12874.0,0
20211223T,15841.0,15841.0,15841.0,15841.0,0
20211224T,10998.0,10998.0,10998.0,10998.0,0
20211225T,11927.0,11927.0,11927.0,11927.0,0
20211226T,10985.0,10985.0,10985.0,10985.0,0
20211227T,12637.0,12637.0,12637.0,12637.0,0
20211228T,11921.0,11921.0,11921.0,11921.0,0
20211229T,11706.0,11706.0,11706.0,11706.0,0
20211230T,10615.0,10615.0,10615.0,10615.0,0
20211231T,11408.0,11408.0,11408.0,11408.0,0
20220101T,12814.0,12814.0,12814.0,12814.0,0
20220102T,13157.0,13157.0,13157.0,13157.0,0
20220103T,13469.0,13469.0,13469.0,13469.0,0
20220104T,13353.0,13353.0,13353.0,13353.0,0
20220105T,13188.0,13188.0,13188.0,13188.0,0
20220106T,13764.0,13764.0,13764.0,13764.0,0
20220107T,14289.0,14289.0,14289.0,14289.0,0
20220108T,13618.0,13618.0,13618.0,13618.0,0
20220109T,14297.0,14297.0,14297.0,14297.0,0
20220110T,12746.0,12746.0,12746.0,12746.0,0
20220111T,13202.0,13202.0,13202.0,13202.0,0
20220112T,12107.0,12107.0,12107.0,12107.0,0
20220113T,13620.0,13620.0,13620.0,13620.0,0
20220114T,16843.0,16843.0,16843.0,16843.0,0
20220115T,16554.0,16554.0,16554.0,16554.0,0
20220116T,18072.0,18072.0,18072.0,18072.0,0
20220117T,17258.0,17258.0,17258.0,17258.0,0
20220118T,17118.0,17118.0,17118.0,17118.0,0
20220119T,17475.0,17475.0,17475.0,17475.0,0
20220120T,16040.0,16040.0,16040.0,16040.0,0
20220121T,17504.0,17504.0,17504.0,17504.0,0
20220122T,17414.0,17414.0,17414.0,17414.0,0
20220123T,15897.0,15897.0,15897.0,15897.0,0
20220124T,16839.0,16839.0,16839.0,16839.0,0
20220125T,15164.0,15164.0,15164.0,15164.0,0
20220126T,13380.0,13380.0,13380.0,13380.0,0
20220127T,13807.0,13807.0,13807.0,13807.0,0
20220128T,14674.0,14674.0,14674.0,14674.0,0
20220129T,12561.0,12561.0,12561.0,12561.0,0
20220130T,14786.0,14786.0,14786.0,14786.0,0
20220131T,14277.0,14277.0,14277.0,14277.0,0
20220201T,14790.0,14790.0,14790.0,14790.0,0
20220202T,12919.0,12919.0,12919.0,12919.0,0
20220203T,12322.0,12322.0,12322.0,12322.0,0
20220204T,12881.0,12881.0,12881.0,12881.0,0
20220205T,10318.0,10318.0,10318.0,10318.0,0
20220206T,11786.0,11786.0,11786.0,11786.0,0
20220207T,12517.0,12517.0,12517.0,12517.0,0
20220208T,14359.0,14359.0,14359.0,14359.0,0
20220209T,11369.0,11369.0,11369.0,11369.0,0
20220210T,11267.0,11267.0,11267.0,11267.0,0
20220211T,11225.0,11225.0,11225.0,11225.0,0
20220212T,15066.0,15066.0,15066.0,15066.0,0
20220213T,14070.0,14070.0,14070.0,14070.0,0
20220214T,10525.0,10525.0,10525.0,10525.0,0
20220215T,13758.0,13758.0,13758.0,13758.0,0
20220216T,12579.0,12579.0,12579.0,12579.0,0
20220217T,12385.0,12385.0,12385.0,12385.0,0
20220218T,16128.0,16128.0,16128.0,16128.0,0
20220219T,9378.0,9378.0,9378.0,9378.0,0
20220220T,19660.0,19660.0,19660.0,19660.0,0
20220221T,11300.0,11300.0,11300.0,11300.0,0
20220222T,10537.0,10537.0,10537.0,10537.0,0
20220223T,10680.0,10680.0,10680.0,10680.0,0
20220224T,8086.0,8086.0,8086.0,8086.0,0
20220225T,10665.0,10665.0,10665.0,10665.0,0
20220226T,8813.0,8813.0,8813.0,8813.0,0
20220227T,9917.0,9917.0,9917.0,9917.0,0
20220228T,9345.0,9345.0,9345.0,9345.0,0
20220301T,9583.0,9583.0,9583.0,9583.0,0
20220302T,7811.0,7811.0,7811.0,7811.0,0
20220303T,8742.0,8742.0,8742.0,8742.0,0
20220304T,8845.0,8845.0,8845.0,8845.0,0
20220305T,8355.0,8355.0,8355.0,8355.0,0
20220306T,9025.0,9025.0,9025.0,9025.0,0
20220307T,9625.0,9625.0,9625.0,9625.0,0
20220308T,10780.0,10780.0,10780.0,10780.0,0
20220309T,10020.0,10020.0,10020.0,10020.0,0
20220310T,10741.0,10741.0,10741.0,10741.0,0
20220311T,9745.0,9745.0,9745.0,9745.0,0
20220312T,10335.0,10335.0,10335.0,10335.0,0
20220313T,8897.0,8897.0,8897.0,8897.0,0
20220314T,9303.0,9303.0,9303.0,9303.0,0
20220315T,10918.0,10918.0,10918.0,10918.0,0
20220316T,9334.0,9334.0,9334.0,9334.0,0
20220317T,11812.0,11812.0,11812.0,11812.0,0
20220318T,10955.0,10955.0,10955.0,10955.0,0
20220319T,12058.0,12058.0,12058.0,12058.0,0
20220320T,10123.0,10123.0,10123.0,10123.0,0
20220321T,11018.0,11018.0,11018.0,11018.0,0
20220322T,11106.0,11106.0,11106.0,11106.0,0
20220323T,10635.0,10635.0,10635.0,10635.0,0
20220324T,12487.0,12487.0,12487.0,12487.0,0
20220325T,9256.0,9256.0,9256.0,9256.0,0
20220326T,8793.0,8793.0,8793.0,8793.0,0
20220327T,10713.0,10713.0,10713.0,10713.0,0
20220328T,8327.0,8327.0,8327.0,8327.0,0
20220329T,9864.0,9864.0,9864.0,9864.0,0
20220330T,8030.0,8030.0,8030.0,8030.0,0
20220331T,9367.0,9367.0,9367.0,9367.0,0
20220401T,9032.0,9032.0,9032.0,9032.0,0
20220402T,9390.0,9390.0,9390.0,9390.0,0
20220403T,9319.0,9319.0,9319.0,9319.0,0
20220404T,8157.0,8157.0,8157.0,8157.0,0
20220405T,9668.0,9668.0,9668.0,9668.0,0
20220406T,8850.0,8850.0,8850.0,8850.0,0
20220407T,8528.0,8528.0,8528.0,8528.0,0
20220408T,8466.0,8466.0,8466.0,8466.0,0
20220409T,8022.0,8022.0,8022.0,8022.0,0
20220410T,9160.0,9160.0,9160.0,9160.0,0
20220411T,8920.0,8920.0,8920.0,8920.0,0
20220412T,8752.0,8752.0,8752.0,8752.0,0
20220413T,10144.0,10144.0,10144.0,10144.0,0
20220414T,10254.0,10254.0,10254.0,10254.0,0
20220415T,9203.0,9203.0,9203.0,9203.0,0
20220416T,10569.0,10569.0,10569.0,10569.0,0
20220417T,11321.0,11321.0,11321.0,11321.0,0
20220418T,11638.0,11638.0,11638.0,11638.0,0
20220419T,14745.0,14745.0,14745.0,14745.0,0
20220420T,15586.0,15586.0,15586.0,15586.0,0
20220421T,18019.0,18019.0,18019.0,18019.0,0
20220422T,13610.0,13610.0,13610.0,13610.0,0
20220423T,15394.0,15394.0,15394.0,15394.0,0
20220424T,11861.0,11861.0,11861.0,11861.0,0
20220425T,10688.0,10688.0,10688.0,10688.0,0
20220426T,10414.0,10414.0,10414.0,10414.0,0
20220427T,10243.0,10243.0,10243.0,10243.0,0
20220428T,9769.0,9769.0,9769.0,9769.0,0
20220429T,10846.0,10846.0,10846.0,10846.0,0
20220430T,9766.0,9766.0,9766.0,9766.0,0
20220501T,15315.0,15315.0,15315.0,15315.0,0
20220502T,10445.0,10445.0,10445.0,10445.0,0
20220503T,9293.0,9293.0,9293.0,9293.0,0
20220504T,11962.0,11962.0,11962.0,11962.0,0
20220505T,12560.0,12560.0,12560.0,12560.0,0
20220506T,12633.0,12633.0,12633.0,12633.0,0
20220507T,9382.0,9382.0,9382.0,9382.0,0
20220508T,8559.0,8559.0,8559.0,8559.0,0
20220509T,11368.0,11368.0,11368.0,11368.0,0
20220510T,10980.0,10980.0,10980.0,10980.0,0
20220511T,12112.0,12112.0,12112.0,12112.0,0
20220512T,12024.0,12024.0,12024.0,12024.0,0
20220513T,10031.0,10031.0,10031.0,10031.0,0
20220514T,8043.0,8043.0,8043.0,8043.0,0
20220515T,7717.0,7717.0,7717.0,7717.0,0
20220516T,18942.0,18942.0,18942.0,18942.0,0
20220517T,10645.0,10645.0,10645.0,10645.0,0
20220518T,9100.0,9100.0,9100.0,9100.0,0
20220519T,8932.0,8932.0,8932.0,8932.0,0
20220520T,8675.0,8675.0,8675.0,8675.0,0
20220521T,7171.0,7171.0,7171.0,7171.0,0
20220522T,7468.0,7468.0,7468.0,7468.0,0
20220523T,8216.0,8216.0,8216.0,8216.0,0
20220524T,9026.0,9026.0,9026.0,9026.0,0
20220525T,7410.0,7410.0,7410.0,7410.0,0
20220526T,9545.0,9545.0,9545.0,9545.0,0
20220527T,11371.0,11371.0,11371.0,11371.0,0
20220528T,8013.0,8013.0,8013.0,8013.0,0
20220529T,6468.0,6468.0,6468.0,6468.0,0
20220530T,7742.0,7742.0,7742.0,7742.0,0
20220531T,8483.0,8483.0,8483.0,8483.0,0
20220601T,8859.0,8859.0,8859.0,8859.0,0
20220602T,7610.0,7610.0,7610.0,7610.0,0
20220603T,7379.0,7379.0,7379.0,7379.0,0
20220604T,7302.0,7302.0,7302.0,7302.0,0
20220605T,7942.0,7942.0,7942.0,7942.0,0
20220606T,7270.0,7270.0,7270.0,7270.0,0
20220607T,6378.0,6378.0,6378.0,6378.0,0
20220608T,6509.0,6509.0,6509.0,6509.0,0
20220609T,6559.0,6559.0,6559.0,6559.0,0
20220610T,7715.0,7715.0,7715.0,7715.0,0
20220611T,9449.0,9449.0,9449.0,9449.0,0
20220612T,8717.0,8717.0,8717.0,8717.0,0
20220613T,13538.0,13538.0,13538.0,13538.0,0
20220614T,12430.0,12430.0,12430.0,12430.0,0
20220615T,11777.0,11777.0,11777.0,11777.0,0
20220616T,7626.0,7626.0,7626.0,7626.0,0
20220617T,7263.0,7263.0,7263.0,7263.0,0
20220618T,10383.0,10383.0,10383.0,10383.0,0
20220619T,7933.0,7933.0,7933.0,7933.0,0
20220620T,8719.0,8719.0,8719.0,8719.0,0
20220621T,7316.0,7316.0,7316.0,7316.0,0
20220622T,7594.0,7594.0,7594.0,7594.0,0
20220623T,6523.0,6523.0,6523.0,6523.0,0
20220624T,7691.0,7691.0,7691.0,7691.0,0
20220625T,5698.0,5698.0,5698.0,5698.0,0
20220626T,5653.0,5653.0,5653.0,5653.0,0
20220627T,5825.0,5825.0,5825.0,5825.0,0
20220628T,6504.0,6504.0,6504.0,6504.0,0
20220629T,7092.0,7092.0,7092.0,7092.0,0
20220630T,5850.0,5850.0,5850.0,5850.0,0
20220701T,7713.0,7713.0,7713.0,7713.0,0
20220702T,5065.0,5065.0,5065.0,5065.0,0
20220703T,5259.0,5259.0,5259.0,5259.0,0
20220704T,5311.0,5311.0,5311.0,5311.0,0
20220705T,5270.0,5270.0,5270.0,5270.0,0
20220706T,5604.0,5604.0,5604.0,5604.0,0
20220707T,5949.0,5949.0,5949.0,5949.0,0
20220708T,15537.0,15537.0,15537.0,15537.0,0
20220709T,20316.0,20316.0,20316.0,20316.0,0
20220710T,21230.0,21230.0,21230.0,21230.0,0
20220711T,22003.0,22003.0,22003.0,22003.0,0
20220712T,8614.0,8614.0,8614.0,8614.0,0
20220713T,7183.0,7183.0,7183.0,7183.0,0
20220714T,6454.0,6454.0,6454.0,6454.0,0
20220715T,6288.0,6288.0,6288.0,6288.0,0
20220716T,6159.0,6159.0,6159.0,6159.0,0
20220717T,5062.0,5062.0,5062.0,5062.0,0
20220718T,7450.0,7450.0,7450.0,7450.0,0
20220719T,6627.0,6627.0,6627.0,6627.0,0
20220720T,5906.0,5906.0,5906.0,5906.0,0
20220721T,6055.0,6055.0,6055.0,6055.0,0
20220722T,5792.0,5792.0,5792.0,5792.0,0
20220723T,4993.0,4993.0,4993.0,4993.0,0
20220724T,4850.0,4850.0,4850.0,4850.0,0
20220725T,6124.0,6124.0,6124.0,6124.0,0
20220726T,6928.0,6928.0,6928.0,6928.0,0
20220727T,7800.0,7800.0,7800.0,7800.0,0
20220728T,12700.0,12700.0,12700.0,12700.0,0
20220729T,10187.0,10187.0,10187.0,10187.0,0
20220730T,8802.0,8802.0,8802.0,8802.0,0
20220731T,6592.0,6592.0,6592.0,6592.0,0
20220801T,11380.0,11380.0,11380.0,11380.0,0
20220802T,6961.0,6961.0,6961.0,6961.0,0
20220803T,6326.0,6326.0,6326.0,6326.0,0
20220804T,6135.0,6135.0,6135.0,6135.0,0
20220805T,6223.0,6223.0,6223.0,6223.0,0
20220806T,6414.0,6414.0,6414.0,6414.0,0
20220807T,6082.0,6082.0,6082.0,6082.0,0
20220808T,7199.0,7199.0,7199.0,7199.0,0
20220809T,6489.0,6489.0,6489.0,6489.0,0
20220810T,7674.0,7674.0,7674.0,7674.0,0
20220811T,11381.0,11381.0,11381.0,11381.0,0
20220812T,9634.0,9634.0,9634.0,9634.0,0
20220813T,8820.0,8820.0,8820.0,8820.0,0
20220814T,6748.0,6748.0,6748.0,6748.0,0
20220815T,7747.0,7747.0,7747.0,7747.0,0
20220816T,7875.0,7875.0,7875.0,7875.0,0
20220817T,7502.0,7502.0,7502.0,7502.0,0
20220818T,7361.0,7361.0,7361.0,7361.0,0
20220819T,11949.0,11949.0,11949.0,11949.0,0
20220820T,14094.0,14094.0,14094.0,14094.0,0
20220821T,14741.0,14741.0,14741.0,14741.0,0
20220822T,7469.0,7469.0,7469.0,7469.0,0
20220823T,6923.0,6923.0,6923.0,6923.0,0
20220824T,7068.0,7068.0,7068.0,7068.0,0
20220825T,8009.0,8009.0,8009.0,8009.0,0
20220826T,11763.0,11763.0,11763.0,11763.0,0
20220827T,6937.0,6937.0,6937.0,6937.0,0
20220828T,4886.0,4886.0,4886.0,4886.0,0
20220829T,11321.0,11321.0,11321.0,11321.0,0
20220830T,11863.0,11863.0,11863.0,11863.0,0
20220831T,6822.0,6822.0,6822.0,6822.0,0
20220901T,6741.0,6741.0,6741.0,6741.0,0
20220902T,7792.0,7792.0,7792.0,7792.0,0
20220903T,6655.0,6655.0,6655.0,6655.0,0
20220904T,5909.0,5909.0,5909.0,5909.0,0
20220905T,6956.0,6956.0,6956.0,6956.0,0
20220906T,9220.0,9220.0,9220.0,9220.0,0
20220907T,9607.0,9607.0,9607.0,9607.0,0
20220908T,8693.0,8693.0,8693.0,8693.0,0
20220909T,7457.0,7457.0,7457.0,7457.0,0
20220910T,8777.0,8777.0,8777.0,8777.0,0
20220911T,8346.0,8346.0,8346.0,8346.0,0
20220912T,7153.0,7153.0,7153.0,7153.0,0
20220913T,8589.0,8589.0,8589.0,8589.0,0
20220914T,11465.0,11465.0,11465.0,11465.0,0
20220915T,26489.0,26489.0,26489.0,26489.0,0
20220916T,13285.0,13285.0,13285.0,13285.0,0
20220917T,8054.0,8054.0,8054.0,8054.0,0
20220918T,10217.0,10217.0,10217.0,10217.0,0
20220919T,10139.0,10139.0,10139.0,10139.0,0
20220920T,10346.0,10346.0,10346.0,10346.0,0
20220921T,7387.0,7387.0,7387.0,7387.0,0
20220922T,6547.0,6547.0,6547.0,6547.0,0
20220923T,6810.0,6810.0,6810.0,6810.0,0
20220924T,12646.0,12646.0,12646.0,12646.0,0
20220925T,9678.0,9678.0,9678.0,9678.0,0
20220926T,7444.0,7444.0,7444.0,7444.0,0
20220927T,6310.0,6310.0,6310.0,6310.0,0
20220928T,7824.0,7824.0,7824.0,7824.0,0
20220929T,7356.0,7356.0,7356.0,7356.0,0
20220930T,8649.0,8649.0,8649.0,8649.0,0
20221001T,5865.0,5865.0,5865.0,5865.0,0
20221002T,4825.0,4825.0,4825.0,4825.0,0
20221003T,5945.0,5945.0,5945.0,5945.0,0
20221004T,6026.0,6026.0,6026.0,6026.0,0
20221005T,5962.0,5962.0,5962.0,5962.0,0
20221006T,5596.0,5596.0,5596.0,5596.0,0
20221007T,6215.0,6215.0,6215.0,6215.0,0
20221008T,4583.0,4583.0,4583.0,4583.0,0
20221009T,6219.0,6219.0,6219.0,6219.0,0
20221010T,6999.0,6999.0,6999.0,6999.0,0
20221011T,7801.0,7801.0,7801.0,7801.0,0
20221012T,5620.0,5620.0,5620.0,5620.0,0
20221013T,6607.0,6607.0,6607.0,6607.0,0
20221014T,8245.0,8245.0,8245.0,8245.0,0
20221015T,8444.0,8444.0,8444.0,8444.0,0
20221016T,6016.0,6016.0,6016.0,6016.0,0
20221017T,6705.0,6705.0,6705.0,6705.0,0
20221018T,6770.0,6770.0,6770.0,6770.0,0
20221019T,7531.0,7531.0,7531.0,7531.0,0
20221020T,6096.0,6096.0,6096.0,6096.0,0
20221021T,5771.0,5771.0,5771.0,5771.0,0
20221022T,5320.0,5320.0,5320.0,5320.0,0
20221023T,5009.0,5009.0,5009.0,5009.0,0
20221024T,5614.0,5614.0,5614.0,5614.0,0
20221025T,11513.0,11513.0,11513.0,11513.0,0
20221026T,12622.0,12622.0,12622.0,12622.0,0
20221027T,7217.0,7217.0,7217.0,7217.0,0
20221028T,8002.0,8002.0,8002.0,8002.0,0
20221029T,6822.0,6822.0,6822.0,6822.0,0
20221030T,6877.0,6877.0,6877.0,6877.0,0
20221031T,7610.0,7610.0,7610.0,7610.0,0
20221101T,6682.0,6682.0,6682.0,6682.0,0
20221102T,5512.0,5512.0,5512.0,5512.0,0
20221103T,6842.0,6842.0,6842.0,6842.0,0
20221104T,6670.0,6670.0,6670.0,6670.0,0
20221105T,5888.0,5888.0,5888.0,5888.0,0
20221106T,5143.0,5143.0,5143.0,5143.0,0
20221107T,5565.0,5565.0,5565.0,5565.0,0
20221108T,6866.0,6866.0,6866.0,6866.0,0
20221109T,13010.0,13010.0,13010.0,13010.0,0
20221110T,8636.0,8636.0,8636.0,8636.0,0
20221111T,7413.0,7413.0,7413.0,7413.0,0
20221112T,6552.0,6552.0,6552.0,6552.0,0
20221113T,7587.0,7587.0,7587.0,7587.0,0
20221114T,7483.0,7483.0,7483.0,7483.0,0
20221115T,6866.0,6866.0,6866.0,6866.0,0
20221116T,5684.0,5684.0,5684.0,5684.0,0
20221117T,10040.0,10040.0,10040.0,10040.0,0
20221118T,5746.0,5746.0,5746.0,5746.0,0
20221119T,5412.0,5412.0,5412.0,5412.0,0
20221120T,7609.0,7609.0,7609.0,7609.0,0
20221121T,7519.0,7519.0,7519.0,7519.0,0
20221122T,6900.0,6900.0,6900.0,6900.0,0
20221123T,9138.0,9138.0,9138.0,9138.0,0
20221124T,9503.0,9503.0,9503.0,9503.0,0
20221125T,6620.0,6620.0,6620.0,6620.0,0
20221126T,5822.0,5822.0,5822.0,5822.0,0
20221127T,4643.0,4643.0,4643.0,4643.0,0
20221128T,5142.0,5142.0,5142.0,5142.0,0
20221129T,6034.0,6034.0,6034.0,6034.0,0
20221130T,5589.0,5589.0,5589.0,5589.0,0
20221201T,4916.0,4916.0,4916.0,4916.0,0
20221202T,4591.0,4591.0,4591.0,4591.0,0
20221203T,3609.0,3609.0,3609.0,3609.0,0
20221204T,3339.0,3339.0,3339.0,3339.0,0
20221205T,3674.0,3674.0,3674.0,3674.0,0
20221206T,3792.0,3792.0,3792.0,3792.0,0
20221207T,4150.0,4150.0,4150.0,4150.0,0
20221208T,4363.0,4363.0,4363.0,4363.0,0
20221209T,5125.0,5125.0,5125.0,5125.0,0
20221210T,4144.0,4144.0,4144.0,4144.0,0
20221211T,3595.0,3595.0,3595.0,3595.0,0
20221212T,6592.0,6592.0,6592.0,6592.0,0
20221213T,7693.0,7693.0,7693.0,7693.0,0
20221214T,7074.0,7074.0,7074.0,7074.0,0
20221215T,6819.0,6819.0,6819.0,6819.0,0
20221216T,7167.0,7167.0,7167.0,7167.0,0
20221217T,7643.0,7643.0,7643.0,7643.0,0
20221218T,5147.0,5147.0,5147.0,5147.0,0
20221219T,7044.0,7044.0,7044.0,7044.0,0
20221220T,8145.0,8145.0,8145.0,8145.0,0
20221221T,8210.0,8210.0,8210.0,8210.0,0
20221222T,7777.0,7777.0,7777.0,7777.0,0
20221223T,7080.0,7080.0,7080.0,7080.0,0
20221224T,11128.0,11128.0,11128.0,11128.0,0
20221225T,9939.0,9939.0,9939.0,9939.0,0
20221226T,7368.0,7368.0,7368.0,7368.0,0
20221227T,3872.0,3872.0,3872.0,3872.0,0
20221228T,7614.0,7614.0,7614.0,7614.0,0
20221229T,7563.0,7563.0,7563.0,7563.0,0
20221230T,10831.0,10831.0,10831.0,10831.0,0
20221231T,11427.0,11427.0,11427.0,11427.0,0
20230101T,7201.0,7201.0,7201.0,7201.0,0
20230102T,6838.0,6838.0,6838.0,6838.0,0
20230103T,8001.0,8001.0,8001.0,8001.0,0
20230104T,11287.0,11287.0,11287.0,11287.0,0
20230105T,8389.0,8389.0,8389.0,8389.0,0
20230106T,14788.0,14788.0,14788.0,14788.0,0
20230107T,6178.0,6178.0,6178.0,6178.0,0
20230108T,7221.0,7221.0,7221.0,7221.0,0
20230109T,8846.0,8846.0,8846.0,8846.0,0
20230110T,6978.0,6978.0,6978.0,6978.0,0
20230111T,7137.0,7137.0,7137.0,7137.0,0
20230112T,7597.0,7597.0,7597.0,7597.0,0
20230113T,10719.0,10719.0,10719.0,10719.0,0
20230114T,17212.0,17212.0,17212.0,17212.0,0
20230115T,7295.0,7295.0,7295.0,7295.0,0
20230116T,10640.0,10640.0,10640.0,10640.0,0
20230117T,8709.0,8709.0,8709.0,8709.0,0
20230118T,7621.0,7621.0,7621.0,7621.0,0
20230119T,7749.0,7749.0,7749.0,7749.0,0
20230120T,7178.0,7178.0,7178.0,7178.0,0
20230121T,6220.0,6220.0,6220.0,6220.0,0
20230122T,6114.0,6114.0,6114.0,6114.0,0
20230123T,8937.0,8937.0,8937.0,8937.0,0
20230124T,10897.0,10897.0,10897.0,10897.0,0
20230125T,8825.0,8825.0,8825.0,8825.0,0
20230126T,6119.0,6119.0,6119.0,6119.0,0
20230127T,6501.0,6501.0,6501.0,6501.0,0
20230128T,5514.0,5514.0,5514.0,5514.0,0
20230129T,6067.0,6067.0,6067.0,6067.0,0
20230130T,13273.0,13273.0,13273.0,13273.0,0
20230131T,11818.0,11818.0,11818.0,11818.0,0
20230201T,7532.0,7532.0,7532.0,7532.0,0
20230202T,6721.0,6721.0,6721.0,6721.0,0
20230203T,5688.0,5688.0,5688.0,5688.0,0
20230204T,6936.0,6936.0,6936.0,6936.0,0
20230205T,7467.0,7467.0,7467.0,7467.0,0
20230206T,7158.0,7158.0,7158.0,7158.0,0
20230207T,9058.0,9058.0,9058.0,9058.0,0
