20200505T,317.871650159359,317.871650159359,317.871650159359,317.871650159359,0
20200506T,453.99413818120956,453.99413818120956,453.99413818120956,453.99413818120956,0
20200507T,587.3439803719521,587.3439803719521,587.3439803719521,587.3439803719521,0
20200508T,432.5399878025055,432.5399878025055,432.5399878025055,432.5399878025055,0
20200509T,376.6559788584709,376.6559788584709,376.6559788584709,376.6559788584709,0
20200510T,396.99343168735504,396.99343168735504,396.99343168735504,396.99343168735504,0
20200511T,330.62362241744995,330.62362241744995,330.62362241744995,330.62362241744995,0
20200512T,375.56263983249664,375.56263983249664,375.56263983249664,375.56263983249664,0
20200513T,366.7036203145981,366.7036203145981,366.7036203145981,366.7036203145981,0
20200514T,488.7348571419716,488.7348571419716,488.7348571419716,488.7348571419716,0
20200515T,397.4230737686157,397.4230737686157,397.4230737686157,397.4230737686157,0
20200516T,386.8708835244179,386.8708835244179,386.8708835244179,386.8708835244179,0
20200517T,377.3040369749069,377.3040369749069,377.3040369749069,377.3040369749069,0
20200518T,485.080975651741,485.080975651741,485.080975651741,485.080975651741,0
20200519T,357.8323652744293,357.8323652744293,357.8323652744293,357.8323652744293,0
20200520T,434.31112718582153,434.31112718582153,434.31112718582153,434.31112718582153,0
20200521T,388.68898206949234,388.68898206949234,388.68898206949234,388.68898206949234,0
20200522T,398.2882117033005,398.2882117033005,398.2882117033005,398.2882117033005,0
20200523T,340.35917061567307,340.35917061567307,340.35917061567307,340.35917061567307,0
20200524T,350.490603685379,350.490603685379,350.490603685379,350.490603685379,0
20200525T,564.7791429758072,564.7791429758072,564.7791429758072,564.7791429758072,0
20200526T,469.2881762981415,469.2881762981415,469.2881762981415,469.2881762981415,0
20200527T,432.20092779397964,432.20092779397964,432.20092779397964,432.20092779397964,0
20200528T,565.9132492542267,565.9132492542267,565.9132492542267,565.9132492542267,0
20200529T,488.95915538072586,488.95915538072586,488.95915538072586,488.95915538072586,0
20200530T,565.5843403339386,565.5843403339386,565.5843403339386,565.5843403339386,0
20200531T,394.50861471891403,394.50861471891403,394.50861471891403,394.50861471891403,0
20200601T,537.4098699688911,537.4098699688911,537.4098699688911,537.4098699688911,0
20200602T,469.5653731226921,469.5653731226921,469.5653731226921,469.5653731226921,0
20200603T,371.15387570858,371.15387570858,371.15387570858,371.15387570858,0
20200604T,427.67284882068634,427.67284882068634,427.67284882068634,427.67284882068634,0
20200605T,268.4237377643585,268.4237377643585,268.4237377643585,268.4237377643585,0
20200606T,271.8275071978569,271.8275071978569,271.8275071978569,271.8275071978569,0
20200607T,287.92118006944656,287.92118006944656,287.92118006944656,287.92118006944656,0
20200608T,371.7649740576744,371.7649740576744,371.7649740576744,371.7649740576744,0
20200609T,326.6959916949272,326.6959916949272,326.6959916949272,326.6959916949272,0
20200610T,423.90622264146805,423.90622264146805,423.90622264146805,423.90622264146805,0
20200611T,350.34503597021103,350.34503597021103,350.34503597021103,350.34503597021103,0
20200612T,333.40538626909256,333.40538626909256,333.40538626909256,333.40538626909256,0
20200613T,250.9972054362297,250.9972054362297,250.9972054362297,250.9972054362297,0
20200614T,319.1951771378517,319.1951771378517,319.1951771378517,319.1951771378517,0
20200615T,401.04053527116776,401.04053527116776,401.04053527116776,401.04053527116776,0
20200616T,498.75962299108505,498.75962299108505,498.75962299108505,498.75962299108505,0
20200617T,559.601333796978,559.601333796978,559.601333796978,559.601333796978,0
20200618T,487.88577300310135,487.88577300310135,487.88577300310135,487.88577300310135,0
20200619T,475.0657640695572,475.0657640695572,475.0657640695572,475.0657640695572,0
20200620T,298.4353126883507,298.4353126883507,298.4353126883507,298.4353126883507,0
20200621T,282.3487197756767,282.3487197756767,282.3487197756767,282.3487197756767,0
20200622T,504.821472465992,504.821472465992,504.821472465992,504.821472465992,0
20200623T,366.26835256814957,366.26835256814957,366.26835256814957,366.26835256814957,0
20200624T,509.05307441949844,509.05307441949844,509.05307441949844,509.05307441949844,0
20200625T,358.5041638612747,358.5041638612747,358.5041638612747,358.5041638612747,0
20200626T,312.3985615968704,312.3985615968704,312.3985615968704,312.3985615968704,0
20200627T,392.3234204053879,392.3234204053879,392.3234204053879,392.3234204053879,0
20200628T,428.2547999024391,428.2547999024391,428.2547999024391,428.2547999024391,0
20200629T,323.3122505545616,323.3122505545616,323.3122505545616,323.3122505545616,0
20200630T,320.0622441768646,320.0622441768646,320.0622441768646,320.0622441768646,0
20200701T,399.21602737903595,399.21602737903595,399.21602737903595,399.21602737903595,0
20200702T,338.0875208377838,338.0875208377838,338.0875208377838,338.0875208377838,0
20200703T,304.72318321466446,304.72318321466446,304.72318321466446,304.72318321466446,0
20200704T,285.56600880622864,285.56600880622864,285.56600880622864,285.56600880622864,0
20200705T,295.0524094104767,295.0524094104767,295.0524094104767,295.0524094104767,0
20200706T,558.1902094483376,558.1902094483376,558.1902094483376,558.1902094483376,0
20200707T,534.3699984550476,534.3699984550476,534.3699984550476,534.3699984550476,0
20200708T,688.6428880691528,688.6428880691528,688.6428880691528,688.6428880691528,0
20200709T,488.8294524550438,488.8294524550438,488.8294524550438,488.8294524550438,0
20200710T,476.5966908931732,476.5966908931732,476.5966908931732,476.5966908931732,0
20200711T,409.6012963652611,409.6012963652611,409.6012963652611,409.6012963652611,0
20200712T,393.152112364769,393.152112364769,393.152112364769,393.152112364769,0
20200713T,442.15397584438324,442.15397584438324,442.15397584438324,442.15397584438324,0
20200714T,567.8054348826408,567.8054348826408,567.8054348826408,567.8054348826408,0
20200715T,644.80465477705,644.80465477705,644.80465477705,644.80465477705,0
20200716T,576.554704785347,576.554704785347,576.554704785347,576.554704785347,0
20200717T,389.9788267016411,389.9788267016411,389.9788267016411,389.9788267016411,0
20200718T,434.4926475286484,434.4926475286484,434.4926475286484,434.4926475286484,0
20200719T,446.2404955625534,446.2404955625534,446.2404955625534,446.2404955625534,0
20200720T,441.596895635128,441.596895635128,441.596895635128,441.596895635128,0
20200721T,579.4174435138702,579.4174435138702,579.4174435138702,579.4174435138702,0
20200722T,600.9394021034241,600.9394021034241,600.9394021034241,600.9394021034241,0
20200723T,880.4182192087173,880.4182192087173,880.4182192087173,880.4182192087173,0
20200724T,745.0498657226562,745.0498657226562,745.0498657226562,745.0498657226562,0
20200725T,880.2373346686363,880.2373346686363,880.2373346686363,880.2373346686363,0
20200726T,866.2432427406311,866.2432427406311,866.2432427406311,866.2432427406311,0
20200727T,1050.2239398956299,1050.2239398956299,1050.2239398956299,1050.2239398956299,0
20200728T,636.1856725215912,636.1856725215912,636.1856725215912,636.1856725215912,0
20200729T,538.3046056628227,538.3046056628227,538.3046056628227,538.3046056628227,0
20200730T,875.8209744095802,875.8209744095802,875.8209744095802,875.8209744095802,0
20200731T,766.380836546421,766.380836546421,766.380836546421,766.380836546421,0
20200801T,1021.952590584755,1021.952590584755,1021.952590584755,1021.952590584755,0
20200802T,1111.2420224547386,1111.2420224547386,1111.2420224547386,1111.2420224547386,0
20200803T,722.3934627175331,722.3934627175331,722.3934627175331,722.3934627175331,0
20200804T,791.310084939003,791.310084939003,791.310084939003,791.310084939003,0
20200805T,728.7941049337387,728.7941049337387,728.7941049337387,728.7941049337387,0
20200806T,686.3646717071533,686.3646717071533,686.3646717071533,686.3646717071533,0
20200807T,1041.3422315716743,1041.3422315716743,1041.3422315716743,1041.3422315716743,0
20200808T,922.670416533947,922.670416533947,922.670416533947,922.670416533947,0
20200809T,924.1751708984375,924.1751708984375,924.1751708984375,924.1751708984375,0
20200810T,781.2851738929749,781.2851738929749,781.2851738929749,781.2851738929749,0
20200811T,1001.7449657320976,1001.7449657320976,1001.7449657320976,1001.7449657320976,0
20200812T,802.988981962204,802.988981962204,802.988981962204,802.988981962204,0
20200813T,1152.7177984714508,1152.7177984714508,1152.7177984714508,1152.7177984714508,0
20200814T,903.2723780274391,903.2723780274391,903.2723780274391,903.2723780274391,0
20200815T,819.2524657249451,819.2524657249451,819.2524657249451,819.2524657249451,0
20200816T,638.6718473434448,638.6718473434448,638.6718473434448,638.6718473434448,0
20200817T,740.3372752666473,740.3372752666473,740.3372752666473,740.3372752666473,0
20200818T,690.3857867717743,690.3857867717743,690.3857867717743,690.3857867717743,0
20200819T,659.0663331151009,659.0663331151009,659.0663331151009,659.0663331151009,0
20200820T,598.8005214333534,598.8005214333534,598.8005214333534,598.8005214333534,0
20200821T,495.64327067136765,495.64327067136765,495.64327067136765,495.64327067136765,0
20200822T,399.61795979738235,399.61795979738235,399.61795979738235,399.61795979738235,0
20200823T,337.26267886161804,337.26267886161804,337.26267886161804,337.26267886161804,0
20200824T,525.0351805090904,525.0351805090904,525.0351805090904,525.0351805090904,0
20200825T,594.7571975588799,594.7571975588799,594.7571975588799,594.7571975588799,0
20200826T,574.9564240574837,574.9564240574837,574.9564240574837,574.9564240574837,0
20200827T,405.3235142827034,405.3235142827034,405.3235142827034,405.3235142827034,0
20200828T,354.50960582494736,354.50960582494736,354.50960582494736,354.50960582494736,0
20200829T,370.6217987537384,370.6217987537384,370.6217987537384,370.6217987537384,0
20200830T,432.7889943122864,432.7889943122864,432.7889943122864,432.7889943122864,0
20200831T,519.4250895380974,519.4250895380974,519.4250895380974,519.4250895380974,0
20200901T,919.3305727243423,919.3305727243423,919.3305727243423,919.3305727243423,0
20200902T,574.0770305395126,574.0770305395126,574.0770305395126,574.0770305395126,0
20200903T,605.5282927751541,605.5282927751541,605.5282927751541,605.5282927751541,0
20200904T,452.41816502809525,452.41816502809525,452.41816502809525,452.41816502809525,0
20200905T,447.9887430071831,447.9887430071831,447.9887430071831,447.9887430071831,0
20200906T,333.3590816259384,333.3590816259384,333.3590816259384,333.3590816259384,0
20200907T,389.86741876602173,389.86741876602173,389.86741876602173,389.86741876602173,0
20200908T,362.0920417904854,362.0920417904854,362.0920417904854,362.0920417904854,0
20200909T,336.55020129680634,336.55020129680634,336.55020129680634,336.55020129680634,0
20200910T,396.6089270710945,396.6089270710945,396.6089270710945,396.6089270710945,0
20200911T,340.96772396564484,340.96772396564484,340.96772396564484,340.96772396564484,0
20200912T,333.07250505685806,333.07250505685806,333.07250505685806,333.07250505685806,0
20200913T,453.05539125204086,453.05539125204086,453.05539125204086,453.05539125204086,0
20200914T,335.4701637029648,335.4701637029648,335.4701637029648,335.4701637029648,0
20200915T,425.44435596466064,425.44435596466064,425.44435596466064,425.44435596466064,0
20200916T,449.80596750974655,449.80596750974655,449.80596750974655,449.80596750974655,0
20200917T,552.9031777977943,552.9031777977943,552.9031777977943,552.9031777977943,0
20200918T,655.7418574690819,655.7418574690819,655.7418574690819,655.7418574690819,0
20200919T,513.1469733119011,513.1469733119011,513.1469733119011,513.1469733119011,0
20200920T,570.2614964842796,570.2614964842796,570.2614964842796,570.2614964842796,0
20200921T,433.07374477386475,433.07374477386475,433.07374477386475,433.07374477386475,0
20200922T,465.4970731139183,465.4970731139183,465.4970731139183,465.4970731139183,0
20200923T,391.97631549835205,391.97631549835205,391.97631549835205,391.97631549835205,0
20200924T,385.86652940511703,385.86652940511703,385.86652940511703,385.86652940511703,0
20200925T,314.65105974674225,314.65105974674225,314.65105974674225,314.65105974674225,0
20200926T,303.5924549102783,303.5924549102783,303.5924549102783,303.5924549102783,0
20200927T,390.76313722133636,390.76313722133636,390.76313722133636,390.76313722133636,0
20200928T,357.11329156160355,357.11329156160355,357.11329156160355,357.11329156160355,0
20200929T,417.52058351039886,417.52058351039886,417.52058351039886,417.52058351039886,0
20200930T,348.1759539246559,348.1759539246559,348.1759539246559,348.1759539246559,0
20201001T,632.7669063210487,632.7669063210487,632.7669063210487,632.7669063210487,0
20201002T,617.2153931260109,617.2153931260109,617.2153931260109,617.2153931260109,0
20201003T,428.90202498435974,428.90202498435974,428.90202498435974,428.90202498435974,0
20201004T,506.81847482919693,506.81847482919693,506.81847482919693,506.81847482919693,0
20201005T,659.5250382423401,659.5250382423401,659.5250382423401,659.5250382423401,0
20201006T,718.6683774590492,718.6683774590492,718.6683774590492,718.6683774590492,0
20201007T,724.0667556524277,724.0667556524277,724.0667556524277,724.0667556524277,0
20201008T,821.8656120896339,821.8656120896339,821.8656120896339,821.8656120896339,0
20201009T,556.7716532945633,556.7716532945633,556.7716532945633,556.7716532945633,0
20201010T,565.3297401666641,565.3297401666641,565.3297401666641,565.3297401666641,0
20201011T,431.4414846301079,431.4414846301079,431.4414846301079,431.4414846301079,0
20201012T,497.4701602458954,497.4701602458954,497.4701602458954,497.4701602458954,0
20201013T,403.6467984318733,403.6467984318733,403.6467984318733,403.6467984318733,0
20201014T,565.9608390331268,565.9608390331268,565.9608390331268,565.9608390331268,0
20201015T,556.8787194490433,556.8787194490433,556.8787194490433,556.8787194490433,0
20201016T,342.11537432670593,342.11537432670593,342.11537432670593,342.11537432670593,0
20201017T,365.8367992043495,365.8367992043495,365.8367992043495,365.8367992043495,0
20201018T,344.97181767225266,344.97181767225266,344.97181767225266,344.97181767225266,0
20201019T,429.2760003209114,429.2760003209114,429.2760003209114,429.2760003209114,0
20201020T,551.728417634964,551.728417634964,551.728417634964,551.728417634964,0
20201021T,653.7628861665726,653.7628861665726,653.7628861665726,653.7628861665726,0
20201022T,804.4833877682686,804.4833877682686,804.4833877682686,804.4833877682686,0
20201023T,516.9578592777252,516.9578592777252,516.9578592777252,516.9578592777252,0
20201024T,721.9388523101807,721.9388523101807,721.9388523101807,721.9388523101807,0
20201025T,354.59220987558365,354.59220987558365,354.59220987558365,354.59220987558365,0
20201026T,446.05145782232285,446.05145782232285,446.05145782232285,446.05145782232285,0
20201027T,443.78837472200394,443.78837472200394,443.78837472200394,443.78837472200394,0
20201028T,417.60919111967087,417.60919111967087,417.60919111967087,417.60919111967087,0
20201029T,416.24901908636093,416.24901908636093,416.24901908636093,416.24901908636093,0
20201030T,407.41740822792053,407.41740822792053,407.41740822792053,407.41740822792053,0
20201031T,327.21248602867126,327.21248602867126,327.21248602867126,327.21248602867126,0
20201101T,313.7782789468765,313.7782789468765,313.7782789468765,313.7782789468765,0
20201102T,390.2949661016464,390.2949661016464,390.2949661016464,390.2949661016464,0
20201103T,401.6715668439865,401.6715668439865,401.6715668439865,401.6715668439865,0
20201104T,668.9209587574005,668.9209587574005,668.9209587574005,668.9209587574005,0
20201105T,729.8289356827736,729.8289356827736,729.8289356827736,729.8289356827736,0
20201106T,698.7548077702522,698.7548077702522,698.7548077702522,698.7548077702522,0
20201107T,612.840992629528,612.840992629528,612.840992629528,612.840992629528,0
20201108T,506.45899200439453,506.45899200439453,506.45899200439453,506.45899200439453,0
20201109T,494.52377438545227,494.52377438545227,494.52377438545227,494.52377438545227,0
20201110T,885.2597284317017,885.2597284317017,885.2597284317017,885.2597284317017,0
20201111T,749.2528562545776,749.2528562545776,749.2528562545776,749.2528562545776,0
20201112T,592.8630043268204,592.8630043268204,592.8630043268204,592.8630043268204,0
20201113T,613.8159806132317,613.8159806132317,613.8159806132317,613.8159806132317,0
20201114T,473.0704184770584,473.0704184770584,473.0704184770584,473.0704184770584,0
20201115T,370.25408440828323,370.25408440828323,370.25408440828323,370.25408440828323,0
20201116T,545.8563678860664,545.8563678860664,545.8563678860664,545.8563678860664,0
20201117T,799.9225761294365,799.9225761294365,799.9225761294365,799.9225761294365,0
20201118T,825.5392355322838,825.5392355322838,825.5392355322838,825.5392355322838,0
20201119T,747.8137034773827,747.8137034773827,747.8137034773827,747.8137034773827,0
20201120T,801.0613576769829,801.0613576769829,801.0613576769829,801.0613576769829,0
20201121T,948.7593618035316,948.7593618035316,948.7593618035316,948.7593618035316,0
20201122T,801.3270126581192,801.3270126581192,801.3270126581192,801.3270126581192,0
20201123T,1048.1309397816658,1048.1309397816658,1048.1309397816658,1048.1309397816658,0
20201124T,1019.3534291386604,1019.3534291386604,1019.3534291386604,1019.3534291386604,0
20201125T,627.8298583030701,627.8298583030701,627.8298583030701,627.8298583030701,0
20201126T,496.937563598156,496.937563598156,496.937563598156,496.937563598156,0
20201127T,662.9558172821999,662.9558172821999,662.9558172821999,662.9558172821999,0
20201128T,510.12570881843567,510.12570881843567,510.12570881843567,510.12570881843567,0
20201129T,470.4808827638626,470.4808827638626,470.4808827638626,470.4808827638626,0
20201130T,684.0641369223595,684.0641369223595,684.0641369223595,684.0641369223595,0
20201201T,1264.6392583251,1264.6392583251,1264.6392583251,1264.6392583251,0
20201202T,774.1476972103119,774.1476972103119,774.1476972103119,774.1476972103119,0
20201203T,583.9990903735161,583.9990903735161,583.9990903735161,583.9990903735161,0
20201204T,603.4876729249954,603.4876729249954,603.4876729249954,603.4876729249954,0
20201205T,548.4481981992722,548.4481981992722,548.4481981992722,548.4481981992722,0
20201206T,428.03106838464737,428.03106838464737,428.03106838464737,428.03106838464737,0
20201207T,674.7350268959999,674.7350268959999,674.7350268959999,674.7350268959999,0
20201208T,607.5673377513885,607.5673377513885,607.5673377513885,607.5673377513885,0
20201209T,990.6722721457481,990.6722721457481,990.6722721457481,990.6722721457481,0
20201210T,684.3609158992767,684.3609158992767,684.3609158992767,684.3609158992767,0
20201211T,518.0628487467766,518.0628487467766,518.0628487467766,518.0628487467766,0
20201212T,536.1388202905655,536.1388202905655,536.1388202905655,536.1388202905655,0
20201213T,443.8036148548126,443.8036148548126,443.8036148548126,443.8036148548126,0
20201214T,490.23374378681183,490.23374378681183,490.23374378681183,490.23374378681183,0
20201215T,499.4594915509224,499.4594915509224,499.4594915509224,499.4594915509224,0
20201216T,613.9038748145103,613.9038748145103,613.9038748145103,613.9038748145103,0
20201217T,649.0506184101105,649.0506184101105,649.0506184101105,649.0506184101105,0
20201218T,574.397805929184,574.397805929184,574.397805929184,574.397805929184,0
20201219T,719.0986614227295,719.0986614227295,719.0986614227295,719.0986614227295,0
20201220T,518.2601020932198,518.2601020932198,518.2601020932198,518.2601020932198,0
20201221T,422.5612815618515,422.5612815618515,422.5612815618515,422.5612815618515,0
20201222T,616.2789490222931,616.2789490222931,616.2789490222931,616.2789490222931,0
20201223T,605.8712424635887,605.8712424635887,605.8712424635887,605.8712424635887,0
20201224T,641.6552391648293,641.6552391648293,641.6552391648293,641.6552391648293,0
20201225T,380.7637243270874,380.7637243270874,380.7637243270874,380.7637243270874,0
20201226T,486.52036863565445,486.52036863565445,486.52036863565445,486.52036863565445,0
20201227T,686.527890264988,686.527890264988,686.527890264988,686.527890264988,0
20201228T,1211.153319478035,1211.153319478035,1211.153319478035,1211.153319478035,0
20201229T,790.1190872192383,790.1190872192383,790.1190872192383,790.1190872192383,0
20201230T,644.4130259156227,644.4130259156227,644.4130259156227,644.4130259156227,0
20201231T,717.6530936360359,717.6530936360359,717.6530936360359,717.6530936360359,0
20210101T,537.2149307131767,537.2149307131767,537.2149307131767,537.2149307131767,0
20210102T,811.5822349190712,811.5822349190712,811.5822349190712,811.5822349190712,0
20210103T,1146.944315135479,1146.944315135479,1146.944315135479,1146.944315135479,0
20210104T,1234.0221284627914,1234.0221284627914,1234.0221284627914,1234.0221284627914,0
20210105T,1248.4334102272987,1248.4334102272987,1248.4334102272987,1248.4334102272987,0
20210106T,1277.2737676501274,1277.2737676501274,1277.2737676501274,1277.2737676501274,0
20210107T,1048.6306327581406,1048.6306327581406,1048.6306327581406,1048.6306327581406,0
20210108T,1074.9919986128807,1074.9919986128807,1074.9919986128807,1074.9919986128807,0
20210109T,896.9682120680809,896.9682120680809,896.9682120680809,896.9682120680809,0
20210110T,1078.3466942310333,1078.3466942310333,1078.3466942310333,1078.3466942310333,0
20210111T,890.8433439731598,890.8433439731598,890.8433439731598,890.8433439731598,0
20210112T,804.8388625383377,804.8388625383377,804.8388625383377,804.8388625383377,0
20210113T,682.4766609668732,682.4766609668732,682.4766609668732,682.4766609668732,0
20210114T,847.3044880032539,847.3044880032539,847.3044880032539,847.3044880032539,0
20210115T,715.6532185673714,715.6532185673714,715.6532185673714,715.6532185673714,0
20210116T,886.0720593333244,886.0720593333244,886.0720593333244,886.0720593333244,0
20210117T,656.5455123186111,656.5455123186111,656.5455123186111,656.5455123186111,0
20210118T,1151.8456422686577,1151.8456422686577,1151.8456422686577,1151.8456422686577,0
20210119T,1413.2578779459,1413.2578779459,1413.2578779459,1413.2578779459,0
20210120T,862.4032014608383,862.4032014608383,862.4032014608383,862.4032014608383,0
20210121T,687.2307607531548,687.2307607531548,687.2307607531548,687.2307607531548,0
20210122T,673.3071245551109,673.3071245551109,673.3071245551109,673.3071245551109,0
20210123T,703.6451556682587,703.6451556682587,703.6451556682587,703.6451556682587,0
20210124T,961.5373032689095,961.5373032689095,961.5373032689095,961.5373032689095,0
20210125T,1001.6266951560974,1001.6266951560974,1001.6266951560974,1001.6266951560974,0
20210126T,286.2302057147026,286.2302057147026,286.2302057147026,286.2302057147026,0
20210127T,766.8332254290581,766.8332254290581,766.8332254290581,766.8332254290581,0
20210128T,938.3627873063087,938.3627873063087,938.3627873063087,938.3627873063087,0
20210129T,1280.2379937171936,1280.2379937171936,1280.2379937171936,1280.2379937171936,0
20210130T,1178.9510940909386,1178.9510940909386,1178.9510940909386,1178.9510940909386,0
20210131T,1000.5558030605316,1000.5558030605316,1000.5558030605316,1000.5558030605316,0
20210201T,1436.3270536661148,1436.3270536661148,1436.3270536661148,1436.3270536661148,0
20210202T,1696.9694360494614,1696.9694360494614,1696.9694360494614,1696.9694360494614,0
20210203T,1989.3313255906105,1989.3313255906105,1989.3313255906105,1989.3313255906105,0
20210204T,2190.9071604013443,2190.9071604013443,2190.9071604013443,2190.9071604013443,0
20210205T,1673.6577266454697,1673.6577266454697,1673.6577266454697,1673.6577266454697,0
20210206T,1194.0907720923424,1194.0907720923424,1194.0907720923424,1194.0907720923424,0
20210207T,1269.2805045247078,1269.2805045247078,1269.2805045247078,1269.2805045247078,0
20210208T,1348.389933168888,1348.389933168888,1348.389933168888,1348.389933168888,0
20210209T,1319.2335481643677,1319.2335481643677,1319.2335481643677,1319.2335481643677,0
20210210T,1059.865588247776,1059.865588247776,1059.865588247776,1059.865588247776,0
20210211T,978.0031442046165,978.0031442046165,978.0031442046165,978.0031442046165,0
20210212T,1060.35328155756,1060.35328155756,1060.35328155756,1060.35328155756,0
20210213T,1038.3238332271576,1038.3238332271576,1038.3238332271576,1038.3238332271576,0
20210214T,876.0521191358566,876.0521191358566,876.0521191358566,876.0521191358566,0
20210215T,809.0851783156395,809.0851783156395,809.0851783156395,809.0851783156395,0
20210216T,1105.916559278965,1105.916559278965,1105.916559278965,1105.916559278965,0
20210217T,1060.8536032438278,1060.8536032438278,1060.8536032438278,1060.8536032438278,0
20210218T,1320.09429615736,1320.09429615736,1320.09429615736,1320.09429615736,0
20210219T,1360.7268925309181,1360.7268925309181,1360.7268925309181,1360.7268925309181,0
20210220T,1339.0300198197365,1339.0300198197365,1339.0300198197365,1339.0300198197365,0
20210221T,906.4195640087128,906.4195640087128,906.4195640087128,906.4195640087128,0
20210222T,1045.322641134262,1045.322641134262,1045.322641134262,1045.322641134262,0
20210223T,1083.8251921534538,1083.8251921534538,1083.8251921534538,1083.8251921534538,0
20210224T,1063.4407496452332,1063.4407496452332,1063.4407496452332,1063.4407496452332,0
20210225T,1039.934226989746,1039.934226989746,1039.934226989746,1039.934226989746,0
20210226T,935.1550725102425,935.1550725102425,935.1550725102425,935.1550725102425,0
20210227T,1258.105637550354,1258.105637550354,1258.105637550354,1258.105637550354,0
20210228T,1093.5179433226585,1093.5179433226585,1093.5179433226585,1093.5179433226585,0
20210301T,1045.9268627166748,1045.9268627166748,1045.9268627166748,1045.9268627166748,0
20210302T,968.484428524971,968.484428524971,968.484428524971,968.484428524971,0
20210303T,954.7119798660278,954.7119798660278,954.7119798660278,954.7119798660278,0
20210304T,771.0402628183365,771.0402628183365,771.0402628183365,771.0402628183365,0
20210305T,796.259291768074,796.259291768074,796.259291768074,796.259291768074,0
20210306T,1082.9347539544106,1082.9347539544106,1082.9347539544106,1082.9347539544106,0
20210307T,956.5858806371689,956.5858806371689,956.5858806371689,956.5858806371689,0
20210308T,1039.746487557888,1039.746487557888,1039.746487557888,1039.746487557888,0
20210309T,1136.8281484246254,1136.8281484246254,1136.8281484246254,1136.8281484246254,0
20210310T,902.1294714808464,902.1294714808464,902.1294714808464,902.1294714808464,0
20210311T,967.9599404931068,967.9599404931068,967.9599404931068,967.9599404931068,0
20210312T,785.9044541120529,785.9044541120529,785.9044541120529,785.9044541120529,0
20210313T,1007.6505637764931,1007.6505637764931,1007.6505637764931,1007.6505637764931,0
20210314T,759.2860044836998,759.2860044836998,759.2860044836998,759.2860044836998,0
20210315T,900.1946910023689,900.1946910023689,900.1946910023689,900.1946910023689,0
20210316T,940.3261234760284,940.3261234760284,940.3261234760284,940.3261234760284,0
20210317T,838.173368871212,838.173368871212,838.173368871212,838.173368871212,0
20210318T,811.6125475764275,811.6125475764275,811.6125475764275,811.6125475764275,0
20210319T,835.3920420408249,835.3920420408249,835.3920420408249,835.3920420408249,0
20210320T,901.199764072895,901.199764072895,901.199764072895,901.199764072895,0
20210321T,779.8680626153946,779.8680626153946,779.8680626153946,779.8680626153946,0
20210322T,829.538950920105,829.538950920105,829.538950920105,829.538950920105,0
20210323T,763.0077973604202,763.0077973604202,763.0077973604202,763.0077973604202,0
20210324T,662.5408850312233,662.5408850312233,662.5408850312233,662.5408850312233,0
20210325T,883.9941501617432,883.9941501617432,883.9941501617432,883.9941501617432,0
20210326T,756.2518144249916,756.2518144249916,756.2518144249916,756.2518144249916,0
20210327T,652.2619813680649,652.2619813680649,652.2619813680649,652.2619813680649,0
20210328T,645.1548838615417,645.1548838615417,645.1548838615417,645.1548838615417,0
20210329T,1099.974935889244,1099.974935889244,1099.974935889244,1099.974935889244,0
20210330T,1020.1704993844032,1020.1704993844032,1020.1704993844032,1020.1704993844032,0
20210331T,1074.4530458450317,1074.4530458450317,1074.4530458450317,1074.4530458450317,0
20210401T,941.6090782880783,941.6090782880783,941.6090782880783,941.6090782880783,0
20210402T,1469.4351380467415,1469.4351380467415,1469.4351380467415,1469.4351380467415,0
20210403T,1081.9804785847664,1081.9804785847664,1081.9804785847664,1081.9804785847664,0
20210404T,900.553819835186,900.553819835186,900.553819835186,900.553819835186,0
20210405T,962.6246902942657,962.6246902942657,962.6246902942657,962.6246902942657,0
20210406T,925.3732365369797,925.3732365369797,925.3732365369797,925.3732365369797,0
20210407T,965.6489552259445,965.6489552259445,965.6489552259445,965.6489552259445,0
20210408T,961.233616411686,961.233616411686,961.233616411686,961.233616411686,0
20210409T,866.4508702754974,866.4508702754974,866.4508702754974,866.4508702754974,0
20210410T,1041.6792549490929,1041.6792549490929,1041.6792549490929,1041.6792549490929,0
20210411T,856.2130620479584,856.2130620479584,856.2130620479584,856.2130620479584,0
20210412T,1016.9498891234398,1016.9498891234398,1016.9498891234398,1016.9498891234398,0
20210413T,1445.0502512454987,1445.0502512454987,1445.0502512454987,1445.0502512454987,0
20210414T,1328.1549950242043,1328.1549950242043,1328.1549950242043,1328.1549950242043,0
20210415T,1621.742663025856,1621.742663025856,1621.742663025856,1621.742663025856,0
20210416T,1679.5528987050056,1679.5528987050056,1679.5528987050056,1679.5528987050056,0
20210417T,1092.9433713555336,1092.9433713555336,1092.9433713555336,1092.9433713555336,0
20210418T,1251.4621205925941,1251.4621205925941,1251.4621205925941,1251.4621205925941,0
20210419T,1300.1841768622398,1300.1841768622398,1300.1841768622398,1300.1841768622398,0
20210420T,1367.3054538965225,1367.3054538965225,1367.3054538965225,1367.3054538965225,0
20210421T,1642.6210684776306,1642.6210684776306,1642.6210684776306,1642.6210684776306,0
20210422T,2249.6445697546005,2249.6445697546005,2249.6445697546005,2249.6445697546005,0
20210423T,1379.0320790410042,1379.0320790410042,1379.0320790410042,1379.0320790410042,0
20210424T,1119.0129002928734,1119.0129002928734,1119.0129002928734,1119.0129002928734,0
20210425T,1186.6508030295372,1186.6508030295372,1186.6508030295372,1186.6508030295372,0
20210426T,1456.260298550129,1456.260298550129,1456.260298550129,1456.260298550129,0
20210427T,1793.9190843701363,1793.9190843701363,1793.9190843701363,1793.9190843701363,0
20210428T,1995.9927381277084,1995.9927381277084,1995.9927381277084,1995.9927381277084,0
20210429T,2152.587484359741,2152.587484359741,2152.587484359741,2152.587484359741,0
20210430T,1713.967905640602,1713.967905640602,1713.967905640602,1713.967905640602,0
20210501T,2168.169011414051,2168.169011414051,2168.169011414051,2168.169011414051,0
20210502T,2238.1679804325104,2238.1679804325104,2238.1679804325104,2238.1679804325104,0
20210503T,3902.509176015854,3902.509176015854,3902.509176015854,3902.509176015854,0
20210504T,3020.1763278841972,3020.1763278841972,3020.1763278841972,3020.1763278841972,0
20210505T,2252.261245906353,2252.261245906353,2252.261245906353,2252.261245906353,0
20210506T,2194.193185687065,2194.193185687065,2194.193185687065,2194.193185687065,0
20210507T,1735.0153994560242,1735.0153994560242,1735.0153994560242,1735.0153994560242,0
20210508T,2335.0124523043633,2335.0124523043633,2335.0124523043633,2335.0124523043633,0
20210509T,2238.849142730236,2238.849142730236,2238.849142730236,2238.849142730236,0
20210510T,2936.8474135398865,2936.8474135398865,2936.8474135398865,2936.8474135398865,0
20210511T,1948.7309346795082,1948.7309346795082,1948.7309346795082,1948.7309346795082,0
20210512T,2983.7036338448524,2983.7036338448524,2983.7036338448524,2983.7036338448524,0
20210513T,2541.7909579873085,2541.7909579873085,2541.7909579873085,2541.7909579873085,0
20210514T,1979.3718309402466,1979.3718309402466,1979.3718309402466,1979.3718309402466,0
20210515T,1709.722099006176,1709.722099006176,1709.722099006176,1709.722099006176,0
20210516T,1967.9530769586563,1967.9530769586563,1967.9530769586563,1967.9530769586563,0
20210517T,1740.2596726417542,1740.2596726417542,1740.2596726417542,1740.2596726417542,0
20210518T,1543.392929494381,1543.392929494381,1543.392929494381,1543.392929494381,0
20210519T,1923.2066805958748,1923.2066805958748,1923.2066805958748,1923.2066805958748,0
20210520T,1616.0216300487518,1616.0216300487518,1616.0216300487518,1616.0216300487518,0
20210521T,1538.8754482865334,1538.8754482865334,1538.8754482865334,1538.8754482865334,0
20210522T,1232.7194736003876,1232.7194736003876,1232.7194736003876,1232.7194736003876,0
20210523T,1700.360182583332,1700.360182583332,1700.360182583332,1700.360182583332,0
20210524T,1761.785519003868,1761.785519003868,1761.785519003868,1761.785519003868,0
20210525T,1688.7702358961105,1688.7702358961105,1688.7702358961105,1688.7702358961105,0
20210526T,1549.507002234459,1549.507002234459,1549.507002234459,1549.507002234459,0
20210527T,1464.2542142271996,1464.2542142271996,1464.2542142271996,1464.2542142271996,0
20210528T,1378.7151368260384,1378.7151368260384,1378.7151368260384,1378.7151368260384,0
20210529T,1191.7607785463333,1191.7607785463333,1191.7607785463333,1191.7607785463333,0
20210530T,1078.457162618637,1078.457162618637,1078.457162618637,1078.457162618637,0
20210531T,1435.8231944441795,1435.8231944441795,1435.8231944441795,1435.8231944441795,0
20210601T,1275.5869067907333,1275.5869067907333,1275.5869067907333,1275.5869067907333,0
20210602T,1175.4114773273468,1175.4114773273468,1175.4114773273468,1175.4114773273468,0
20210603T,1200.0438609719276,1200.0438609719276,1200.0438609719276,1200.0438609719276,0
20210604T,1159.5612967014313,1159.5612967014313,1159.5612967014313,1159.5612967014313,0
20210605T,1205.200390636921,1205.200390636921,1205.200390636921,1205.200390636921,0
20210606T,1050.9574702382088,1050.9574702382088,1050.9574702382088,1050.9574702382088,0
20210607T,1170.6336819529533,1170.6336819529533,1170.6336819529533,1170.6336819529533,0
20210608T,1104.7478524446487,1104.7478524446487,1104.7478524446487,1104.7478524446487,0
20210609T,1145.0506657361984,1145.0506657361984,1145.0506657361984,1145.0506657361984,0
20210610T,963.3179584145546,963.3179584145546,963.3179584145546,963.3179584145546,0
20210611T,833.6589459180832,833.6589459180832,833.6589459180832,833.6589459180832,0
20210612T,875.6043813824654,875.6043813824654,875.6043813824654,875.6043813824654,0
20210613T,922.9125440120697,922.9125440120697,922.9125440120697,922.9125440120697,0
20210614T,900.9379637241364,900.9379637241364,900.9379637241364,900.9379637241364,0
20210615T,1118.5646711587906,1118.5646711587906,1118.5646711587906,1118.5646711587906,0
20210616T,1064.9784169197083,1064.9784169197083,1064.9784169197083,1064.9784169197083,0
20210617T,981.6066024303436,981.6066024303436,981.6066024303436,981.6066024303436,0
20210618T,879.3830726742744,879.3830726742744,879.3830726742744,879.3830726742744,0
20210619T,828.7168268561363,828.7168268561363,828.7168268561363,828.7168268561363,0
20210620T,858.095768392086,858.095768392086,858.095768392086,858.095768392086,0
20210621T,1216.230254471302,1216.230254471302,1216.230254471302,1216.230254471302,0
20210622T,1083.325021803379,1083.325021803379,1083.325021803379,1083.325021803379,0
20210623T,1118.5346527695656,1118.5346527695656,1118.5346527695656,1118.5346527695656,0
20210624T,978.7110403180122,978.7110403180122,978.7110403180122,978.7110403180122,0
20210625T,756.1565551161766,756.1565551161766,756.1565551161766,756.1565551161766,0
20210626T,773.9499137401581,773.9499137401581,773.9499137401581,773.9499137401581,0
20210627T,678.9508874416351,678.9508874416351,678.9508874416351,678.9508874416351,0
20210628T,987.5931040048599,987.5931040048599,987.5931040048599,987.5931040048599,0
20210629T,1087.565289914608,1087.565289914608,1087.565289914608,1087.565289914608,0
20210630T,1148.0091341137886,1148.0091341137886,1148.0091341137886,1148.0091341137886,0
20210701T,1153.582394361496,1153.582394361496,1153.582394361496,1153.582394361496,0
20210702T,1017.8031431436539,1017.8031431436539,1017.8031431436539,1017.8031431436539,0
20210703T,858.7657324075699,858.7657324075699,858.7657324075699,858.7657324075699,0
20210704T,852.6480452418327,852.6480452418327,852.6480452418327,852.6480452418327,0
20210705T,1014.8153743743896,1014.8153743743896,1014.8153743743896,1014.8153743743896,0
20210706T,1213.8595371246338,1213.8595371246338,1213.8595371246338,1213.8595371246338,0
20210707T,1016.4781532287598,1016.4781532287598,1016.4781532287598,1016.4781532287598,0
20210708T,977.9452329874039,977.9452329874039,977.9452329874039,977.9452329874039,0
20210709T,851.9251195788383,851.9251195788383,851.9251195788383,851.9251195788383,0
20210710T,923.9392842650414,923.9392842650414,923.9392842650414,923.9392842650414,0
20210711T,854.2852991819382,854.2852991819382,854.2852991819382,854.2852991819382,0
20210712T,925.015986084938,925.015986084938,925.015986084938,925.015986084938,0
20210713T,997.7150791287422,997.7150791287422,997.7150791287422,997.7150791287422,0
20210714T,1155.878167450428,1155.878167450428,1155.878167450428,1155.878167450428,0
20210715T,1202.2567297816277,1202.2567297816277,1202.2567297816277,1202.2567297816277,0
20210716T,940.0047969818115,940.0047969818115,940.0047969818115,940.0047969818115,0
20210717T,848.1755385398865,848.1755385398865,848.1755385398865,848.1755385398865,0
20210718T,947.2090549468994,947.2090549468994,947.2090549468994,947.2090549468994,0
20210719T,1001.3839125037193,1001.3839125037193,1001.3839125037193,1001.3839125037193,0
20210720T,1204.080407857895,1204.080407857895,1204.080407857895,1204.080407857895,0
20210721T,1130.6753284335136,1130.6753284335136,1130.6753284335136,1130.6753284335136,0
20210722T,1457.624670803547,1457.624670803547,1457.624670803547,1457.624670803547,0
20210723T,1548.2201448082924,1548.2201448082924,1548.2201448082924,1548.2201448082924,0
20210724T,1188.2472689151764,1188.2472689151764,1188.2472689151764,1188.2472689151764,0
20210725T,1113.5369000434875,1113.5369000434875,1113.5369000434875,1113.5369000434875,0
20210726T,1283.1669523119926,1283.1669523119926,1283.1669523119926,1283.1669523119926,0
20210727T,1228.668510556221,1228.668510556221,1228.668510556221,1228.668510556221,0
20210728T,1403.1767263412476,1403.1767263412476,1403.1767263412476,1403.1767263412476,0
20210729T,1347.8340058922768,1347.8340058922768,1347.8340058922768,1347.8340058922768,0
20210730T,1778.0252478718758,1778.0252478718758,1778.0252478718758,1778.0252478718758,0
20210731T,1688.164931178093,1688.164931178093,1688.164931178093,1688.164931178093,0
20210801T,2232.86972540617,2232.86972540617,2232.86972540617,2232.86972540617,0
20210802T,1770.1957913637161,1770.1957913637161,1770.1957913637161,1770.1957913637161,0
20210803T,1546.8301932811737,1546.8301932811737,1546.8301932811737,1546.8301932811737,0
20210804T,1850.018956542015,1850.018956542015,1850.018956542015,1850.018956542015,0
20210805T,2732.6793981194496,2732.6793981194496,2732.6793981194496,2732.6793981194496,0
20210806T,2111.6554664969444,2111.6554664969444,2111.6554664969444,2111.6554664969444,0
20210807T,2002.2055687308311,2002.2055687308311,2002.2055687308311,2002.2055687308311,0
20210808T,1628.3752712607384,1628.3752712607384,1628.3752712607384,1628.3752712607384,0
20210809T,1553.6081575155258,1553.6081575155258,1553.6081575155258,1553.6081575155258,0
20210810T,1854.1335172057152,1854.1335172057152,1854.1335172057152,1854.1335172057152,0
20210811T,1710.7098037600517,1710.7098037600517,1710.7098037600517,1710.7098037600517,0
20210812T,1874.6684547662735,1874.6684547662735,1874.6684547662735,1874.6684547662735,0
20210813T,2007.2827433347702,2007.2827433347702,2007.2827433347702,2007.2827433347702,0
20210814T,3392.1424547433853,3392.1424547433853,3392.1424547433853,3392.1424547433853,0
20210815T,1600.8894997239113,1600.8894997239113,1600.8894997239113,1600.8894997239113,0
20210816T,2039.2955675721169,2039.2955675721169,2039.2955675721169,2039.2955675721169,0
20210817T,1736.5288417339325,1736.5288417339325,1736.5288417339325,1736.5288417339325,0
20210818T,1597.4120702147484,1597.4120702147484,1597.4120702147484,1597.4120702147484,0
20210819T,1850.9915341734886,1850.9915341734886,1850.9915341734886,1850.9915341734886,0
20210820T,1776.141376197338,1776.141376197338,1776.141376197338,1776.141376197338,0
20210821T,3428.98972594738,3428.98972594738,3428.98972594738,3428.98972594738,0
20210822T,1924.3718622922897,1924.3718622922897,1924.3718622922897,1924.3718622922897,0
20210823T,2214.6968207359314,2214.6968207359314,2214.6968207359314,2214.6968207359314,0
20210824T,1675.0041029453278,1675.0041029453278,1675.0041029453278,1675.0041029453278,0
20210825T,1548.6370725035667,1548.6370725035667,1548.6370725035667,1548.6370725035667,0
20210826T,1602.7884353995323,1602.7884353995323,1602.7884353995323,1602.7884353995323,0
20210827T,1409.1238771677017,1409.1238771677017,1409.1238771677017,1409.1238771677017,0
20210828T,1493.5831000208855,1493.5831000208855,1493.5831000208855,1493.5831000208855,0
20210829T,1182.0078741312027,1182.0078741312027,1182.0078741312027,1182.0078741312027,0
20210830T,3182.384863138199,3182.384863138199,3182.384863138199,3182.384863138199,0
20210831T,1628.5429043769836,1628.5429043769836,1628.5429043769836,1628.5429043769836,0
20210901T,2310.6301638484,2310.6301638484,2310.6301638484,2310.6301638484,0
20210902T,2046.1696007847786,2046.1696007847786,2046.1696007847786,2046.1696007847786,0
20210903T,2074.5020744800568,2074.5020744800568,2074.5020744800568,2074.5020744800568,0
20210904T,2876.022925376892,2876.022925376892,2876.022925376892,2876.022925376892,0
20210905T,1587.735368669033,1587.735368669033,1587.735368669033,1587.735368669033,0
20210906T,1346.8727385997772,1346.8727385997772,1346.8727385997772,1346.8727385997772,0
20210907T,1592.7666951417923,1592.7666951417923,1592.7666951417923,1592.7666951417923,0
20210908T,1653.5927495360374,1653.5927495360374,1653.5927495360374,1653.5927495360374,0
20210909T,1758.5596357584,1758.5596357584,1758.5596357584,1758.5596357584,0
20210910T,1378.1014199852943,1378.1014199852943,1378.1014199852943,1378.1014199852943,0
20210911T,1454.3244988918304,1454.3244988918304,1454.3244988918304,1454.3244988918304,0
20210912T,1223.9881308674812,1223.9881308674812,1223.9881308674812,1223.9881308674812,0
20210913T,1048.764387190342,1048.764387190342,1048.764387190342,1048.764387190342,0
20210914T,1307.4786542654037,1307.4786542654037,1307.4786542654037,1307.4786542654037,0
20210915T,1582.6682868599892,1582.6682868599892,1582.6682868599892,1582.6682868599892,0
20210916T,1357.4939774870872,1357.4939774870872,1357.4939774870872,1357.4939774870872,0
20210917T,1020.2929835915565,1020.2929835915565,1020.2929835915565,1020.2929835915565,0
20210918T,1445.2981652617455,1445.2981652617455,1445.2981652617455,1445.2981652617455,0
20210919T,1131.5991123914719,1131.5991123914719,1131.5991123914719,1131.5991123914719,0
20210920T,1212.0500419735909,1212.0500419735909,1212.0500419735909,1212.0500419735909,0
20210921T,1591.9350543022156,1591.9350543022156,1591.9350543022156,1591.9350543022156,0
20210922T,2114.582397341728,2114.582397341728,2114.582397341728,2114.582397341728,0
20210923T,1229.1253287792206,1229.1253287792206,1229.1253287792206,1229.1253287792206,0
20210924T,1149.5102246403694,1149.5102246403694,1149.5102246403694,1149.5102246403694,0
20210925T,1430.622611939907,1430.622611939907,1430.622611939907,1430.622611939907,0
20210926T,1143.3736824989319,1143.3736824989319,1143.3736824989319,1143.3736824989319,0
20210927T,1455.6871955394745,1455.6871955394745,1455.6871955394745,1455.6871955394745,0
20210928T,1078.919999241829,1078.919999241829,1078.919999241829,1078.919999241829,0
20210929T,1461.9747425317764,1461.9747425317764,1461.9747425317764,1461.9747425317764,0
20210930T,1307.6229568719864,1307.6229568719864,1307.6229568719864,1307.6229568719864,0
20211001T,1456.0168199539185,1456.0168199539185,1456.0168199539185,1456.0168199539185,0
20211002T,1278.4473406076431,1278.4473406076431,1278.4473406076431,1278.4473406076431,0
20211003T,1062.3259307146072,1062.3259307146072,1062.3259307146072,1062.3259307146072,0
20211004T,999.9920480847359,999.9920480847359,999.9920480847359,999.9920480847359,0
20211005T,2171.350452363491,2171.350452363491,2171.350452363491,2171.350452363491,0
20211006T,1485.0461191534996,1485.0461191534996,1485.0461191534996,1485.0461191534996,0
20211007T,1389.221771121025,1389.221771121025,1389.221771121025,1389.221771121025,0
20211008T,1432.2174925804138,1432.2174925804138,1432.2174925804138,1432.2174925804138,0
20211009T,1195.8759762644768,1195.8759762644768,1195.8759762644768,1195.8759762644768,0
20211010T,1280.2768803834915,1280.2768803834915,1280.2768803834915,1280.2768803834915,0
20211011T,1448.540077149868,1448.540077149868,1448.540077149868,1448.540077149868,0
20211012T,2184.2631871700287,2184.2631871700287,2184.2631871700287,2184.2631871700287,0
20211013T,1539.844796180725,1539.844796180725,1539.844796180725,1539.844796180725,0
20211014T,1669.7110396623611,1669.7110396623611,1669.7110396623611,1669.7110396623611,0
20211015T,1661.9254167675972,1661.9254167675972,1661.9254167675972,1661.9254167675972,0
20211016T,1377.2239682078362,1377.2239682078362,1377.2239682078362,1377.2239682078362,0
20211017T,1357.0982420444489,1357.0982420444489,1357.0982420444489,1357.0982420444489,0
20211018T,1132.1124017238617,1132.1124017238617,1132.1124017238617,1132.1124017238617,0
20211019T,1513.7948591709137,1513.7948591709137,1513.7948591709137,1513.7948591709137,0
20211020T,2384.5492150187492,2384.5492150187492,2384.5492150187492,2384.5492150187492,0
20211021T,2222.559432923794,2222.559432923794,2222.559432923794,2222.559432923794,0
20211022T,1691.612178504467,1691.612178504467,1691.612178504467,1691.612178504467,0
20211023T,1682.3085724711418,1682.3085724711418,1682.3085724711418,1682.3085724711418,0
20211024T,1579.6244470477104,1579.6244470477104,1579.6244470477104,1579.6244470477104,0
20211025T,1217.146965444088,1217.146965444088,1217.146965444088,1217.146965444088,0
20211026T,1906.0586068630219,1906.0586068630219,1906.0586068630219,1906.0586068630219,0
20211027T,1641.1490829586983,1641.1490829586983,1641.1490829586983,1641.1490829586983,0
20211028T,1807.4532228708267,1807.4532228708267,1807.4532228708267,1807.4532228708267,0
20211029T,2044.8195706605911,2044.8195706605911,2044.8195706605911,2044.8195706605911,0
20211030T,2665.307385802269,2665.307385802269,2665.307385802269,2665.307385802269,0
20211031T,1548.5831359624863,1548.5831359624863,1548.5831359624863,1548.5831359624863,0
20211101T,2073.9201197624207,2073.9201197624207,2073.9201197624207,2073.9201197624207,0
20211102T,2527.808737874031,2527.808737874031,2527.808737874031,2527.808737874031,0
20211103T,2103.323103249073,2103.323103249073,2103.323103249073,2103.323103249073,0
20211104T,1907.7244121432304,1907.7244121432304,1907.7244121432304,1907.7244121432304,0
20211105T,1763.03149163723,1763.03149163723,1763.03149163723,1763.03149163723,0
20211106T,1748.6956597566605,1748.6956597566605,1748.6956597566605,1748.6956597566605,0
20211107T,1807.1660538315773,1807.1660538315773,1807.1660538315773,1807.1660538315773,0
20211108T,2353.944414794445,2353.944414794445,2353.944414794445,2353.944414794445,0
20211109T,2381.644584476948,2381.644584476948,2381.644584476948,2381.644584476948,0
20211110T,2791.1125500798225,2791.1125500798225,2791.1125500798225,2791.1125500798225,0
20211111T,2821.8382828831673,2821.8382828831673,2821.8382828831673,2821.8382828831673,0
20211112T,3862.263623356819,3862.263623356819,3862.263623356819,3862.263623356819,0
20211113T,4810.0353100299835,4810.0353100299835,4810.0353100299835,4810.0353100299835,0
20211114T,5207.265926301479,5207.265926301479,5207.265926301479,5207.265926301479,0
20211115T,5888.651857256889,5888.651857256889,5888.651857256889,5888.651857256889,0
20211116T,7694.708138287067,7694.708138287067,7694.708138287067,7694.708138287067,0
20211117T,7831.253379762173,7831.253379762173,7831.253379762173,7831.253379762173,0
20211118T,4489.747578084469,4489.747578084469,4489.747578084469,4489.747578084469,0
20211119T,4646.739095568657,4646.739095568657,4646.739095568657,4646.739095568657,0
20211120T,4874.70036303997,4874.70036303997,4874.70036303997,4874.70036303997,0
20211121T,5631.523475706577,5631.523475706577,5631.523475706577,5631.523475706577,0
20211122T,6940.608541727066,6940.608541727066,6940.608541727066,6940.608541727066,0
20211123T,5216.343435704708,5216.343435704708,5216.343435704708,5216.343435704708,0
20211124T,4898.349113166332,4898.349113166332,4898.349113166332,4898.349113166332,0
20211125T,5301.177843511105,5301.177843511105,5301.177843511105,5301.177843511105,0
20211126T,4784.578857243061,4784.578857243061,4784.578857243061,4784.578857243061,0
20211127T,6103.312870264053,6103.312870264053,6103.312870264053,6103.312870264053,0
20211128T,4079.14025336504,4079.14025336504,4079.14025336504,4079.14025336504,0
20211129T,4461.981268167496,4461.981268167496,4461.981268167496,4461.981268167496,0
20211130T,6150.94257158041,6150.94257158041,6150.94257158041,6150.94257158041,0
20211201T,5318.527159273624,5318.527159273624,5318.527159273624,5318.527159273624,0
20211202T,5616.62571901083,5616.62571901083,5616.62571901083,5616.62571901083,0
20211203T,4581.005066215992,4581.005066215992,4581.005066215992,4581.005066215992,0
20211204T,6371.3944645524025,6371.3944645524025,6371.3944645524025,6371.3944645524025,0
20211205T,7536.857264995575,7536.857264995575,7536.857264995575,7536.857264995575,0
20211206T,4832.250044107437,4832.250044107437,4832.250044107437,4832.250044107437,0
20211207T,5711.284658074379,5711.284658074379,5711.284658074379,5711.284658074379,0
20211208T,5161.471155285835,5161.471155285835,5161.471155285835,5161.471155285835,0
20211209T,5537.296166062355,5537.296166062355,5537.296166062355,5537.296166062355,0
20211210T,6192.603759467602,6192.603759467602,6192.603759467602,6192.603759467602,0
20211211T,9288.64083045721,9288.64083045721,9288.64083045721,9288.64083045721,0
20211212T,5879.844157755375,5879.844157755375,5879.844157755375,5879.844157755375,0
20211213T,6607.658056855202,6607.658056855202,6607.658056855202,6607.658056855202,0
20211214T,6707.923761367798,6707.923761367798,6707.923761367798,6707.923761367798,0
20211215T,6690.135617017746,6690.135617017746,6690.135617017746,6690.135617017746,0
20211216T,4624.752040147781,4624.752040147781,4624.752040147781,4624.752040147781,0
20211217T,4275.764085114002,4275.764085114002,4275.764085114002,4275.764085114002,0
20211218T,3882.7607226371765,3882.7607226371765,3882.7607226371765,3882.7607226371765,0
20211219T,4102.666508316994,4102.666508316994,4102.666508316994,4102.666508316994,0
20211220T,4321.042335510254,4321.042335510254,4321.042335510254,4321.042335510254,0
20211221T,4923.8070459365845,4923.8070459365845,4923.8070459365845,4923.8070459365845,0
20211222T,4492.3149745464325,4492.3149745464325,4492.3149745464325,4492.3149745464325,0
20211223T,6629.633423626423,6629.633423626423,6629.633423626423,6629.633423626423,0
20211224T,3966.425759613514,3966.425759613514,3966.425759613514,3966.425759613514,0
20211225T,4425.236092746258,4425.236092746258,4425.236092746258,4425.236092746258,0
20211226T,3867.8802402615547,3867.8802402615547,3867.8802402615547,3867.8802402615547,0
20211227T,4027.62589263916,4027.62589263916,4027.62589263916,4027.62589263916,0
20211228T,4063.1567266583443,4063.1567266583443,4063.1567266583443,4063.1567266583443,0
20211229T,3840.2853456139565,3840.2853456139565,3840.2853456139565,3840.2853456139565,0
20211230T,3290.3270213603973,3290.3270213603973,3290.3270213603973,3290.3270213603973,0
20211231T,3601.8522891402245,3601.8522891402245,3601.8522891402245,3601.8522891402245,0
20220101T,4735.565735042095,4735.565735042095,4735.565735042095,4735.565735042095,0
20220102T,4387.733537971973,4387.733537971973,4387.733537971973,4387.733537971973,0
20220103T,4099.323458850384,4099.323458850384,4099.323458850384,4099.323458850384,0
20220104T,4148.4099287986755,4148.4099287986755,4148.4099287986755,4148.4099287986755,0
20220105T,4008.2722301483154,4008.2722301483154,4008.2722301483154,4008.2722301483154,0
20220106T,4220.746087431908,4220.746087431908,4220.746087431908,4220.746087431908,0
20220107T,4271.46138125658,4271.46138125658,4271.46138125658,4271.46138125658,0
20220108T,4137.8235765099525,4137.8235765099525,4137.8235765099525,4137.8235765099525,0
20220109T,4227.69727152586,4227.69727152586,4227.69727152586,4227.69727152586,0
20220110T,3552.043528854847,3552.043528854847,3552.043528854847,3552.043528854847,0
20220111T,4006.192849755287,4006.192849755287,4006.192849755287,4006.192849755287,0
20220112T,3836.8676342964172,3836.8676342964172,3836.8676342964172,3836.8676342964172,0
20220113T,4369.158764123917,4369.158764123917,4369.158764123917,4369.158764123917,0
20220114T,5746.489890992641,5746.489890992641,5746.489890992641,5746.489890992641,0
20220115T,6620.9937379956245,6620.9937379956245,6620.9937379956245,6620.9937379956245,0
20220116T,6958.059547960758,6958.059547960758,6958.059547960758,6958.059547960758,0
20220117T,7604.318060696125,7604.318060696125,7604.318060696125,7604.318060696125,0
20220118T,8161.5038877129555,8161.5038877129555,8161.5038877129555,8161.5038877129555,0
20220119T,8207.509982049465,8207.509982049465,8207.509982049465,8207.509982049465,0
20220120T,6473.848164975643,6473.848164975643,6473.848164975643,6473.848164975643,0
20220121T,6281.1198915839195,6281.1198915839195,6281.1198915839195,6281.1198915839195,0
20220122T,6713.098311781883,6713.098311781883,6713.098311781883,6713.098311781883,0
20220123T,7417.479798078537,7417.479798078537,7417.479798078537,7417.479798078537,0
20220124T,6560.299210011959,6560.299210011959,6560.299210011959,6560.299210011959,0
20220125T,6109.843016922474,6109.843016922474,6109.843016922474,6109.843016922474,0
20220126T,5589.245090246201,5589.245090246201,5589.245090246201,5589.245090246201,0
20220127T,5073.282676815987,5073.282676815987,5073.282676815987,5073.282676815987,0
20220128T,5595.9895005226135,5595.9895005226135,5595.9895005226135,5595.9895005226135,0
20220129T,4715.741093218327,4715.741093218327,4715.741093218327,4715.741093218327,0
20220130T,5763.436683356762,5763.436683356762,5763.436683356762,5763.436683356762,0
20220131T,5725.073051691055,5725.073051691055,5725.073051691055,5725.073051691055,0
20220201T,5429.167878270149,5429.167878270149,5429.167878270149,5429.167878270149,0
20220202T,5063.087851285934,5063.087851285934,5063.087851285934,5063.087851285934,0
20220203T,4461.054117321968,4461.054117321968,4461.054117321968,4461.054117321968,0
20220204T,5525.183780133724,5525.183780133724,5525.183780133724,5525.183780133724,0
20220205T,3883.401280939579,3883.401280939579,3883.401280939579,3883.401280939579,0
20220206T,5295.280887246132,5295.280887246132,5295.280887246132,5295.280887246132,0
20220207T,5285.391233861446,5285.391233861446,5285.391233861446,5285.391233861446,0
20220208T,6304.91777330637,6304.91777330637,6304.91777330637,6304.91777330637,0
20220209T,3894.5539395809174,3894.5539395809174,3894.5539395809174,3894.5539395809174,0
20220210T,4485.231594860554,4485.231594860554,4485.231594860554,4485.231594860554,0
20220211T,4624.150762498379,4624.150762498379,4624.150762498379,4624.150762498379,0
20220212T,7474.138063967228,7474.138063967228,7474.138063967228,7474.138063967228,0
20220213T,6617.972044706345,6617.972044706345,6617.972044706345,6617.972044706345,0
20220214T,4637.05977088213,4637.05977088213,4637.05977088213,4637.05977088213,0
20220215T,6243.428953766823,6243.428953766823,6243.428953766823,6243.428953766823,0
20220216T,5907.724789142609,5907.724789142609,5907.724789142609,5907.724789142609,0
20220217T,5596.161489903927,5596.161489903927,5596.161489903927,5596.161489903927,0
20220218T,8929.01149058342,8929.01149058342,8929.01149058342,8929.01149058342,0
20220219T,4214.7731564641,4214.7731564641,4214.7731564641,4214.7731564641,0
20220220T,11095.951971650124,11095.951971650124,11095.951971650124,11095.951971650124,0
20220221T,5183.142772674561,5183.142772674561,5183.142772674561,5183.142772674561,0
20220222T,4836.032843708992,4836.032843708992,4836.032843708992,4836.032843708992,0
20220223T,4830.67755651474,4830.67755651474,4830.67755651474,4830.67755651474,0
20220224T,3208.757233917713,3208.757233917713,3208.757233917713,3208.757233917713,0
20220225T,5891.1374653577805,5891.1374653577805,5891.1374653577805,5891.1374653577805,0
20220226T,3814.311727643013,3814.311727643013,3814.311727643013,3814.311727643013,0
20220227T,3863.7777554392815,3863.7777554392815,3863.7777554392815,3863.7777554392815,0
20220228T,4469.089299798012,4469.089299798012,4469.089299798012,4469.089299798012,0
20220301T,4165.070446550846,4165.070446550846,4165.070446550846,4165.070446550846,0
20220302T,3216.8755236268044,3216.8755236268044,3216.8755236268044,3216.8755236268044,0
20220303T,3783.420429587364,3783.420429587364,3783.420429587364,3783.420429587364,0
20220304T,3606.9814164042473,3606.9814164042473,3606.9814164042473,3606.9814164042473,0
20220305T,3392.1444100141525,3392.1444100141525,3392.1444100141525,3392.1444100141525,0
20220306T,3845.1657870411873,3845.1657870411873,3845.1657870411873,3845.1657870411873,0
20220307T,4460.964023172855,4460.964023172855,4460.964023172855,4460.964023172855,0
20220308T,5137.594806909561,5137.594806909561,5137.594806909561,5137.594806909561,0
20220309T,4666.785651087761,4666.785651087761,4666.785651087761,4666.785651087761,0
20220310T,5118.010663986206,5118.010663986206,5118.010663986206,5118.010663986206,0
20220311T,4205.644584536552,4205.644584536552,4205.644584536552,4205.644584536552,0
20220312T,5033.95706987381,5033.95706987381,5033.95706987381,5033.95706987381,0
20220313T,3775.971629023552,3775.971629023552,3775.971629023552,3775.971629023552,0
20220314T,3724.1160010695457,3724.1160010695457,3724.1160010695457,3724.1160010695457,0
20220315T,5090.128529727459,5090.128529727459,5090.128529727459,5090.128529727459,0
20220316T,3924.097554922104,3924.097554922104,3924.097554922104,3924.097554922104,0
20220317T,4574.438634574413,4574.438634574413,4574.438634574413,4574.438634574413,0
20220318T,4516.466299295425,4516.466299295425,4516.466299295425,4516.466299295425,0
20220319T,5000.373985648155,5000.373985648155,5000.373985648155,5000.373985648155,0
20220320T,4278.508046448231,4278.508046448231,4278.508046448231,4278.508046448231,0
20220321T,4386.8750475645065,4386.8750475645065,4386.8750475645065,4386.8750475645065,0
20220322T,4248.143253982067,4248.143253982067,4248.143253982067,4248.143253982067,0
20220323T,3223.15994733572,3223.15994733572,3223.15994733572,3223.15994733572,0
20220324T,3707.037534415722,3707.037534415722,3707.037534415722,3707.037534415722,0
20220325T,3116.8622856736183,3116.8622856736183,3116.8622856736183,3116.8622856736183,0
20220326T,3325.0746209025383,3325.0746209025383,3325.0746209025383,3325.0746209025383,0
20220327T,3897.81833422184,3897.81833422184,3897.81833422184,3897.81833422184,0
20220328T,3083.8345990777016,3083.8345990777016,3083.8345990777016,3083.8345990777016,0
20220329T,3428.436010301113,3428.436010301113,3428.436010301113,3428.436010301113,0
20220330T,2902.9179316163063,2902.9179316163063,2902.9179316163063,2902.9179316163063,0
20220331T,4348.65615105629,4348.65615105629,4348.65615105629,4348.65615105629,0
20220401T,3826.4545673131943,3826.4545673131943,3826.4545673131943,3826.4545673131943,0
20220402T,3837.2290220856667,3837.2290220856667,3837.2290220856667,3837.2290220856667,0
20220403T,3889.7044481635094,3889.7044481635094,3889.7044481635094,3889.7044481635094,0
20220404T,3185.8828756809235,3185.8828756809235,3185.8828756809235,3185.8828756809235,0
20220405T,3739.0300874710083,3739.0300874710083,3739.0300874710083,3739.0300874710083,0
20220406T,3414.302258014679,3414.302258014679,3414.302258014679,3414.302258014679,0
20220407T,3187.135685324669,3187.135685324669,3187.135685324669,3187.135685324669,0
20220408T,3146.1895408034325,3146.1895408034325,3146.1895408034325,3146.1895408034325,0
20220409T,3181.126713335514,3181.126713335514,3181.126713335514,3181.126713335514,0
20220410T,3226.0210366249084,3226.0210366249084,3226.0210366249084,3226.0210366249084,0
20220411T,3106.116870343685,3106.116870343685,3106.116870343685,3106.116870343685,0
20220412T,3075.799220621586,3075.799220621586,3075.799220621586,3075.799220621586,0
20220413T,3554.1736713647842,3554.1736713647842,3554.1736713647842,3554.1736713647842,0
20220414T,3625.1367955207825,3625.1367955207825,3625.1367955207825,3625.1367955207825,0
20220415T,3385.8642117977142,3385.8642117977142,3385.8642117977142,3385.8642117977142,0
20220416T,4067.2124783992767,4067.2124783992767,4067.2124783992767,4067.2124783992767,0
20220417T,4342.613849282265,4342.613849282265,4342.613849282265,4342.613849282265,0
20220418T,4992.702799141407,4992.702799141407,4992.702799141407,4992.702799141407,0
20220419T,6172.793265223503,6172.793265223503,6172.793265223503,6172.793265223503,0
20220420T,7013.997107803822,7013.997107803822,7013.997107803822,7013.997107803822,0
20220421T,7602.927394211292,7602.927394211292,7602.927394211292,7602.927394211292,0
20220422T,4865.910080134869,4865.910080134869,4865.910080134869,4865.910080134869,0
20220423T,5209.0550746917725,5209.0550746917725,5209.0550746917725,5209.0550746917725,0
20220424T,4728.178802788258,4728.178802788258,4728.178802788258,4728.178802788258,0
20220425T,3821.9330273270607,3821.9330273270607,3821.9330273270607,3821.9330273270607,0
20220426T,4116.228656589985,4116.228656589985,4116.228656589985,4116.228656589985,0
20220427T,4001.988312423229,4001.988312423229,4001.988312423229,4001.988312423229,0
20220428T,3464.326531112194,3464.326531112194,3464.326531112194,3464.326531112194,0
20220429T,4172.296177268028,4172.296177268028,4172.296177268028,4172.296177268028,0
20220430T,3743.8836673498154,3743.8836673498154,3743.8836673498154,3743.8836673498154,0
20220501T,8217.592948481397,8217.592948481397,8217.592948481397,8217.592948481397,0
20220502T,6015.877210821869,6015.877210821869,6015.877210821869,6015.877210821869,0
20220503T,5372.767171893851,5372.767171893851,5372.767171893851,5372.767171893851,0
20220504T,7430.041932354914,7430.041932354914,7430.041932354914,7430.041932354914,0
20220505T,8202.403095167596,8202.403095167596,8202.403095167596,8202.403095167596,0
20220506T,8226.11680240056,8226.11680240056,8226.11680240056,8226.11680240056,0
20220507T,5808.9510864787735,5808.9510864787735,5808.9510864787735,5808.9510864787735,0
20220508T,5129.678248524666,5129.678248524666,5129.678248524666,5129.678248524666,0
20220509T,6394.352859577164,6394.352859577164,6394.352859577164,6394.352859577164,0
20220510T,6464.393229076377,6464.393229076377,6464.393229076377,6464.393229076377,0
20220511T,6916.457521105738,6916.457521105738,6916.457521105738,6916.457521105738,0
20220512T,6568.068745480734,6568.068745480734,6568.068745480734,6568.068745480734,0
20220513T,5710.568903468316,5710.568903468316,5710.568903468316,5710.568903468316,0
20220514T,4678.995869358769,4678.995869358769,4678.995869358769,4678.995869358769,0
20220515T,4486.398571660742,4486.398571660742,4486.398571660742,4486.398571660742,0
20220516T,12705.397500363426,12705.397500363426,12705.397500363426,12705.397500363426,0
20220517T,6336.087506873009,6336.087506873009,6336.087506873009,6336.087506873009,0
20220518T,5070.694801934995,5070.694801934995,5070.694801934995,5070.694801934995,0
20220519T,5297.633399213926,5297.633399213926,5297.633399213926,5297.633399213926,0
20220520T,5057.856041171122,5057.856041171122,5057.856041171122,5057.856041171122,0
20220521T,4373.408203456434,4373.408203456434,4373.408203456434,4373.408203456434,0
20220522T,4166.456597200478,4166.456597200478,4166.456597200478,4166.456597200478,0
20220523T,4879.869711446692,4879.869711446692,4879.869711446692,4879.869711446692,0
20220524T,5019.146836681757,5019.146836681757,5019.146836681757,5019.146836681757,0
20220525T,4035.220954913879,4035.220954913879,4035.220954913879,4035.220954913879,0
20220526T,5245.405086413841,5245.405086413841,5245.405086413841,5245.405086413841,0
20220527T,6396.149617413059,6396.149617413059,6396.149617413059,6396.149617413059,0
20220528T,4745.250745972153,4745.250745972153,4745.250745972153,4745.250745972153,0
20220529T,3705.084043176146,3705.084043176146,3705.084043176146,3705.084043176146,0
20220530T,4559.784604443703,4559.784604443703,4559.784604443703,4559.784604443703,0
20220531T,4809.58450909215,4809.58450909215,4809.58450909215,4809.58450909215,0
20220601T,5169.881120017992,5169.881120017992,5169.881120017992,5169.881120017992,0
20220602T,4386.383647875744,4386.383647875744,4386.383647875744,4386.383647875744,0
20220603T,4108.980902735093,4108.980902735093,4108.980902735093,4108.980902735093,0
20220604T,4163.331823379383,4163.331823379383,4163.331823379383,4163.331823379383,0
20220605T,4779.177543338636,4779.177543338636,4779.177543338636,4779.177543338636,0
20220606T,4231.2736439155415,4231.2736439155415,4231.2736439155415,4231.2736439155415,0
20220607T,3705.049112673383,3705.049112673383,3705.049112673383,3705.049112673383,0
20220608T,3819.0812391212676,3819.0812391212676,3819.0812391212676,3819.0812391212676,0
20220609T,3827.3957774525043,3827.3957774525043,3827.3957774525043,3827.3957774525043,0
20220610T,4443.52905036509,4443.52905036509,4443.52905036509,4443.52905036509,0
20220611T,5149.601113795463,5149.601113795463,5149.601113795463,5149.601113795463,0
20220612T,4842.106636183336,4842.106636183336,4842.106636183336,4842.106636183336,0
20220613T,7251.152011417849,7251.152011417849,7251.152011417849,7251.152011417849,0
20220614T,5927.0028124675155,5927.0028124675155,5927.0028124675155,5927.0028124675155,0
20220615T,5657.221503567067,5657.221503567067,5657.221503567067,5657.221503567067,0
20220616T,4103.950992857106,4103.950992857106,4103.950992857106,4103.950992857106,0
20220617T,4047.9683637951966,4047.9683637951966,4047.9683637951966,4047.9683637951966,0
20220618T,5610.014008725149,5610.014008725149,5610.014008725149,5610.014008725149,0
20220619T,4318.832941405475,4318.832941405475,4318.832941405475,4318.832941405475,0
20220620T,4460.901148354664,4460.901148354664,4460.901148354664,4460.901148354664,0
20220621T,4241.406957067258,4241.406957067258,4241.406957067258,4241.406957067258,0
20220622T,4357.264893358573,4357.264893358573,4357.264893358573,4357.264893358573,0
20220623T,3657.1502755745314,3657.1502755745314,3657.1502755745314,3657.1502755745314,0
20220624T,4600.773591425968,4600.773591425968,4600.773591425968,4600.773591425968,0
20220625T,3299.0719233538953,3299.0719233538953,3299.0719233538953,3299.0719233538953,0
20220626T,3511.461149122566,3511.461149122566,3511.461149122566,3511.461149122566,0
20220627T,3381.9791368225124,3381.9791368225124,3381.9791368225124,3381.9791368225124,0
20220628T,3734.2069738311693,3734.2069738311693,3734.2069738311693,3734.2069738311693,0
20220629T,4072.3327252101153,4072.3327252101153,4072.3327252101153,4072.3327252101153,0
20220630T,3268.1470974818803,3268.1470974818803,3268.1470974818803,3268.1470974818803,0
20220701T,3578.9881171633024,3578.9881171633024,3578.9881171633024,3578.9881171633024,0
20220702T,2968.863263009116,2968.863263009116,2968.863263009116,2968.863263009116,0
20220703T,3068.9086335333996,3068.9086335333996,3068.9086335333996,3068.9086335333996,0
20220704T,3099.280532255536,3099.280532255536,3099.280532255536,3099.280532255536,0
20220705T,3180.157740709139,3180.157740709139,3180.157740709139,3180.157740709139,0
20220706T,3464.778155746055,3464.778155746055,3464.778155746055,3464.778155746055,0
20220707T,3543.9224316770706,3543.9224316770706,3543.9224316770706,3543.9224316770706,0
20220708T,11661.675578577444,11661.675578577444,11661.675578577444,11661.675578577444,0
20220709T,15973.899733671948,15973.899733671948,15973.899733671948,15973.899733671948,0
20220710T,16870.11630941651,16870.11630941651,16870.11630941651,16870.11630941651,0
20220711T,17005.98335605918,17005.98335605918,17005.98335605918,17005.98335605918,0
20220712T,5722.548847255763,5722.548847255763,5722.548847255763,5722.548847255763,0
20220713T,4477.61467916402,4477.61467916402,4477.61467916402,4477.61467916402,0
20220714T,3910.4998715048423,3910.4998715048423,3910.4998715048423,3910.4998715048423,0
20220715T,3545.1735178471863,3545.1735178471863,3545.1735178471863,3545.1735178471863,0
20220716T,3537.616546388963,3537.616546388963,3537.616546388963,3537.616546388963,0
20220717T,2803.872135085985,2803.872135085985,2803.872135085985,2803.872135085985,0
20220718T,4011.6744761115406,4011.6744761115406,4011.6744761115406,4011.6744761115406,0
20220719T,3831.4935188870877,3831.4935188870877,3831.4935188870877,3831.4935188870877,0
20220720T,3234.281053339597,3234.281053339597,3234.281053339597,3234.281053339597,0
20220721T,3475.7010779399425,3475.7010779399425,3475.7010779399425,3475.7010779399425,0
20220722T,3226.8795104930177,3226.8795104930177,3226.8795104930177,3226.8795104930177,0
20220723T,2999.1908649476245,2999.1908649476245,2999.1908649476245,2999.1908649476245,0
20220724T,2836.5496763484553,2836.5496763484553,2836.5496763484553,2836.5496763484553,0
20220725T,3396.4099583486095,3396.4099583486095,3396.4099583486095,3396.4099583486095,0
20220726T,3941.0290778461203,3941.0290778461203,3941.0290778461203,3941.0290778461203,0
20220727T,4170.037985194009,4170.037985194009,4170.037985194009,4170.037985194009,0
20220728T,7541.348911974084,7541.348911974084,7541.348911974084,7541.348911974084,0
20220729T,6184.894347292138,6184.894347292138,6184.894347292138,6184.894347292138,0
20220730T,5344.394184070639,5344.394184070639,5344.394184070639,5344.394184070639,0
20220731T,3758.4131893551676,3758.4131893551676,3758.4131893551676,3758.4131893551676,0
20220801T,6033.082943081623,6033.082943081623,6033.082943081623,6033.082943081623,0
20220802T,3433.453575761523,3433.453575761523,3433.453575761523,3433.453575761523,0
20220803T,3475.7611443437636,3475.7611443437636,3475.7611443437636,3475.7611443437636,0
20220804T,3483.6791497394443,3483.6791497394443,3483.6791497394443,3483.6791497394443,0
20220805T,3513.3377257874236,3513.3377257874236,3513.3377257874236,3513.3377257874236,0
20220806T,3754.9318929337896,3754.9318929337896,3754.9318929337896,3754.9318929337896,0
20220807T,3653.3061056563165,3653.3061056563165,3653.3061056563165,3653.3061056563165,0
20220808T,4005.4826915268786,4005.4826915268786,4005.4826915268786,4005.4826915268786,0
20220809T,3587.261750162812,3587.261750162812,3587.261750162812,3587.261750162812,0
20220810T,4252.1740901386365,4252.1740901386365,4252.1740901386365,4252.1740901386365,0
20220811T,6518.933038851712,6518.933038851712,6518.933038851712,6518.933038851712,0
20220812T,5796.563405253459,5796.563405253459,5796.563405253459,5796.563405253459,0
20220813T,5155.056343290955,5155.056343290955,5155.056343290955,5155.056343290955,0
20220814T,3880.171400707215,3880.171400707215,3880.171400707215,3880.171400707215,0
20220815T,4493.508463782375,4493.508463782375,4493.508463782375,4493.508463782375,0
20220816T,4373.814547067275,4373.814547067275,4373.814547067275,4373.814547067275,0
20220817T,4335.265982542303,4335.265982542303,4335.265982542303,4335.265982542303,0
20220818T,4016.6395316324197,4016.6395316324197,4016.6395316324197,4016.6395316324197,0
20220819T,6837.591415986652,6837.591415986652,6837.591415986652,6837.591415986652,0
20220820T,8668.448442750261,8668.448442750261,8668.448442750261,8668.448442750261,0
20220821T,9309.003122167895,9309.003122167895,9309.003122167895,9309.003122167895,0
20220822T,4284.438569415361,4284.438569415361,4284.438569415361,4284.438569415361,0
20220823T,4094.813624808565,4094.813624808565,4094.813624808565,4094.813624808565,0
20220824T,4183.561557087698,4183.561557087698,4183.561557087698,4183.561557087698,0
20220825T,4409.464966634288,4409.464966634288,4409.464966634288,4409.464966634288,0
20220826T,6521.980985183269,6521.980985183269,6521.980985183269,6521.980985183269,0
20220827T,3938.554586465936,3938.554586465936,3938.554586465936,3938.554586465936,0
20220828T,2783.296412256779,2783.296412256779,2783.296412256779,2783.296412256779,0
20220829T,7702.1795662338845,7702.1795662338845,7702.1795662338845,7702.1795662338845,0
20220830T,8135.166770858108,8135.166770858108,8135.166770858108,8135.166770858108,0
20220831T,4260.232807561522,4260.232807561522,4260.232807561522,4260.232807561522,0
20220901T,4233.062112877378,4233.062112877378,4233.062112877378,4233.062112877378,0
20220902T,5273.728969554068,5273.728969554068,5273.728969554068,5273.728969554068,0
20220903T,4418.488640936528,4418.488640936528,4418.488640936528,4418.488640936528,0
20220904T,3862.8128314810897,3862.8128314810897,3862.8128314810897,3862.8128314810897,0
20220905T,4425.220190203749,4425.220190203749,4425.220190203749,4425.220190203749,0
20220906T,5734.951896121027,5734.951896121027,5734.951896121027,5734.951896121027,0
20220907T,6251.759841204388,6251.759841204388,6251.759841204388,6251.759841204388,0
20220908T,5414.966756403446,5414.966756403446,5414.966756403446,5414.966756403446,0
20220909T,4656.346549874637,4656.346549874637,4656.346549874637,4656.346549874637,0
20220910T,5701.367223438807,5701.367223438807,5701.367223438807,5701.367223438807,0
20220911T,5205.855839425232,5205.855839425232,5205.855839425232,5205.855839425232,0
20220912T,4368.801902718609,4368.801902718609,4368.801902718609,4368.801902718609,0
20220913T,5338.036818605877,5338.036818605877,5338.036818605877,5338.036818605877,0
20220914T,7244.816807912663,7244.816807912663,7244.816807912663,7244.816807912663,0
20220915T,17558.868638086453,17558.868638086453,17558.868638086453,17558.868638086453,0
20220916T,8153.07153627259,8153.07153627259,8153.07153627259,8153.07153627259,0
20220917T,5019.639172790048,5019.639172790048,5019.639172790048,5019.639172790048,0
20220918T,6795.773204457946,6795.773204457946,6795.773204457946,6795.773204457946,0
20220919T,6366.756749208551,6366.756749208551,6366.756749208551,6366.756749208551,0
20220920T,6386.879305455368,6386.879305455368,6386.879305455368,6386.879305455368,0
20220921T,4723.176959868928,4723.176959868928,4723.176959868928,4723.176959868928,0
20220922T,4020.398456165218,4020.398456165218,4020.398456165218,4020.398456165218,0
20220923T,4260.462694126647,4260.462694126647,4260.462694126647,4260.462694126647,0
20220924T,7868.4590168662835,7868.4590168662835,7868.4590168662835,7868.4590168662835,0
20220925T,6125.8757049541455,6125.8757049541455,6125.8757049541455,6125.8757049541455,0
20220926T,4474.669868447818,4474.669868447818,4474.669868447818,4474.669868447818,0
20220927T,4056.282663308084,4056.282663308084,4056.282663308084,4056.282663308084,0
20220928T,4999.391490016831,4999.391490016831,4999.391490016831,4999.391490016831,0
20220929T,4706.209694503574,4706.209694503574,4706.209694503574,4706.209694503574,0
20220930T,5694.438685636269,5694.438685636269,5694.438685636269,5694.438685636269,0
20221001T,3812.7084750891663,3812.7084750891663,3812.7084750891663,3812.7084750891663,0
20221002T,2993.178675275063,2993.178675275063,2993.178675275063,2993.178675275063,0
20221003T,3670.519122367725,3670.519122367725,3670.519122367725,3670.519122367725,0
20221004T,3780.469232521602,3780.469232521602,3780.469232521602,3780.469232521602,0
20221005T,3900.4445472490042,3900.4445472490042,3900.4445472490042,3900.4445472490042,0
20221006T,3497.970458556898,3497.970458556898,3497.970458556898,3497.970458556898,0
20221007T,4119.256023958325,4119.256023958325,4119.256023958325,4119.256023958325,0
20221008T,2955.613831632887,2955.613831632887,2955.613831632887,2955.613831632887,0
20221009T,4358.697709291941,4358.697709291941,4358.697709291941,4358.697709291941,0
20221010T,4941.7525853361,4941.7525853361,4941.7525853361,4941.7525853361,0
20221011T,4965.118413187098,4965.118413187098,4965.118413187098,4965.118413187098,0
20221012T,3622.64660364436,3622.64660364436,3622.64660364436,3622.64660364436,0
20221013T,4371.686410654336,4371.686410654336,4371.686410654336,4371.686410654336,0
20221014T,5586.377645923843,5586.377645923843,5586.377645923843,5586.377645923843,0
20221015T,5888.156063288916,5888.156063288916,5888.156063288916,5888.156063288916,0
20221016T,3825.529698494589,3825.529698494589,3825.529698494589,3825.529698494589,0
20221017T,4292.362096461467,4292.362096461467,4292.362096461467,4292.362096461467,0
20221018T,4633.484753583558,4633.484753583558,4633.484753583558,4633.484753583558,0
20221019T,5398.621876748279,5398.621876748279,5398.621876748279,5398.621876748279,0
20221020T,4037.7963560415665,4037.7963560415665,4037.7963560415665,4037.7963560415665,0
20221021T,3754.09626099281,3754.09626099281,3754.09626099281,3754.09626099281,0
20221022T,3579.874536198098,3579.874536198098,3579.874536198098,3579.874536198098,0
20221023T,3286.032716171816,3286.032716171816,3286.032716171816,3286.032716171816,0
20221024T,3726.9366312879138,3726.9366312879138,3726.9366312879138,3726.9366312879138,0
20221025T,8304.15240543196,8304.15240543196,8304.15240543196,8304.15240543196,0
20221026T,8970.342958599795,8970.342958599795,8970.342958599795,8970.342958599795,0
20221027T,4844.08529068646,4844.08529068646,4844.08529068646,4844.08529068646,0
20221028T,5538.422894872259,5538.422894872259,5538.422894872259,5538.422894872259,0
20221029T,4598.009803713125,4598.009803713125,4598.009803713125,4598.009803713125,0
20221030T,4761.6088525406085,4761.6088525406085,4761.6088525406085,4761.6088525406085,0
20221031T,5267.549499076558,5267.549499076558,5267.549499076558,5267.549499076558,0
20221101T,4494.786919890903,4494.786919890903,4494.786919890903,4494.786919890903,0
20221102T,3565.848345898092,3565.848345898092,3565.848345898092,3565.848345898092,0
20221103T,4640.504256390268,4640.504256390268,4640.504256390268,4640.504256390268,0
20221104T,4423.558940581046,4423.558940581046,4423.558940581046,4423.558940581046,0
20221105T,3723.347876590444,3723.347876590444,3723.347876590444,3723.347876590444,0
20221106T,3264.4881109655835,3264.4881109655835,3264.4881109655835,3264.4881109655835,0
20221107T,3580.227464471478,3580.227464471478,3580.227464471478,3580.227464471478,0
20221108T,4241.205980005208,4241.205980005208,4241.205980005208,4241.205980005208,0
20221109T,8760.831342533376,8760.831342533376,8760.831342533376,8760.831342533376,0
20221110T,5476.186819848139,5476.186819848139,5476.186819848139,5476.186819848139,0
20221111T,4585.589308940282,4585.589308940282,4585.589308940282,4585.589308940282,0
20221112T,3881.5098631484434,3881.5098631484434,3881.5098631484434,3881.5098631484434,0
20221113T,4426.727505129413,4426.727505129413,4426.727505129413,4426.727505129413,0
20221114T,4623.09430125542,4623.09430125542,4623.09430125542,4623.09430125542,0
20221115T,4065.9669770021283,4065.9669770021283,4065.9669770021283,4065.9669770021283,0
20221116T,3389.9978677502368,3389.9978677502368,3389.9978677502368,3389.9978677502368,0
20221117T,7292.922881292179,7292.922881292179,7292.922881292179,7292.922881292179,0
20221118T,3534.4316369727094,3534.4316369727094,3534.4316369727094,3534.4316369727094,0
20221119T,3370.6650538684335,3370.6650538684335,3370.6650538684335,3370.6650538684335,0
20221120T,5145.574077915284,5145.574077915284,5145.574077915284,5145.574077915284,0
20221121T,4750.045326229301,4750.045326229301,4750.045326229301,4750.045326229301,0
20221122T,4417.054633293301,4417.054633293301,4417.054633293301,4417.054633293301,0
20221123T,6597.351251533721,6597.351251533721,6597.351251533721,6597.351251533721,0
20221124T,6635.700438960455,6635.700438960455,6635.700438960455,6635.700438960455,0
20221125T,4444.109297839925,4444.109297839925,4444.109297839925,4444.109297839925,0
20221126T,3874.4262082916684,3874.4262082916684,3874.4262082916684,3874.4262082916684,0
20221127T,2861.4674774236046,2861.4674774236046,2861.4674774236046,2861.4674774236046,0
20221128T,3286.2773636588827,3286.2773636588827,3286.2773636588827,3286.2773636588827,0
20221129T,3964.4585477113724,3964.4585477113724,3964.4585477113724,3964.4585477113724,0
20221130T,3579.9116451188747,3579.9116451188747,3579.9116451188747,3579.9116451188747,0
20221201T,3018.6461877427064,3018.6461877427064,3018.6461877427064,3018.6461877427064,0
20221202T,2964.801743572112,2964.801743572112,2964.801743572112,2964.801743572112,0
20221203T,2294.6375218974426,2294.6375218974426,2294.6375218974426,2294.6375218974426,0
20221204T,2087.326941969208,2087.326941969208,2087.326941969208,2087.326941969208,0
20221205T,2334.5319250067696,2334.5319250067696,2334.5319250067696,2334.5319250067696,0
20221206T,2366.511510058306,2366.511510058306,2366.511510058306,2366.511510058306,0
20221207T,2580.511213139922,2580.511213139922,2580.511213139922,2580.511213139922,0
20221208T,2747.0482478027698,2747.0482478027698,2747.0482478027698,2747.0482478027698,0
20221209T,3247.8696822074708,3247.8696822074708,3247.8696822074708,3247.8696822074708,0
20221210T,2753.914003206417,2753.914003206417,2753.914003206417,2753.914003206417,0
20221211T,2259.6657280055806,2259.6657280055806,2259.6657280055806,2259.6657280055806,0
20221212T,4171.335306336812,4171.335306336812,4171.335306336812,4171.335306336812,0
20221213T,4922.043189582881,4922.043189582881,4922.043189582881,4922.043189582881,0
20221214T,4540.297930683009,4540.297930683009,4540.297930683009,4540.297930683009,0
20221215T,4388.917840006296,4388.917840006296,4388.917840006296,4388.917840006296,0
20221216T,4521.410155696678,4521.410155696678,4521.410155696678,4521.410155696678,0
20221217T,5032.3344212939555,5032.3344212939555,5032.3344212939555,5032.3344212939555,0
20221218T,3279.042596761603,3279.042596761603,3279.042596761603,3279.042596761603,0
20221219T,4622.663090585498,4622.663090585498,4622.663090585498,4622.663090585498,0
20221220T,5244.799601265433,5244.799601265433,5244.799601265433,5244.799601265433,0
20221221T,5226.300347280689,5226.300347280689,5226.300347280689,5226.300347280689,0
20221222T,4989.739112070762,4989.739112070762,4989.739112070762,4989.739112070762,0
20221223T,4523.018744773697,4523.018744773697,4523.018744773697,4523.018744773697,0
20221224T,8468.683191693388,8468.683191693388,8468.683191693388,8468.683191693388,0
20221225T,7485.665615468286,7485.665615468286,7485.665615468286,7485.665615468286,0
20221226T,4744.701045422698,4744.701045422698,4744.701045422698,4744.701045422698,0
20221227T,2514.614598840475,2514.614598840475,2514.614598840475,2514.614598840475,0
20221228T,5017.574351173738,5017.574351173738,5017.574351173738,5017.574351173738,0
20221229T,4895.54405295325,4895.54405295325,4895.54405295325,4895.54405295325,0
20221230T,7464.056167476578,7464.056167476578,7464.056167476578,7464.056167476578,0
20221231T,7896.6138918159995,7896.6138918159995,7896.6138918159995,7896.6138918159995,0
20230101T,4700.921658786014,4700.921658786014,4700.921658786014,4700.921658786014,0
20230102T,4279.510178588152,4279.510178588152,4279.510178588152,4279.510178588152,0
20230103T,5170.0396269429475,5170.0396269429475,5170.0396269429475,5170.0396269429475,0
20230104T,8021.987551756436,8021.987551756436,8021.987551756436,8021.987551756436,0
20230105T,5592.931890082313,5592.931890082313,5592.931890082313,5592.931890082313,0
20230106T,11053.279316758271,11053.279316758271,11053.279316758271,11053.279316758271,0
20230107T,4044.388551330194,4044.388551330194,4044.388551330194,4044.388551330194,0
20230108T,4932.117261175998,4932.117261175998,4932.117261175998,4932.117261175998,0
20230109T,6051.869443831267,6051.869443831267,6051.869443831267,6051.869443831267,0
20230110T,4493.740905855782,4493.740905855782,4493.740905855782,4493.740905855782,0
20230111T,4655.1673775727395,4655.1673775727395,4655.1673775727395,4655.1673775727395,0
20230112T,4916.775981983636,4916.775981983636,4916.775981983636,4916.775981983636,0
20230113T,7131.753288284875,7131.753288284875,7131.753288284875,7131.753288284875,0
20230114T,11933.18740691425,11933.18740691425,11933.18740691425,11933.18740691425,0
20230115T,4660.082769820001,4660.082769820001,4660.082769820001,4660.082769820001,0
20230116T,7171.295289001893,7171.295289001893,7171.295289001893,7171.295289001893,0
20230117T,5763.2147407839075,5763.2147407839075,5763.2147407839075,5763.2147407839075,0
20230118T,4757.504521747353,4757.504521747353,4757.504521747353,4757.504521747353,0
20230119T,5120.3754045479,5120.3754045479,5120.3754045479,5120.3754045479,0
20230120T,4605.121039855061,4605.121039855061,4605.121039855061,4605.121039855061,0
20230121T,3961.774264984764,3961.774264984764,3961.774264984764,3961.774264984764,0
20230122T,3857.9498042492196,3857.9498042492196,3857.9498042492196,3857.9498042492196,0
20230123T,5829.10507971773,5829.10507971773,5829.10507971773,5829.10507971773,0
20230124T,7475.045473201288,7475.045473201288,7475.045473201288,7475.045473201288,0
20230125T,5978.917808032158,5978.917808032158,5978.917808032158,5978.917808032158,0
20230126T,3837.803213794592,3837.803213794592,3837.803213794592,3837.803213794592,0
20230127T,4181.944181708619,4181.944181708619,4181.944181708619,4181.944181708619,0
20230128T,3478.90481806919,3478.90481806919,3478.90481806919,3478.90481806919,0
20230129T,3797.902091070544,3797.902091070544,3797.902091070544,3797.902091070544,0
20230130T,9835.869990246138,9835.869990246138,9835.869990246138,9835.869990246138,0
20230131T,8516.192408093368,8516.192408093368,8516.192408093368,8516.192408093368,0
20230201T,5002.339463670971,5002.339463670971,5002.339463670971,5002.339463670971,0
20230202T,4412.247611308005,4412.247611308005,4412.247611308005,4412.247611308005,0
20230203T,3654.694182999432,3654.694182999432,3654.694182999432,3654.694182999432,0
20230204T,4788.201968957437,4788.201968957437,4788.201968957437,4788.201968957437,0
20230205T,5285.923800550867,5285.923800550867,5285.923800550867,5285.923800550867,0
20230206T,4797.692063873634,4797.692063873634,4797.692063873634,4797.692063873634,0
20230207T,6050.92560135643,6050.92560135643,6050.92560135643,6050.92560135643,0
