20200505T,156.90575075149536,156.90575075149536,156.90575075149536,156.90575075149536,0
20200506T,198.79064387083054,198.79064387083054,198.79064387083054,198.79064387083054,0
20200507T,259.49178844690323,259.49178844690323,259.49178844690323,259.49178844690323,0
20200508T,186.60921251773834,186.60921251773834,186.60921251773834,186.60921251773834,0
20200509T,162.42443597316742,162.42443597316742,162.42443597316742,162.42443597316742,0
20200510T,-56.39282435178757,-56.39282435178757,-56.39282435178757,-56.39282435178757,0
20200511T,93.77401220798492,93.77401220798492,93.77401220798492,93.77401220798492,0
20200512T,202.60026770830154,202.60026770830154,202.60026770830154,202.60026770830154,0
20200513T,130.37042945623398,130.37042945623398,130.37042945623398,130.37042945623398,0
20200514T,170.33869671821594,170.33869671821594,170.33869671821594,170.33869671821594,0
20200515T,95.14873135089874,95.14873135089874,95.14873135089874,95.14873135089874,0
20200516T,190.69650918245316,190.69650918245316,190.69650918245316,190.69650918245316,0
20200517T,185.9048040509224,185.9048040509224,185.9048040509224,185.9048040509224,0
20200518T,180.69343841075897,180.69343841075897,180.69343841075897,180.69343841075897,0
20200519T,171.30144554376602,171.30144554376602,171.30144554376602,171.30144554376602,0
20200520T,137.79629343748093,137.79629343748093,137.79629343748093,137.79629343748093,0
20200521T,112.02792865037918,112.02792865037918,112.02792865037918,112.02792865037918,0
20200522T,192.23198974132538,192.23198974132538,192.23198974132538,192.23198974132538,0
20200523T,163.05224126577377,163.05224126577377,163.05224126577377,163.05224126577377,0
20200524T,133.8248843550682,133.8248843550682,133.8248843550682,133.8248843550682,0
20200525T,410.1099730730057,410.1099730730057,410.1099730730057,410.1099730730057,0
20200526T,277.84051060676575,277.84051060676575,277.84051060676575,277.84051060676575,0
20200527T,258.62413787841797,258.62413787841797,258.62413787841797,258.62413787841797,0
20200528T,353.6798811554909,353.6798811554909,353.6798811554909,353.6798811554909,0
20200529T,296.56141167879105,296.56141167879105,296.56141167879105,296.56141167879105,0
20200530T,158.07973754405975,158.07973754405975,158.07973754405975,158.07973754405975,0
20200531T,142.49428313970566,142.49428313970566,142.49428313970566,142.49428313970566,0
20200601T,296.9510293006897,296.9510293006897,296.9510293006897,296.9510293006897,0
20200602T,181.26714199781418,181.26714199781418,181.26714199781418,181.26714199781418,0
20200603T,182.8195828795433,182.8195828795433,182.8195828795433,182.8195828795433,0
20200604T,184.39472007751465,184.39472007751465,184.39472007751465,184.39472007751465,0
20200605T,100.51169514656067,100.51169514656067,100.51169514656067,100.51169514656067,0
20200606T,135.32436609268188,135.32436609268188,135.32436609268188,135.32436609268188,0
20200607T,119.59350204467773,119.59350204467773,119.59350204467773,119.59350204467773,0
20200608T,188.19901376962662,188.19901376962662,188.19901376962662,188.19901376962662,0
20200609T,136.9299400448799,136.9299400448799,136.9299400448799,136.9299400448799,0
20200610T,194.3351952433586,194.3351952433586,194.3351952433586,194.3351952433586,0
20200611T,45.32125270366669,45.32125270366669,45.32125270366669,45.32125270366669,0
20200612T,109.59981191158295,109.59981191158295,109.59981191158295,109.59981191158295,0
20200613T,104.26172190904617,104.26172190904617,104.26172190904617,104.26172190904617,0
20200614T,136.47277826070786,136.47277826070786,136.47277826070786,136.47277826070786,0
20200615T,119.49570161104202,119.49570161104202,119.49570161104202,119.49570161104202,0
20200616T,321.04336965084076,321.04336965084076,321.04336965084076,321.04336965084076,0
20200617T,372.34017157554626,372.34017157554626,372.34017157554626,372.34017157554626,0
20200618T,321.31151390075684,321.31151390075684,321.31151390075684,321.31151390075684,0
20200619T,314.4718850851059,314.4718850851059,314.4718850851059,314.4718850851059,0
20200620T,169.5324728488922,169.5324728488922,169.5324728488922,169.5324728488922,0
20200621T,150.3270418047905,150.3270418047905,150.3270418047905,150.3270418047905,0
20200622T,217.61145931482315,217.61145931482315,217.61145931482315,217.61145931482315,0
20200623T,211.14158511161804,211.14158511161804,211.14158511161804,211.14158511161804,0
20200624T,173.68018585443497,173.68018585443497,173.68018585443497,173.68018585443497,0
20200625T,149.16835433244705,149.16835433244705,149.16835433244705,149.16835433244705,0
20200626T,153.14268243312836,153.14268243312836,153.14268243312836,153.14268243312836,0
20200627T,141.50869238376617,141.50869238376617,141.50869238376617,141.50869238376617,0
20200628T,279.1323406100273,279.1323406100273,279.1323406100273,279.1323406100273,0
20200629T,109.46510744094849,109.46510744094849,109.46510744094849,109.46510744094849,0
20200630T,130.99115478992462,130.99115478992462,130.99115478992462,130.99115478992462,0
20200701T,221.2868391275406,221.2868391275406,221.2868391275406,221.2868391275406,0
20200702T,141.44826221466064,141.44826221466064,141.44826221466064,141.44826221466064,0
20200703T,141.80145466327667,141.80145466327667,141.80145466327667,141.80145466327667,0
20200704T,165.083791077137,165.083791077137,165.083791077137,165.083791077137,0
20200705T,161.94904559850693,161.94904559850693,161.94904559850693,161.94904559850693,0
20200706T,349.24187129735947,349.24187129735947,349.24187129735947,349.24187129735947,0
20200707T,289.0753565430641,289.0753565430641,289.0753565430641,289.0753565430641,0
20200708T,336.97421729564667,336.97421729564667,336.97421729564667,336.97421729564667,0
20200709T,224.68559604883194,224.68559604883194,224.68559604883194,224.68559604883194,0
20200710T,240.17345368862152,240.17345368862152,240.17345368862152,240.17345368862152,0
20200711T,228.77090054750443,228.77090054750443,228.77090054750443,228.77090054750443,0
20200712T,169.07126241922379,169.07126241922379,169.07126241922379,169.07126241922379,0
20200713T,236.78523534536362,236.78523534536362,236.78523534536362,236.78523534536362,0
20200714T,373.0105878710747,373.0105878710747,373.0105878710747,373.0105878710747,0
20200715T,420.3017382621765,420.3017382621765,420.3017382621765,420.3017382621765,0
20200716T,303.6925110220909,303.6925110220909,303.6925110220909,303.6925110220909,0
20200717T,182.81824451684952,182.81824451684952,182.81824451684952,182.81824451684952,0
20200718T,205.93318891525269,205.93318891525269,205.93318891525269,205.93318891525269,0
20200719T,186.8913945555687,186.8913945555687,186.8913945555687,186.8913945555687,0
20200720T,156.39947426319122,156.39947426319122,156.39947426319122,156.39947426319122,0
20200721T,264.91821587085724,264.91821587085724,264.91821587085724,264.91821587085724,0
20200722T,123.57155555486679,123.57155555486679,123.57155555486679,123.57155555486679,0
20200723T,259.5966970920563,259.5966970920563,259.5966970920563,259.5966970920563,0
20200724T,201.90468084812164,201.90468084812164,201.90468084812164,201.90468084812164,0
20200725T,249.0613089799881,249.0613089799881,249.0613089799881,249.0613089799881,0
20200726T,168.8255097270012,168.8255097270012,168.8255097270012,168.8255097270012,0
20200727T,223.6386022567749,223.6386022567749,223.6386022567749,223.6386022567749,0
20200728T,164.45471721887589,164.45471721887589,164.45471721887589,164.45471721887589,0
20200729T,167.86540204286575,167.86540204286575,167.86540204286575,167.86540204286575,0
20200730T,473.2064381837845,473.2064381837845,473.2064381837845,473.2064381837845,0
20200731T,289.31635934114456,289.31635934114456,289.31635934114456,289.31635934114456,0
20200801T,352.8220930695534,352.8220930695534,352.8220930695534,352.8220930695534,0
20200802T,209.48967498540878,209.48967498540878,209.48967498540878,209.48967498540878,0
20200803T,151.3537961244583,151.3537961244583,151.3537961244583,151.3537961244583,0
20200804T,269.15392446517944,269.15392446517944,269.15392446517944,269.15392446517944,0
20200805T,182.02510333061218,182.02510333061218,182.02510333061218,182.02510333061218,0
20200806T,263.66799902915955,263.66799902915955,263.66799902915955,263.66799902915955,0
20200807T,508.6202453970909,508.6202453970909,508.6202453970909,508.6202453970909,0
20200808T,498.82739651203156,498.82739651203156,498.82739651203156,498.82739651203156,0
20200809T,479.268405854702,479.268405854702,479.268405854702,479.268405854702,0
20200810T,284.8563980460167,284.8563980460167,284.8563980460167,284.8563980460167,0
20200811T,452.4642899632454,452.4642899632454,452.4642899632454,452.4642899632454,0
20200812T,247.96087789535522,247.96087789535522,247.96087789535522,247.96087789535522,0
20200813T,255.64606910943985,255.64606910943985,255.64606910943985,255.64606910943985,0
20200814T,105.50542497634888,105.50542497634888,105.50542497634888,105.50542497634888,0
20200815T,295.0383704304695,295.0383704304695,295.0383704304695,295.0383704304695,0
20200816T,179.90126234292984,179.90126234292984,179.90126234292984,179.90126234292984,0
20200817T,206.3288099169731,206.3288099169731,206.3288099169731,206.3288099169731,0
20200818T,277.1246055364609,277.1246055364609,277.1246055364609,277.1246055364609,0
20200819T,132.07037490606308,132.07037490606308,132.07037490606308,132.07037490606308,0
20200820T,231.2739943265915,231.2739943265915,231.2739943265915,231.2739943265915,0
20200821T,30.03534710407257,30.03534710407257,30.03534710407257,30.03534710407257,0
20200822T,80.46911007165909,80.46911007165909,80.46911007165909,80.46911007165909,0
20200823T,113.53673493862152,113.53673493862152,113.53673493862152,113.53673493862152,0
20200824T,201.79870927333832,201.79870927333832,201.79870927333832,201.79870927333832,0
20200825T,184.72417199611664,184.72417199611664,184.72417199611664,184.72417199611664,0
20200826T,215.4898220896721,215.4898220896721,215.4898220896721,215.4898220896721,0
20200827T,156.23258072137833,156.23258072137833,156.23258072137833,156.23258072137833,0
20200828T,153.93187588453293,153.93187588453293,153.93187588453293,153.93187588453293,0
20200829T,193.63055050373077,193.63055050373077,193.63055050373077,193.63055050373077,0
20200830T,136.18413090705872,136.18413090705872,136.18413090705872,136.18413090705872,0
20200831T,182.7228981256485,182.7228981256485,182.7228981256485,182.7228981256485,0
20200901T,253.26971399784088,253.26971399784088,253.26971399784088,253.26971399784088,0
20200902T,60.82052528858185,60.82052528858185,60.82052528858185,60.82052528858185,0
20200903T,110.76958215236664,110.76958215236664,110.76958215236664,110.76958215236664,0
20200904T,126.49301379919052,126.49301379919052,126.49301379919052,126.49301379919052,0
20200905T,41.38957017660141,41.38957017660141,41.38957017660141,41.38957017660141,0
20200906T,99.12175780534744,99.12175780534744,99.12175780534744,99.12175780534744,0
20200907T,169.59154456853867,169.59154456853867,169.59154456853867,169.59154456853867,0
20200908T,212.5000757575035,212.5000757575035,212.5000757575035,212.5000757575035,0
20200909T,149.24319249391556,149.24319249391556,149.24319249391556,149.24319249391556,0
20200910T,173.30539798736572,173.30539798736572,173.30539798736572,173.30539798736572,0
20200911T,152.9608714580536,152.9608714580536,152.9608714580536,152.9608714580536,0
20200912T,134.90878748893738,134.90878748893738,134.90878748893738,134.90878748893738,0
20200913T,195.0893012881279,195.0893012881279,195.0893012881279,195.0893012881279,0
20200914T,133.91501641273499,133.91501641273499,133.91501641273499,133.91501641273499,0
20200915T,234.21278834342957,234.21278834342957,234.21278834342957,234.21278834342957,0
20200916T,203.31500566005707,203.31500566005707,203.31500566005707,203.31500566005707,0
20200917T,16.680908977985382,16.680908977985382,16.680908977985382,16.680908977985382,0
20200918T,338.75853860378265,338.75853860378265,338.75853860378265,338.75853860378265,0
20200919T,253.23864823579788,253.23864823579788,253.23864823579788,253.23864823579788,0
20200920T,259.48487186431885,259.48487186431885,259.48487186431885,259.48487186431885,0
20200921T,169.83974438905716,169.83974438905716,169.83974438905716,169.83974438905716,0
20200922T,259.99406719207764,259.99406719207764,259.99406719207764,259.99406719207764,0
20200923T,169.8981664776802,169.8981664776802,169.8981664776802,169.8981664776802,0
20200924T,206.60388761758804,206.60388761758804,206.60388761758804,206.60388761758804,0
20200925T,149.59586036205292,149.59586036205292,149.59586036205292,149.59586036205292,0
20200926T,108.22636955976486,108.22636955976486,108.22636955976486,108.22636955976486,0
20200927T,134.77293956279755,134.77293956279755,134.77293956279755,134.77293956279755,0
20200928T,133.67211318016052,133.67211318016052,133.67211318016052,133.67211318016052,0
20200929T,174.30523771047592,174.30523771047592,174.30523771047592,174.30523771047592,0
20200930T,184.41042482852936,184.41042482852936,184.41042482852936,184.41042482852936,0
20201001T,409.18591594696045,409.18591594696045,409.18591594696045,409.18591594696045,0
20201002T,449.54793655872345,449.54793655872345,449.54793655872345,449.54793655872345,0
20201003T,210.3563889861107,210.3563889861107,210.3563889861107,210.3563889861107,0
20201004T,355.2632288336754,355.2632288336754,355.2632288336754,355.2632288336754,0
20201005T,498.8728474378586,498.8728474378586,498.8728474378586,498.8728474378586,0
20201006T,569.6329089403152,569.6329089403152,569.6329089403152,569.6329089403152,0
20201007T,573.7654595971107,573.7654595971107,573.7654595971107,573.7654595971107,0
20201008T,619.3689583539963,619.3689583539963,619.3689583539963,619.3689583539963,0
20201009T,418.6909601688385,418.6909601688385,418.6909601688385,418.6909601688385,0
20201010T,417.6724988222122,417.6724988222122,417.6724988222122,417.6724988222122,0
20201011T,300.08337396383286,300.08337396383286,300.08337396383286,300.08337396383286,0
20201012T,326.40139800310135,326.40139800310135,326.40139800310135,326.40139800310135,0
20201013T,262.7007316350937,262.7007316350937,262.7007316350937,262.7007316350937,0
20201014T,386.75957745313644,386.75957745313644,386.75957745313644,386.75957745313644,0
20201015T,343.3642328977585,343.3642328977585,343.3642328977585,343.3642328977585,0
20201016T,174.66342335939407,174.66342335939407,174.66342335939407,174.66342335939407,0
20201017T,201.3734370470047,201.3734370470047,201.3734370470047,201.3734370470047,0
20201018T,233.77192604541779,233.77192604541779,233.77192604541779,233.77192604541779,0
20201019T,284.14747619628906,284.14747619628906,284.14747619628906,284.14747619628906,0
20201020T,335.4696992635727,335.4696992635727,335.4696992635727,335.4696992635727,0
20201021T,367.19252383708954,367.19252383708954,367.19252383708954,367.19252383708954,0
20201022T,570.2884455919266,570.2884455919266,570.2884455919266,570.2884455919266,0
20201023T,362.60747188329697,362.60747188329697,362.60747188329697,362.60747188329697,0
20201024T,603.022524356842,603.022524356842,603.022524356842,603.022524356842,0
20201025T,226.33021450042725,226.33021450042725,226.33021450042725,226.33021450042725,0
20201026T,282.3052528500557,282.3052528500557,282.3052528500557,282.3052528500557,0
20201027T,287.87121230363846,287.87121230363846,287.87121230363846,287.87121230363846,0
20201028T,263.64138102531433,263.64138102531433,263.64138102531433,263.64138102531433,0
20201029T,302.35404086112976,302.35404086112976,302.35404086112976,302.35404086112976,0
20201030T,250.49543076753616,250.49543076753616,250.49543076753616,250.49543076753616,0
20201031T,177.89191615581512,177.89191615581512,177.89191615581512,177.89191615581512,0
20201101T,196.2149766087532,196.2149766087532,196.2149766087532,196.2149766087532,0
20201102T,236.53993648290634,236.53993648290634,236.53993648290634,236.53993648290634,0
20201103T,263.4764223098755,263.4764223098755,263.4764223098755,263.4764223098755,0
20201104T,478.75271356105804,478.75271356105804,478.75271356105804,478.75271356105804,0
20201105T,453.39760386943817,453.39760386943817,453.39760386943817,453.39760386943817,0
20201106T,415.4302558898926,415.4302558898926,415.4302558898926,415.4302558898926,0
20201107T,427.8230844140053,427.8230844140053,427.8230844140053,427.8230844140053,0
20201108T,371.040671646595,371.040671646595,371.040671646595,371.040671646595,0
20201109T,319.2190665602684,319.2190665602684,319.2190665602684,319.2190665602684,0
20201110T,733.6281638741493,733.6281638741493,733.6281638741493,733.6281638741493,0
20201111T,351.0370206832886,351.0370206832886,351.0370206832886,351.0370206832886,0
20201112T,341.3931320309639,341.3931320309639,341.3931320309639,341.3931320309639,0
20201113T,433.43018639087677,433.43018639087677,433.43018639087677,433.43018639087677,0
20201114T,329.93719387054443,329.93719387054443,329.93719387054443,329.93719387054443,0
20201115T,232.013019323349,232.013019323349,232.013019323349,232.013019323349,0
20201116T,369.74980866909027,369.74980866909027,369.74980866909027,369.74980866909027,0
20201117T,535.0149092674255,535.0149092674255,535.0149092674255,535.0149092674255,0
20201118T,517.7184304594994,517.7184304594994,517.7184304594994,517.7184304594994,0
20201119T,544.976268351078,544.976268351078,544.976268351078,544.976268351078,0
20201120T,457.8252612352371,457.8252612352371,457.8252612352371,457.8252612352371,0
20201121T,659.2071768045425,659.2071768045425,659.2071768045425,659.2071768045425,0
20201122T,521.5794368982315,521.5794368982315,521.5794368982315,521.5794368982315,0
20201123T,599.1097441315651,599.1097441315651,599.1097441315651,599.1097441315651,0
20201124T,563.909263074398,563.909263074398,563.909263074398,563.909263074398,0
20201125T,387.0890663266182,387.0890663266182,387.0890663266182,387.0890663266182,0
20201126T,200.44504153728485,200.44504153728485,200.44504153728485,200.44504153728485,0
20201127T,528.0574798583984,528.0574798583984,528.0574798583984,528.0574798583984,0
20201128T,355.2094890475273,355.2094890475273,355.2094890475273,355.2094890475273,0
20201129T,277.5141014456749,277.5141014456749,277.5141014456749,277.5141014456749,0
20201130T,392.87448543310165,392.87448543310165,392.87448543310165,392.87448543310165,0
20201201T,957.4958001375198,957.4958001375198,957.4958001375198,957.4958001375198,0
20201202T,550.1786416769028,550.1786416769028,550.1786416769028,550.1786416769028,0
20201203T,337.62729781866074,337.62729781866074,337.62729781866074,337.62729781866074,0
20201204T,369.451063811779,369.451063811779,369.451063811779,369.451063811779,0
20201205T,362.91335397958755,362.91335397958755,362.91335397958755,362.91335397958755,0
20201206T,279.5550355911255,279.5550355911255,279.5550355911255,279.5550355911255,0
20201207T,505.2531569004059,505.2531569004059,505.2531569004059,505.2531569004059,0
20201208T,431.033640563488,431.033640563488,431.033640563488,431.033640563488,0
20201209T,804.6494679450989,804.6494679450989,804.6494679450989,804.6494679450989,0
20201210T,550.9792046546936,550.9792046546936,550.9792046546936,550.9792046546936,0
20201211T,344.449786901474,344.449786901474,344.449786901474,344.449786901474,0
20201212T,413.75355768203735,413.75355768203735,413.75355768203735,413.75355768203735,0
20201213T,313.9580698609352,313.9580698609352,313.9580698609352,313.9580698609352,0
20201214T,289.5479850769043,289.5479850769043,289.5479850769043,289.5479850769043,0
20201215T,346.7556017637253,346.7556017637253,346.7556017637253,346.7556017637253,0
20201216T,383.18381983041763,383.18381983041763,383.18381983041763,383.18381983041763,0
20201217T,287.1514342427254,287.1514342427254,287.1514342427254,287.1514342427254,0
20201218T,320.58042311668396,320.58042311668396,320.58042311668396,320.58042311668396,0
20201219T,524.906032204628,524.906032204628,524.906032204628,524.906032204628,0
20201220T,315.4511551260948,315.4511551260948,315.4511551260948,315.4511551260948,0
20201221T,235.6512729525566,235.6512729525566,235.6512729525566,235.6512729525566,0
20201222T,325.5699771642685,325.5699771642685,325.5699771642685,325.5699771642685,0
20201223T,330.3576232790947,330.3576232790947,330.3576232790947,330.3576232790947,0
20201224T,444.56088280677795,444.56088280677795,444.56088280677795,444.56088280677795,0
20201225T,199.33912056684494,199.33912056684494,199.33912056684494,199.33912056684494,0
20201226T,193.2083102464676,193.2083102464676,193.2083102464676,193.2083102464676,0
20201227T,229.60022777318954,229.60022777318954,229.60022777318954,229.60022777318954,0
20201228T,751.8877894282341,751.8877894282341,751.8877894282341,751.8877894282341,0
20201229T,462.071875333786,462.071875333786,462.071875333786,462.071875333786,0
20201230T,374.87320429086685,374.87320429086685,374.87320429086685,374.87320429086685,0
20201231T,374.7035066485405,374.7035066485405,374.7035066485405,374.7035066485405,0
20210101T,300.12101101875305,300.12101101875305,300.12101101875305,300.12101101875305,0
20210102T,345.2499408721924,345.2499408721924,345.2499408721924,345.2499408721924,0
20210103T,306.2240346670151,306.2240346670151,306.2240346670151,306.2240346670151,0
20210104T,327.5036786198616,327.5036786198616,327.5036786198616,327.5036786198616,0
20210105T,574.5541597604752,574.5541597604752,574.5541597604752,574.5541597604752,0
20210106T,461.07766312360764,461.07766312360764,461.07766312360764,461.07766312360764,0
20210107T,423.677734375,423.677734375,423.677734375,423.677734375,0
20210108T,508.9936205148697,508.9936205148697,508.9936205148697,508.9936205148697,0
20210109T,424.3242336511612,424.3242336511612,424.3242336511612,424.3242336511612,0
20210110T,428.94398045539856,428.94398045539856,428.94398045539856,428.94398045539856,0
20210111T,156.01804220676422,156.01804220676422,156.01804220676422,156.01804220676422,0
20210112T,390.37620824575424,390.37620824575424,390.37620824575424,390.37620824575424,0
20210113T,348.67177003622055,348.67177003622055,348.67177003622055,348.67177003622055,0
20210114T,419.1584095954895,419.1584095954895,419.1584095954895,419.1584095954895,0
20210115T,302.2249383330345,302.2249383330345,302.2249383330345,302.2249383330345,0
20210116T,466.63412326574326,466.63412326574326,466.63412326574326,466.63412326574326,0
20210117T,256.4666141271591,256.4666141271591,256.4666141271591,256.4666141271591,0
20210118T,767.8538892269135,767.8538892269135,767.8538892269135,767.8538892269135,0
20210119T,509.5229588150978,509.5229588150978,509.5229588150978,509.5229588150978,0
20210120T,377.4454924464226,377.4454924464226,377.4454924464226,377.4454924464226,0
20210121T,284.27477115392685,284.27477115392685,284.27477115392685,284.27477115392685,0
20210122T,286.18801337480545,286.18801337480545,286.18801337480545,286.18801337480545,0
20210123T,415.8397982120514,415.8397982120514,415.8397982120514,415.8397982120514,0
20210124T,422.48295521736145,422.48295521736145,422.48295521736145,422.48295521736145,0
20210125T,413.3516694903374,413.3516694903374,413.3516694903374,413.3516694903374,0
20210126T,164.63420194387436,164.63420194387436,164.63420194387436,164.63420194387436,0
20210127T,335.4598613381386,335.4598613381386,335.4598613381386,335.4598613381386,0
20210128T,605.9121382832527,605.9121382832527,605.9121382832527,605.9121382832527,0
20210129T,601.9209789037704,601.9209789037704,601.9209789037704,601.9209789037704,0
20210130T,592.0217732787132,592.0217732787132,592.0217732787132,592.0217732787132,0
20210131T,497.1778410077095,497.1778410077095,497.1778410077095,497.1778410077095,0
20210201T,866.6907084584236,866.6907084584236,866.6907084584236,866.6907084584236,0
20210202T,623.6491506099701,623.6491506099701,623.6491506099701,623.6491506099701,0
20210203T,947.3216686844826,947.3216686844826,947.3216686844826,947.3216686844826,0
20210204T,1260.3880089521408,1260.3880089521408,1260.3880089521408,1260.3880089521408,0
20210205T,695.8698841333389,695.8698841333389,695.8698841333389,695.8698841333389,0
20210206T,436.66275799274445,436.66275799274445,436.66275799274445,436.66275799274445,0
20210207T,485.26546281576157,485.26546281576157,485.26546281576157,485.26546281576157,0
20210208T,508.011166870594,508.011166870594,508.011166870594,508.011166870594,0
20210209T,433.41730159521103,433.41730159521103,433.41730159521103,433.41730159521103,0
20210210T,323.9120582342148,323.9120582342148,323.9120582342148,323.9120582342148,0
20210211T,288.1045075058937,288.1045075058937,288.1045075058937,288.1045075058937,0
20210212T,378.7017739415169,378.7017739415169,378.7017739415169,378.7017739415169,0
20210213T,458.9124629497528,458.9124629497528,458.9124629497528,458.9124629497528,0
20210214T,331.13981717824936,331.13981717824936,331.13981717824936,331.13981717824936,0
20210215T,178.0809007883072,178.0809007883072,178.0809007883072,178.0809007883072,0
20210216T,461.84597516059875,461.84597516059875,461.84597516059875,461.84597516059875,0
20210217T,443.9401127099991,443.9401127099991,443.9401127099991,443.9401127099991,0
20210218T,520.2142356038094,520.2142356038094,520.2142356038094,520.2142356038094,0
20210219T,130.0906884074211,130.0906884074211,130.0906884074211,130.0906884074211,0
20210220T,348.0856551527977,348.0856551527977,348.0856551527977,348.0856551527977,0
20210221T,139.48698204755783,139.48698204755783,139.48698204755783,139.48698204755783,0
20210222T,-87.13043630123138,-87.13043630123138,-87.13043630123138,-87.13043630123138,0
20210223T,27.424047350883484,27.424047350883484,27.424047350883484,27.424047350883484,0
20210224T,329.3042684197426,329.3042684197426,329.3042684197426,329.3042684197426,0
20210225T,275.26513731479645,275.26513731479645,275.26513731479645,275.26513731479645,0
20210226T,249.1108996272087,249.1108996272087,249.1108996272087,249.1108996272087,0
20210227T,484.924453496933,484.924453496933,484.924453496933,484.924453496933,0
20210228T,206.70032995939255,206.70032995939255,206.70032995939255,206.70032995939255,0
20210301T,398.8808792233467,398.8808792233467,398.8808792233467,398.8808792233467,0
20210302T,402.4516772031784,402.4516772031784,402.4516772031784,402.4516772031784,0
20210303T,369.2296683192253,369.2296683192253,369.2296683192253,369.2296683192253,0
20210304T,289.51548594236374,289.51548594236374,289.51548594236374,289.51548594236374,0
20210305T,256.20118778944016,256.20118778944016,256.20118778944016,256.20118778944016,0
20210306T,277.0823074579239,277.0823074579239,277.0823074579239,277.0823074579239,0
20210307T,306.7875378727913,306.7875378727913,306.7875378727913,306.7875378727913,0
20210308T,406.3666657805443,406.3666657805443,406.3666657805443,406.3666657805443,0
20210309T,516.3457903265953,516.3457903265953,516.3457903265953,516.3457903265953,0
20210310T,282.6397751569748,282.6397751569748,282.6397751569748,282.6397751569748,0
20210311T,331.13231909275055,331.13231909275055,331.13231909275055,331.13231909275055,0
20210312T,146.50125008821487,146.50125008821487,146.50125008821487,146.50125008821487,0
20210313T,343.81138801574707,343.81138801574707,343.81138801574707,343.81138801574707,0
20210314T,240.54095828533173,240.54095828533173,240.54095828533173,240.54095828533173,0
20210315T,377.9073789715767,377.9073789715767,377.9073789715767,377.9073789715767,0
20210316T,327.82159942388535,327.82159942388535,327.82159942388535,327.82159942388535,0
20210317T,364.1764144897461,364.1764144897461,364.1764144897461,364.1764144897461,0
20210318T,238.97251790761948,238.97251790761948,238.97251790761948,238.97251790761948,0
20210319T,301.9875420331955,301.9875420331955,301.9875420331955,301.9875420331955,0
20210320T,361.5580801963806,361.5580801963806,361.5580801963806,361.5580801963806,0
20210321T,305.55134266614914,305.55134266614914,305.55134266614914,305.55134266614914,0
20210322T,278.9277542233467,278.9277542233467,278.9277542233467,278.9277542233467,0
20210323T,305.7289320230484,305.7289320230484,305.7289320230484,305.7289320230484,0
20210324T,105.36558264493942,105.36558264493942,105.36558264493942,105.36558264493942,0
20210325T,289.0070541501045,289.0070541501045,289.0070541501045,289.0070541501045,0
20210326T,205.5063591003418,205.5063591003418,205.5063591003418,205.5063591003418,0
20210327T,255.2555565237999,255.2555565237999,255.2555565237999,255.2555565237999,0
20210328T,175.68512219190598,175.68512219190598,175.68512219190598,175.68512219190598,0
20210329T,348.7044786810875,348.7044786810875,348.7044786810875,348.7044786810875,0
20210330T,392.17956656217575,392.17956656217575,392.17956656217575,392.17956656217575,0
20210331T,393.2636719942093,393.2636719942093,393.2636719942093,393.2636719942093,0
20210401T,237.55454355478287,237.55454355478287,237.55454355478287,237.55454355478287,0
20210402T,450.0420598387718,450.0420598387718,450.0420598387718,450.0420598387718,0
20210403T,398.54728692770004,398.54728692770004,398.54728692770004,398.54728692770004,0
20210404T,385.0292598605156,385.0292598605156,385.0292598605156,385.0292598605156,0
20210405T,403.5864242911339,403.5864242911339,403.5864242911339,403.5864242911339,0
20210406T,234.5197986960411,234.5197986960411,234.5197986960411,234.5197986960411,0
20210407T,374.049320936203,374.049320936203,374.049320936203,374.049320936203,0
20210408T,393.5900970697403,393.5900970697403,393.5900970697403,393.5900970697403,0
20210409T,290.8999767303467,290.8999767303467,290.8999767303467,290.8999767303467,0
20210410T,346.9677532315254,346.9677532315254,346.9677532315254,346.9677532315254,0
20210411T,286.6517524123192,286.6517524123192,286.6517524123192,286.6517524123192,0
20210412T,349.027848303318,349.027848303318,349.027848303318,349.027848303318,0
20210413T,643.8143339753151,643.8143339753151,643.8143339753151,643.8143339753151,0
20210414T,494.9695674777031,494.9695674777031,494.9695674777031,494.9695674777031,0
20210415T,369.12719029188156,369.12719029188156,369.12719029188156,369.12719029188156,0
20210416T,673.7421849370003,673.7421849370003,673.7421849370003,673.7421849370003,0
20210417T,306.6640138030052,306.6640138030052,306.6640138030052,306.6640138030052,0
20210418T,245.56123965978622,245.56123965978622,245.56123965978622,245.56123965978622,0
20210419T,569.0020429491997,569.0020429491997,569.0020429491997,569.0020429491997,0
20210420T,437.775025844574,437.775025844574,437.775025844574,437.775025844574,0
20210421T,567.0808161497116,567.0808161497116,567.0808161497116,567.0808161497116,0
20210422T,682.3054566383362,682.3054566383362,682.3054566383362,682.3054566383362,0
20210423T,416.0072567462921,416.0072567462921,416.0072567462921,416.0072567462921,0
20210424T,357.7464942932129,357.7464942932129,357.7464942932129,357.7464942932129,0
20210425T,324.21608221530914,324.21608221530914,324.21608221530914,324.21608221530914,0
20210426T,573.1924197077751,573.1924197077751,573.1924197077751,573.1924197077751,0
20210427T,682.8844673037529,682.8844673037529,682.8844673037529,682.8844673037529,0
20210428T,660.7345598936081,660.7345598936081,660.7345598936081,660.7345598936081,0
20210429T,926.3822751641273,926.3822751641273,926.3822751641273,926.3822751641273,0
20210430T,761.9722298383713,761.9722298383713,761.9722298383713,761.9722298383713,0
20210501T,923.9080221652985,923.9080221652985,923.9080221652985,923.9080221652985,0
20210502T,1024.9414472579956,1024.9414472579956,1024.9414472579956,1024.9414472579956,0
20210503T,1059.1581158041954,1059.1581158041954,1059.1581158041954,1059.1581158041954,0
20210504T,990.2118940353394,990.2118940353394,990.2118940353394,990.2118940353394,0
20210505T,711.1914265155792,711.1914265155792,711.1914265155792,711.1914265155792,0
20210506T,804.7717227339745,804.7717227339745,804.7717227339745,804.7717227339745,0
20210507T,553.6719941496849,553.6719941496849,553.6719941496849,553.6719941496849,0
20210508T,594.3709802031517,594.3709802031517,594.3709802031517,594.3709802031517,0
20210509T,604.1824404001236,604.1824404001236,604.1824404001236,604.1824404001236,0
20210510T,177.79362893104553,177.79362893104553,177.79362893104553,177.79362893104553,0
20210511T,244.25328516960144,244.25328516960144,244.25328516960144,244.25328516960144,0
20210512T,777.4330877065659,777.4330877065659,777.4330877065659,777.4330877065659,0
20210513T,655.2603414654732,655.2603414654732,655.2603414654732,655.2603414654732,0
20210514T,651.8894700407982,651.8894700407982,651.8894700407982,651.8894700407982,0
20210515T,559.7358161211014,559.7358161211014,559.7358161211014,559.7358161211014,0
20210516T,633.8944535255432,633.8944535255432,633.8944535255432,633.8944535255432,0
20210517T,571.9890957474709,571.9890957474709,571.9890957474709,571.9890957474709,0
20210518T,547.0035381913185,547.0035381913185,547.0035381913185,547.0035381913185,0
20210519T,-353.7530804872513,-353.7530804872513,-353.7530804872513,-353.7530804872513,0
20210520T,428.08058428764343,428.08058428764343,428.08058428764343,428.08058428764343,0
20210521T,411.2537454366684,411.2537454366684,411.2537454366684,411.2537454366684,0
20210522T,338.1566752791405,338.1566752791405,338.1566752791405,338.1566752791405,0
20210523T,68.93690174818039,68.93690174818039,68.93690174818039,68.93690174818039,0
20210524T,730.1257519721985,730.1257519721985,730.1257519721985,730.1257519721985,0
20210525T,846.4675522446632,846.4675522446632,846.4675522446632,846.4675522446632,0
20210526T,722.3955575227737,722.3955575227737,722.3955575227737,722.3955575227737,0
20210527T,652.719504237175,652.719504237175,652.719504237175,652.719504237175,0
20210528T,592.8726175427437,592.8726175427437,592.8726175427437,592.8726175427437,0
20210529T,586.0570984482765,586.0570984482765,586.0570984482765,586.0570984482765,0
20210530T,380.2417181134224,380.2417181134224,380.2417181134224,380.2417181134224,0
20210531T,739.0847906470299,739.0847906470299,739.0847906470299,739.0847906470299,0
20210601T,609.685431599617,609.685431599617,609.685431599617,609.685431599617,0
20210602T,537.0346064567566,537.0346064567566,537.0346064567566,537.0346064567566,0
20210603T,608.7098171114922,608.7098171114922,608.7098171114922,608.7098171114922,0
20210604T,604.0976222157478,604.0976222157478,604.0976222157478,604.0976222157478,0
20210605T,634.0687423348427,634.0687423348427,634.0687423348427,634.0687423348427,0
20210606T,483.1107543706894,483.1107543706894,483.1107543706894,483.1107543706894,0
20210607T,458.90158277750015,458.90158277750015,458.90158277750015,458.90158277750015,0
20210608T,469.89641988277435,469.89641988277435,469.89641988277435,469.89641988277435,0
20210609T,590.563471019268,590.563471019268,590.563471019268,590.563471019268,0
20210610T,394.40741991996765,394.40741991996765,394.40741991996765,394.40741991996765,0
20210611T,289.1966516971588,289.1966516971588,289.1966516971588,289.1966516971588,0
20210612T,289.3258926868439,289.3258926868439,289.3258926868439,289.3258926868439,0
20210613T,433.3148672580719,433.3148672580719,433.3148672580719,433.3148672580719,0
20210614T,422.30159932374954,422.30159932374954,422.30159932374954,422.30159932374954,0
20210615T,704.6007903814316,704.6007903814316,704.6007903814316,704.6007903814316,0
20210616T,640.5007956624031,640.5007956624031,640.5007956624031,640.5007956624031,0
20210617T,485.6351718902588,485.6351718902588,485.6351718902588,485.6351718902588,0
20210618T,269.29126185178757,269.29126185178757,269.29126185178757,269.29126185178757,0
20210619T,415.71388041973114,415.71388041973114,415.71388041973114,415.71388041973114,0
20210620T,350.69190114736557,350.69190114736557,350.69190114736557,350.69190114736557,0
20210621T,380.6902968287468,380.6902968287468,380.6902968287468,380.6902968287468,0
20210622T,200.04584330320358,200.04584330320358,200.04584330320358,200.04584330320358,0
20210623T,498.0024119615555,498.0024119615555,498.0024119615555,498.0024119615555,0
20210624T,404.0759614109993,404.0759614109993,404.0759614109993,404.0759614109993,0
20210625T,130.5443787574768,130.5443787574768,130.5443787574768,130.5443787574768,0
20210626T,248.9437571167946,248.9437571167946,248.9437571167946,248.9437571167946,0
20210627T,176.09174817800522,176.09174817800522,176.09174817800522,176.09174817800522,0
20210628T,392.60290455818176,392.60290455818176,392.60290455818176,392.60290455818176,0
20210629T,552.7377864122391,552.7377864122391,552.7377864122391,552.7377864122391,0
20210630T,621.299487888813,621.299487888813,621.299487888813,621.299487888813,0
20210701T,608.2757737636566,608.2757737636566,608.2757737636566,608.2757737636566,0
20210702T,613.8584562540054,613.8584562540054,613.8584562540054,613.8584562540054,0
20210703T,489.5007209777832,489.5007209777832,489.5007209777832,489.5007209777832,0
20210704T,480.2337848544121,480.2337848544121,480.2337848544121,480.2337848544121,0
20210705T,643.7968116402626,643.7968116402626,643.7968116402626,643.7968116402626,0
20210706T,732.8644303679466,732.8644303679466,732.8644303679466,732.8644303679466,0
20210707T,479.9221687912941,479.9221687912941,479.9221687912941,479.9221687912941,0
20210708T,447.98230278491974,447.98230278491974,447.98230278491974,447.98230278491974,0
20210709T,339.7162405848503,339.7162405848503,339.7162405848503,339.7162405848503,0
20210710T,509.8608795404434,509.8608795404434,509.8608795404434,509.8608795404434,0
20210711T,464.7779523730278,464.7779523730278,464.7779523730278,464.7779523730278,0
20210712T,436.28325378894806,436.28325378894806,436.28325378894806,436.28325378894806,0
20210713T,506.9911088347435,506.9911088347435,506.9911088347435,506.9911088347435,0
20210714T,595.1913914084435,595.1913914084435,595.1913914084435,595.1913914084435,0
20210715T,602.9487906098366,602.9487906098366,602.9487906098366,602.9487906098366,0
20210716T,364.53470104932785,364.53470104932785,364.53470104932785,364.53470104932785,0
20210717T,420.45700043439865,420.45700043439865,420.45700043439865,420.45700043439865,0
20210718T,450.2927811741829,450.2927811741829,450.2927811741829,450.2927811741829,0
20210719T,433.4898798465729,433.4898798465729,433.4898798465729,433.4898798465729,0
20210720T,462.09588754177094,462.09588754177094,462.09588754177094,462.09588754177094,0
20210721T,561.6857306361198,561.6857306361198,561.6857306361198,561.6857306361198,0
20210722T,936.1534407734871,936.1534407734871,936.1534407734871,936.1534407734871,0
20210723T,1011.5849293470383,1011.5849293470383,1011.5849293470383,1011.5849293470383,0
20210724T,675.5882601737976,675.5882601737976,675.5882601737976,675.5882601737976,0
20210725T,601.9506387710571,601.9506387710571,601.9506387710571,601.9506387710571,0
20210726T,675.2721066474915,675.2721066474915,675.2721066474915,675.2721066474915,0
20210727T,634.8386134505272,634.8386134505272,634.8386134505272,634.8386134505272,0
20210728T,732.4250774383545,732.4250774383545,732.4250774383545,732.4250774383545,0
20210729T,696.0354474782944,696.0354474782944,696.0354474782944,696.0354474782944,0
20210730T,1053.9007698893547,1053.9007698893547,1053.9007698893547,1053.9007698893547,0
20210731T,1003.8028208017349,1003.8028208017349,1003.8028208017349,1003.8028208017349,0
20210801T,1251.1088172793388,1251.1088172793388,1251.1088172793388,1251.1088172793388,0
20210802T,930.367937207222,930.367937207222,930.367937207222,930.367937207222,0
20210803T,678.5778792500496,678.5778792500496,678.5778792500496,678.5778792500496,0
20210804T,770.8211988210678,770.8211988210678,770.8211988210678,770.8211988210678,0
20210805T,352.6641818881035,352.6641818881035,352.6641818881035,352.6641818881035,0
20210806T,675.9223970174789,675.9223970174789,675.9223970174789,675.9223970174789,0
20210807T,626.449688732624,626.449688732624,626.449688732624,626.449688732624,0
20210808T,518.5978651046753,518.5978651046753,518.5978651046753,518.5978651046753,0
20210809T,679.6401740312576,679.6401740312576,679.6401740312576,679.6401740312576,0
20210810T,895.0777135491371,895.0777135491371,895.0777135491371,895.0777135491371,0
20210811T,686.3169075250626,686.3169075250626,686.3169075250626,686.3169075250626,0
20210812T,776.5259698629379,776.5259698629379,776.5259698629379,776.5259698629379,0
20210813T,865.1141754984856,865.1141754984856,865.1141754984856,865.1141754984856,0
20210814T,2487.413004398346,2487.413004398346,2487.413004398346,2487.413004398346,0
20210815T,646.8141994476318,646.8141994476318,646.8141994476318,646.8141994476318,0
20210816T,988.6672105193138,988.6672105193138,988.6672105193138,988.6672105193138,0
20210817T,753.2684233188629,753.2684233188629,753.2684233188629,753.2684233188629,0
20210818T,791.9742166399956,791.9742166399956,791.9742166399956,791.9742166399956,0
20210819T,847.7791077494621,847.7791077494621,847.7791077494621,847.7791077494621,0
20210820T,799.2015507221222,799.2015507221222,799.2015507221222,799.2015507221222,0
20210821T,2481.724010825157,2481.724010825157,2481.724010825157,2481.724010825157,0
20210822T,998.4517822265625,998.4517822265625,998.4517822265625,998.4517822265625,0
20210823T,1321.7612931132317,1321.7612931132317,1321.7612931132317,1321.7612931132317,0
20210824T,798.351139485836,798.351139485836,798.351139485836,798.351139485836,0
20210825T,507.783054292202,507.783054292202,507.783054292202,507.783054292202,0
20210826T,665.5257549881935,665.5257549881935,665.5257549881935,665.5257549881935,0
20210827T,277.1792742013931,277.1792742013931,277.1792742013931,277.1792742013931,0
20210828T,448.150114774704,448.150114774704,448.150114774704,448.150114774704,0
20210829T,208.95192629098892,208.95192629098892,208.95192629098892,208.95192629098892,0
20210830T,2139.7177241444588,2139.7177241444588,2139.7177241444588,2139.7177241444588,0
20210831T,512.7041125893593,512.7041125893593,512.7041125893593,512.7041125893593,0
20210901T,834.4446404576302,834.4446404576302,834.4446404576302,834.4446404576302,0
20210902T,845.7308404445648,845.7308404445648,845.7308404445648,845.7308404445648,0
20210903T,442.2031564116478,442.2031564116478,442.2031564116478,442.2031564116478,0
20210904T,1829.6047022342682,1829.6047022342682,1829.6047022342682,1829.6047022342682,0
20210905T,598.6506532430649,598.6506532430649,598.6506532430649,598.6506532430649,0
20210906T,449.2656943798065,449.2656943798065,449.2656943798065,449.2656943798065,0
20210907T,566.4491086602211,566.4491086602211,566.4491086602211,566.4491086602211,0
20210908T,718.0611237883568,718.0611237883568,718.0611237883568,718.0611237883568,0
20210909T,960.2174290418625,960.2174290418625,960.2174290418625,960.2174290418625,0
20210910T,541.6910607814789,541.6910607814789,541.6910607814789,541.6910607814789,0
20210911T,527.7475788593292,527.7475788593292,527.7475788593292,527.7475788593292,0
20210912T,393.8655089735985,393.8655089735985,393.8655089735985,393.8655089735985,0
20210913T,419.81536865234375,419.81536865234375,419.81536865234375,419.81536865234375,0
20210914T,391.5378296971321,391.5378296971321,391.5378296971321,391.5378296971321,0
20210915T,570.2650281786919,570.2650281786919,570.2650281786919,570.2650281786919,0
20210916T,686.4325652122498,686.4325652122498,686.4325652122498,686.4325652122498,0
20210917T,497.31414926052094,497.31414926052094,497.31414926052094,497.31414926052094,0
20210918T,873.583588540554,873.583588540554,873.583588540554,873.583588540554,0
20210919T,631.2583845853806,631.2583845853806,631.2583845853806,631.2583845853806,0
20210920T,642.7594500184059,642.7594500184059,642.7594500184059,642.7594500184059,0
20210921T,925.0752230882645,925.0752230882645,925.0752230882645,925.0752230882645,0
20210922T,1624.4301528930664,1624.4301528930664,1624.4301528930664,1624.4301528930664,0
20210923T,645.8238869905472,645.8238869905472,645.8238869905472,645.8238869905472,0
20210924T,672.9612838625908,672.9612838625908,672.9612838625908,672.9612838625908,0
20210925T,1052.4330096244812,1052.4330096244812,1052.4330096244812,1052.4330096244812,0
20210926T,699.2574846744537,699.2574846744537,699.2574846744537,699.2574846744537,0
20210927T,863.3712610006332,863.3712610006332,863.3712610006332,863.3712610006332,0
20210928T,640.421349644661,640.421349644661,640.421349644661,640.421349644661,0
20210929T,1001.1890889406204,1001.1890889406204,1001.1890889406204,1001.1890889406204,0
20210930T,763.6591107845306,763.6591107845306,763.6591107845306,763.6591107845306,0
20211001T,888.8965257406235,888.8965257406235,888.8965257406235,888.8965257406235,0
20211002T,821.1956049203873,821.1956049203873,821.1956049203873,821.1956049203873,0
20211003T,609.1881363987923,609.1881363987923,609.1881363987923,609.1881363987923,0
20211004T,467.8968286514282,467.8968286514282,467.8968286514282,467.8968286514282,0
20211005T,1592.6264382004738,1592.6264382004738,1592.6264382004738,1592.6264382004738,0
20211006T,844.4748756289482,844.4748756289482,844.4748756289482,844.4748756289482,0
20211007T,831.9551669955254,831.9551669955254,831.9551669955254,831.9551669955254,0
20211008T,759.3508698344231,759.3508698344231,759.3508698344231,759.3508698344231,0
20211009T,570.0130089521408,570.0130089521408,570.0130089521408,570.0130089521408,0
20211010T,730.252253472805,730.252253472805,730.252253472805,730.252253472805,0
20211011T,772.6374451518059,772.6374451518059,772.6374451518059,772.6374451518059,0
20211012T,1425.3861416578293,1425.3861416578293,1425.3861416578293,1425.3861416578293,0
20211013T,930.1301828026772,930.1301828026772,930.1301828026772,930.1301828026772,0
20211014T,1034.3083653450012,1034.3083653450012,1034.3083653450012,1034.3083653450012,0
20211015T,1062.7627394795418,1062.7627394795418,1062.7627394795418,1062.7627394795418,0
20211016T,777.6660122871399,777.6660122871399,777.6660122871399,777.6660122871399,0
20211017T,860.3668838739395,860.3668838739395,860.3668838739395,860.3668838739395,0
20211018T,506.6836957335472,506.6836957335472,506.6836957335472,506.6836957335472,0
20211019T,1036.4547834396362,1036.4547834396362,1036.4547834396362,1036.4547834396362,0
20211020T,1695.8570786118507,1695.8570786118507,1695.8570786118507,1695.8570786118507,0
20211021T,1601.5132415890694,1601.5132415890694,1601.5132415890694,1601.5132415890694,0
20211022T,1104.7922363877296,1104.7922363877296,1104.7922363877296,1104.7922363877296,0
20211023T,1193.2352189421654,1193.2352189421654,1193.2352189421654,1193.2352189421654,0
20211024T,1116.0900468230247,1116.0900468230247,1116.0900468230247,1116.0900468230247,0
20211025T,719.752680003643,719.752680003643,719.752680003643,719.752680003643,0
20211026T,1364.0899550318718,1364.0899550318718,1364.0899550318718,1364.0899550318718,0
20211027T,966.0877111554146,966.0877111554146,966.0877111554146,966.0877111554146,0
20211028T,974.5887606143951,974.5887606143951,974.5887606143951,974.5887606143951,0
20211029T,1024.4094398021698,1024.4094398021698,1024.4094398021698,1024.4094398021698,0
20211030T,1878.7109742164612,1878.7109742164612,1878.7109742164612,1878.7109742164612,0
20211031T,891.3260410428047,891.3260410428047,891.3260410428047,891.3260410428047,0
20211101T,1410.7193705439568,1410.7193705439568,1410.7193705439568,1410.7193705439568,0
20211102T,1491.668337225914,1491.668337225914,1491.668337225914,1491.668337225914,0
20211103T,1116.6941309571266,1116.6941309571266,1116.6941309571266,1116.6941309571266,0
20211104T,1093.5177443027496,1093.5177443027496,1093.5177443027496,1093.5177443027496,0
20211105T,1070.5830078721046,1070.5830078721046,1070.5830078721046,1070.5830078721046,0
20211106T,976.0031871795654,976.0031871795654,976.0031871795654,976.0031871795654,0
20211107T,944.1732646822929,944.1732646822929,944.1732646822929,944.1732646822929,0
20211108T,1236.1310892105103,1236.1310892105103,1236.1310892105103,1236.1310892105103,0
20211109T,1219.3075880408287,1219.3075880408287,1219.3075880408287,1219.3075880408287,0
20211110T,1733.27457934618,1733.27457934618,1733.27457934618,1733.27457934618,0
20211111T,1887.4946014285088,1887.4946014285088,1887.4946014285088,1887.4946014285088,0
20211112T,2613.1688707470894,2613.1688707470894,2613.1688707470894,2613.1688707470894,0
20211113T,3499.056197166443,3499.056197166443,3499.056197166443,3499.056197166443,0
20211114T,4027.725527405739,4027.725527405739,4027.725527405739,4027.725527405739,0
20211115T,4629.867055475712,4629.867055475712,4629.867055475712,4629.867055475712,0
20211116T,6502.794173240662,6502.794173240662,6502.794173240662,6502.794173240662,0
20211117T,6580.827689468861,6580.827689468861,6580.827689468861,6580.827689468861,0
20211118T,3247.4154601693153,3247.4154601693153,3247.4154601693153,3247.4154601693153,0
20211119T,3569.692128300667,3569.692128300667,3569.692128300667,3569.692128300667,0
20211120T,3919.0387836694717,3919.0387836694717,3919.0387836694717,3919.0387836694717,0
20211121T,4123.787316381931,4123.787316381931,4123.787316381931,4123.787316381931,0
20211122T,5679.849774777889,5679.849774777889,5679.849774777889,5679.849774777889,0
20211123T,3935.645015358925,3935.645015358925,3935.645015358925,3935.645015358925,0
20211124T,3896.921264529228,3896.921264529228,3896.921264529228,3896.921264529228,0
20211125T,4199.0850177407265,4199.0850177407265,4199.0850177407265,4199.0850177407265,0
20211126T,3921.582499563694,3921.582499563694,3921.582499563694,3921.582499563694,0
20211127T,5211.321666896343,5211.321666896343,5211.321666896343,5211.321666896343,0
20211128T,3142.0729301571846,3142.0729301571846,3142.0729301571846,3142.0729301571846,0
20211129T,3500.3972977399826,3500.3972977399826,3500.3972977399826,3500.3972977399826,0
20211130T,4564.806872189045,4564.806872189045,4564.806872189045,4564.806872189045,0
20211201T,3906.3847591280937,3906.3847591280937,3906.3847591280937,3906.3847591280937,0
20211202T,4570.2535400390625,4570.2535400390625,4570.2535400390625,4570.2535400390625,0
20211203T,3751.3087946772575,3751.3087946772575,3751.3087946772575,3751.3087946772575,0
20211204T,5137.532283246517,5137.532283246517,5137.532283246517,5137.532283246517,0
20211205T,6467.297508597374,6467.297508597374,6467.297508597374,6467.297508597374,0
20211206T,3753.3720502853394,3753.3720502853394,3753.3720502853394,3753.3720502853394,0
20211207T,4729.358018040657,4729.358018040657,4729.358018040657,4729.358018040657,0
20211208T,4121.226594090462,4121.226594090462,4121.226594090462,4121.226594090462,0
20211209T,4494.217622637749,4494.217622637749,4494.217622637749,4494.217622637749,0
20211210T,5148.194588005543,5148.194588005543,5148.194588005543,5148.194588005543,0
20211211T,8219.102865755558,8219.102865755558,8219.102865755558,8219.102865755558,0
20211212T,4974.536665260792,4974.536665260792,4974.536665260792,4974.536665260792,0
20211213T,5641.8986386060715,5641.8986386060715,5641.8986386060715,5641.8986386060715,0
20211214T,5879.078108966351,5879.078108966351,5879.078108966351,5879.078108966351,0
20211215T,5896.243014037609,5896.243014037609,5896.243014037609,5896.243014037609,0
20211216T,3879.2988684773445,3879.2988684773445,3879.2988684773445,3879.2988684773445,0
20211217T,3436.597753226757,3436.597753226757,3436.597753226757,3436.597753226757,0
20211218T,3071.167397737503,3071.167397737503,3071.167397737503,3071.167397737503,0
20211219T,3385.014195263386,3385.014195263386,3385.014195263386,3385.014195263386,0
20211220T,3633.102907717228,3633.102907717228,3633.102907717228,3633.102907717228,0
20211221T,4116.31617462635,4116.31617462635,4116.31617462635,4116.31617462635,0
20211222T,3573.4258855581284,3573.4258855581284,3573.4258855581284,3573.4258855581284,0
20211223T,5734.761392772198,5734.761392772198,5734.761392772198,5734.761392772198,0
20211224T,3174.969057261944,3174.969057261944,3174.969057261944,3174.969057261944,0
20211225T,3622.15365087986,3622.15365087986,3622.15365087986,3622.15365087986,0
20211226T,3089.6145928502083,3089.6145928502083,3089.6145928502083,3089.6145928502083,0
20211227T,3156.6672815680504,3156.6672815680504,3156.6672815680504,3156.6672815680504,0
20211228T,3268.8233391046524,3268.8233391046524,3268.8233391046524,3268.8233391046524,0
20211229T,3025.0997638702393,3025.0997638702393,3025.0997638702393,3025.0997638702393,0
20211230T,2559.1461579203606,2559.1461579203606,2559.1461579203606,2559.1461579203606,0
20211231T,2920.5255584716797,2920.5255584716797,2920.5255584716797,2920.5255584716797,0
20220101T,3989.2381187677383,3989.2381187677383,3989.2381187677383,3989.2381187677383,0
20220102T,3403.3730551600456,3403.3730551600456,3403.3730551600456,3403.3730551600456,0
20220103T,3195.7073028683662,3195.7073028683662,3195.7073028683662,3195.7073028683662,0
20220104T,3222.830038547516,3222.830038547516,3222.830038547516,3222.830038547516,0
20220105T,3102.0800861120224,3102.0800861120224,3102.0800861120224,3102.0800861120224,0
20220106T,3287.372019469738,3287.372019469738,3287.372019469738,3287.372019469738,0
20220107T,3023.47219902277,3023.47219902277,3023.47219902277,3023.47219902277,0
20220108T,2983.069069802761,2983.069069802761,2983.069069802761,2983.069069802761,0
20220109T,2707.5188906788826,2707.5188906788826,2707.5188906788826,2707.5188906788826,0
20220110T,2202.2498119473457,2202.2498119473457,2202.2498119473457,2202.2498119473457,0
20220111T,2609.751006603241,2609.751006603241,2609.751006603241,2609.751006603241,0
20220112T,2831.7764835357666,2831.7764835357666,2831.7764835357666,2831.7764835357666,0
20220113T,3327.0199405550957,3327.0199405550957,3327.0199405550957,3327.0199405550957,0
20220114T,4472.463318705559,4472.463318705559,4472.463318705559,4472.463318705559,0
20220115T,5591.779462814331,5591.779462814331,5591.779462814331,5591.779462814331,0
20220116T,6013.236773967743,6013.236773967743,6013.236773967743,6013.236773967743,0
20220117T,6891.2672390937805,6891.2672390937805,6891.2672390937805,6891.2672390937805,0
20220118T,7419.292174339294,7419.292174339294,7419.292174339294,7419.292174339294,0
20220119T,7370.670171022415,7370.670171022415,7370.670171022415,7370.670171022415,0
20220120T,5689.821719765663,5689.821719765663,5689.821719765663,5689.821719765663,0
20220121T,5046.175160527229,5046.175160527229,5046.175160527229,5046.175160527229,0
20220122T,5463.390161991119,5463.390161991119,5463.390161991119,5463.390161991119,0
20220123T,6692.484573125839,6692.484573125839,6692.484573125839,6692.484573125839,0
20220124T,5606.506102383137,5606.506102383137,5606.506102383137,5606.506102383137,0
20220125T,5404.5674700737,5404.5674700737,5404.5674700737,5404.5674700737,0
20220126T,4924.845558524132,4924.845558524132,4924.845558524132,4924.845558524132,0
20220127T,4302.188822627068,4302.188822627068,4302.188822627068,4302.188822627068,0
20220128T,4870.400401234627,4870.400401234627,4870.400401234627,4870.400401234627,0
20220129T,4062.783662557602,4062.783662557602,4062.783662557602,4062.783662557602,0
20220130T,4985.429058790207,4985.429058790207,4985.429058790207,4985.429058790207,0
20220131T,5038.947834074497,5038.947834074497,5038.947834074497,5038.947834074497,0
20220201T,4724.29191416502,4724.29191416502,4724.29191416502,4724.29191416502,0
20220202T,4253.530207514763,4253.530207514763,4253.530207514763,4253.530207514763,0
20220203T,3709.761567056179,3709.761567056179,3709.761567056179,3709.761567056179,0
20220204T,4873.092295527458,4873.092295527458,4873.092295527458,4873.092295527458,0
20220205T,3311.1735959649086,3311.1735959649086,3311.1735959649086,3311.1735959649086,0
20220206T,4742.451807439327,4742.451807439327,4742.451807439327,4742.451807439327,0
20220207T,4709.432733654976,4709.432733654976,4709.432733654976,4709.432733654976,0
20220208T,5651.0743988752365,5651.0743988752365,5651.0743988752365,5651.0743988752365,0
20220209T,3319.350208938122,3319.350208938122,3319.350208938122,3319.350208938122,0
20220210T,4007.8098641633987,4007.8098641633987,4007.8098641633987,4007.8098641633987,0
20220211T,4176.478638112545,4176.478638112545,4176.478638112545,4176.478638112545,0
20220212T,7060.4724923968315,7060.4724923968315,7060.4724923968315,7060.4724923968315,0
20220213T,6121.6452813744545,6121.6452813744545,6121.6452813744545,6121.6452813744545,0
20220214T,4119.699091792107,4119.699091792107,4119.699091792107,4119.699091792107,0
20220215T,5550.226939916611,5550.226939916611,5550.226939916611,5550.226939916611,0
20220216T,5263.116680979729,5263.116680979729,5263.116680979729,5263.116680979729,0
20220217T,5117.394859313965,5117.394859313965,5117.394859313965,5117.394859313965,0
20220218T,8532.92327195406,8532.92327195406,8532.92327195406,8532.92327195406,0
20220219T,3792.1485813856125,3792.1485813856125,3792.1485813856125,3792.1485813856125,0
20220220T,10426.883498132229,10426.883498132229,10426.883498132229,10426.883498132229,0
20220221T,4710.245796024799,4710.245796024799,4710.245796024799,4710.245796024799,0
20220222T,4378.52641671896,4378.52641671896,4378.52641671896,4378.52641671896,0
20220223T,4338.434225857258,4338.434225857258,4338.434225857258,4338.434225857258,0
20220224T,2710.969583570957,2710.969583570957,2710.969583570957,2710.969583570957,0
20220225T,5548.75421923399,5548.75421923399,5548.75421923399,5548.75421923399,0
20220226T,3367.1009913682938,3367.1009913682938,3367.1009913682938,3367.1009913682938,0
20220227T,3483.2345864772797,3483.2345864772797,3483.2345864772797,3483.2345864772797,0
20220228T,4104.9006162285805,4104.9006162285805,4104.9006162285805,4104.9006162285805,0
20220301T,3791.4490676522255,3791.4490676522255,3791.4490676522255,3791.4490676522255,0
20220302T,2824.0424619317055,2824.0424619317055,2824.0424619317055,2824.0424619317055,0
20220303T,3383.036592364311,3383.036592364311,3383.036592364311,3383.036592364311,0
20220304T,3186.0565861463547,3186.0565861463547,3186.0565861463547,3186.0565861463547,0
20220305T,2964.789721727371,2964.789721727371,2964.789721727371,2964.789721727371,0
20220306T,3426.251020014286,3426.251020014286,3426.251020014286,3426.251020014286,0
20220307T,3855.857415318489,3855.857415318489,3855.857415318489,3855.857415318489,0
20220308T,4609.7452400922775,4609.7452400922775,4609.7452400922775,4609.7452400922775,0
20220309T,4194.444329380989,4194.444329380989,4194.444329380989,4194.444329380989,0
20220310T,4704.098492920399,4704.098492920399,4704.098492920399,4704.098492920399,0
20220311T,3808.0980036854744,3808.0980036854744,3808.0980036854744,3808.0980036854744,0
20220312T,4577.786844968796,4577.786844968796,4577.786844968796,4577.786844968796,0
20220313T,3364.5271013975143,3364.5271013975143,3364.5271013975143,3364.5271013975143,0
20220314T,3289.191878795624,3289.191878795624,3289.191878795624,3289.191878795624,0
20220315T,4570.906356036663,4570.906356036663,4570.906356036663,4570.906356036663,0
20220316T,3584.4920373559,3584.4920373559,3584.4920373559,3584.4920373559,0
20220317T,4043.5314623117447,4043.5314623117447,4043.5314623117447,4043.5314623117447,0
20220318T,3961.2903975248337,3961.2903975248337,3961.2903975248337,3961.2903975248337,0
20220319T,4552.729876041412,4552.729876041412,4552.729876041412,4552.729876041412,0
20220320T,3909.1180416941643,3909.1180416941643,3909.1180416941643,3909.1180416941643,0
20220321T,3876.5131164193153,3876.5131164193153,3876.5131164193153,3876.5131164193153,0
20220322T,3817.9182144403458,3817.9182144403458,3817.9182144403458,3817.9182144403458,0
20220323T,2727.37063062191,2727.37063062191,2727.37063062191,2727.37063062191,0
20220324T,3152.541105031967,3152.541105031967,3152.541105031967,3152.541105031967,0
20220325T,2583.7275314331055,2583.7275314331055,2583.7275314331055,2583.7275314331055,0
20220326T,2931.224219620228,2931.224219620228,2931.224219620228,2931.224219620228,0
20220327T,3411.8360565304756,3411.8360565304756,3411.8360565304756,3411.8360565304756,0
20220328T,2557.359547793865,2557.359547793865,2557.359547793865,2557.359547793865,0
20220329T,2846.5082369446754,2846.5082369446754,2846.5082369446754,2846.5082369446754,0
20220330T,2483.9161983132362,2483.9161983132362,2483.9161983132362,2483.9161983132362,0
20220331T,4018.815526008606,4018.815526008606,4018.815526008606,4018.815526008606,0
20220401T,3491.5961367487907,3491.5961367487907,3491.5961367487907,3491.5961367487907,0
20220402T,3426.861400425434,3426.861400425434,3426.861400425434,3426.861400425434,0
20220403T,3518.38029640913,3518.38029640913,3518.38029640913,3518.38029640913,0
20220404T,2777.982102572918,2777.982102572918,2777.982102572918,2777.982102572918,0
20220405T,3216.127507209778,3216.127507209778,3216.127507209778,3216.127507209778,0
20220406T,2890.2817977666855,2890.2817977666855,2890.2817977666855,2890.2817977666855,0
20220407T,2774.8555409908295,2774.8555409908295,2774.8555409908295,2774.8555409908295,0
20220408T,2768.52439558506,2768.52439558506,2768.52439558506,2768.52439558506,0
20220409T,2745.6347024440765,2745.6347024440765,2745.6347024440765,2745.6347024440765,0
20220410T,2755.8146497011185,2755.8146497011185,2755.8146497011185,2755.8146497011185,0
20220411T,2571.666427254677,2571.666427254677,2571.666427254677,2571.666427254677,0
20220412T,2622.3059905171394,2622.3059905171394,2622.3059905171394,2622.3059905171394,0
20220413T,2894.0182452201843,2894.0182452201843,2894.0182452201843,2894.0182452201843,0
20220414T,3047.5069457888603,3047.5069457888603,3047.5069457888603,3047.5069457888603,0
20220415T,2931.791941344738,2931.791941344738,2931.791941344738,2931.791941344738,0
20220416T,3556.7041172385216,3556.7041172385216,3556.7041172385216,3556.7041172385216,0
20220417T,3733.8703982234,3733.8703982234,3733.8703982234,3733.8703982234,0
20220418T,4449.849321961403,4449.849321961403,4449.849321961403,4449.849321961403,0
20220419T,5679.427281856537,5679.427281856537,5679.427281856537,5679.427281856537,0
20220420T,6593.820999920368,6593.820999920368,6593.820999920368,6593.820999920368,0
20220421T,7167.671851992607,7167.671851992607,7167.671851992607,7167.671851992607,0
20220422T,4403.909800231457,4403.909800231457,4403.909800231457,4403.909800231457,0
20220423T,4720.289875864983,4720.289875864983,4720.289875864983,4720.289875864983,0
20220424T,4333.973741054535,4333.973741054535,4333.973741054535,4333.973741054535,0
20220425T,3271.935003399849,3271.935003399849,3271.935003399849,3271.935003399849,0
20220426T,3634.4457171559334,3634.4457171559334,3634.4457171559334,3634.4457171559334,0
20220427T,3553.7549048662186,3553.7549048662186,3553.7549048662186,3553.7549048662186,0
20220428T,3028.5089829564095,3028.5089829564095,3028.5089829564095,3028.5089829564095,0
20220429T,3672.786673784256,3672.786673784256,3672.786673784256,3672.786673784256,0
20220430T,3218.9214891195297,3218.9214891195297,3218.9214891195297,3218.9214891195297,0
20220501T,1664.1858934736374,1664.1858934736374,1664.1858934736374,1664.1858934736374,0
20220502T,2111.7544236894755,2111.7544236894755,2111.7544236894755,2111.7544236894755,0
20220503T,1966.5343382281135,1966.5343382281135,1966.5343382281135,1966.5343382281135,0
20220504T,3619.0838718556333,3619.0838718556333,3619.0838718556333,3619.0838718556333,0
20220505T,4521.806179875042,4521.806179875042,4521.806179875042,4521.806179875042,0
20220506T,4558.233600416803,4558.233600416803,4558.233600416803,4558.233600416803,0
20220507T,2748.902163679246,2748.902163679246,2748.902163679246,2748.902163679246,0
20220508T,2092.356477791909,2092.356477791909,2092.356477791909,2092.356477791909,0
20220509T,2194.7057090643793,2194.7057090643793,2194.7057090643793,2194.7057090643793,0
20220510T,2518.786460224277,2518.786460224277,2518.786460224277,2518.786460224277,0
20220511T,2358.915042854467,2358.915042854467,2358.915042854467,2358.915042854467,0
20220512T,1842.1375018092222,1842.1375018092222,1842.1375018092222,1842.1375018092222,0
20220513T,1871.1378066109028,1871.1378066109028,1871.1378066109028,1871.1378066109028,0
20220514T,1569.991742863087,1569.991742863087,1569.991742863087,1569.991742863087,0
20220515T,1638.7971476409584,1638.7971476409584,1638.7971476409584,1638.7971476409584,0
20220516T,7490.79489085848,7490.79489085848,7490.79489085848,7490.79489085848,0
20220517T,2689.1750110308058,2689.1750110308058,2689.1750110308058,2689.1750110308058,0
20220518T,1713.3896028201561,1713.3896028201561,1713.3896028201561,1713.3896028201561,0
20220519T,2314.2667992746283,2314.2667992746283,2314.2667992746283,2314.2667992746283,0
20220520T,2098.7120794677176,2098.7120794677176,2098.7120794677176,2098.7120794677176,0
20220521T,1979.816411042004,1979.816411042004,1979.816411042004,1979.816411042004,0
20220522T,1693.9131953249453,1693.9131953249453,1693.9131953249453,1693.9131953249453,0
20220523T,2056.739429048379,2056.739429048379,2056.739429048379,2056.739429048379,0
20220524T,1942.2936693113297,1942.2936693113297,1942.2936693113297,1942.2936693113297,0
20220525T,1375.4419137595687,1375.4419137595687,1375.4419137595687,1375.4419137595687,0
20220526T,1575.8101719063707,1575.8101719063707,1575.8101719063707,1575.8101719063707,0
20220527T,2099.29922604654,2099.29922604654,2099.29922604654,2099.29922604654,0
20220528T,1841.5014914455824,1841.5014914455824,1841.5014914455824,1841.5014914455824,0
20220529T,1404.1680833438877,1404.1680833438877,1404.1680833438877,1404.1680833438877,0
20220530T,1724.5692038917914,1724.5692038917914,1724.5692038917914,1724.5692038917914,0
20220531T,1799.1690091781784,1799.1690091781784,1799.1690091781784,1799.1690091781784,0
20220601T,2053.7622287071135,2053.7622287071135,2053.7622287071135,2053.7622287071135,0
20220602T,1590.767289484269,1590.767289484269,1590.767289484269,1590.767289484269,0
20220603T,1492.9618061352012,1492.9618061352012,1492.9618061352012,1492.9618061352012,0
20220604T,1515.663629979128,1515.663629979128,1515.663629979128,1515.663629979128,0
20220605T,1934.3550666526571,1934.3550666526571,1934.3550666526571,1934.3550666526571,0
20220606T,1604.5472729513422,1604.5472729513422,1604.5472729513422,1604.5472729513422,0
20220607T,1453.0982148582116,1453.0982148582116,1453.0982148582116,1453.0982148582116,0
20220608T,1545.1624802148435,1545.1624802148435,1545.1624802148435,1545.1624802148435,0
20220609T,1458.7915559790563,1458.7915559790563,1458.7915559790563,1458.7915559790563,0
20220610T,1656.0580960735679,1656.0580960735679,1656.0580960735679,1656.0580960735679,0
20220611T,1184.2022290385066,1184.2022290385066,1184.2022290385066,1184.2022290385066,0
20220612T,1242.2132680350915,1242.2132680350915,1242.2132680350915,1242.2132680350915,0
20220613T,1491.3040132984243,1491.3040132984243,1491.3040132984243,1491.3040132984243,0
20220614T,1569.0056178551167,1569.0056178551167,1569.0056178551167,1569.0056178551167,0
20220615T,1673.4430069403024,1673.4430069403024,1673.4430069403024,1673.4430069403024,0
20220616T,1165.901986392215,1165.901986392215,1165.901986392215,1165.901986392215,0
20220617T,1276.9367299971636,1276.9367299971636,1276.9367299971636,1276.9367299971636,0
20220618T,1226.028018659068,1226.028018659068,1226.028018659068,1226.028018659068,0
20220619T,940.6658842063043,940.6658842063043,940.6658842063043,940.6658842063043,0
20220620T,1522.8022979535453,1522.8022979535453,1522.8022979535453,1522.8022979535453,0
20220621T,1605.8139177986304,1605.8139177986304,1605.8139177986304,1605.8139177986304,0
20220622T,1485.5297798630781,1485.5297798630781,1485.5297798630781,1485.5297798630781,0
20220623T,1254.3005486093462,1254.3005486093462,1254.3005486093462,1254.3005486093462,0
20220624T,1959.5471713717561,1959.5471713717561,1959.5471713717561,1959.5471713717561,0
20220625T,1241.143844967894,1241.143844967894,1241.143844967894,1241.143844967894,0
20220626T,1593.922293227166,1593.922293227166,1593.922293227166,1593.922293227166,0
20220627T,1279.958270785166,1279.958270785166,1279.958270785166,1279.958270785166,0
20220628T,1395.413941891864,1395.413941891864,1395.413941891864,1395.413941891864,0
20220629T,1647.6654495531693,1647.6654495531693,1647.6654495531693,1647.6654495531693,0
20220630T,1228.2941915425472,1228.2941915425472,1228.2941915425472,1228.2941915425472,0
20220701T,1319.976244081976,1319.976244081976,1319.976244081976,1319.976244081976,0
20220702T,1117.726522050798,1117.726522050798,1117.726522050798,1117.726522050798,0
20220703T,1083.8172608288005,1083.8172608288005,1083.8172608288005,1083.8172608288005,0
20220704T,1274.561061858898,1274.561061858898,1274.561061858898,1274.561061858898,0
20220705T,1358.315476123942,1358.315476123942,1358.315476123942,1358.315476123942,0
20220706T,1553.5563074947568,1553.5563074947568,1553.5563074947568,1553.5563074947568,0
20220707T,1460.8448572740454,1460.8448572740454,1460.8448572740454,1460.8448572740454,0
20220708T,8145.351071515121,8145.351071515121,8145.351071515121,8145.351071515121,0
20220709T,11852.799327507411,11852.799327507411,11852.799327507411,11852.799327507411,0
20220710T,12675.232442001143,12675.232442001143,12675.232442001143,12675.232442001143,0
20220711T,12440.966530430247,12440.966530430247,12440.966530430247,12440.966530430247,0
20220712T,3114.0976717132144,3114.0976717132144,3114.0976717132144,3114.0976717132144,0
20220713T,2115.229350356618,2115.229350356618,2115.229350356618,2115.229350356618,0
20220714T,1769.9997377343243,1769.9997377343243,1769.9997377343243,1769.9997377343243,0
20220715T,1282.347028973265,1282.347028973265,1282.347028973265,1282.347028973265,0
20220716T,1247.2330840241775,1247.2330840241775,1247.2330840241775,1247.2330840241775,0
20220717T,900.7442682012916,900.7442682012916,900.7442682012916,900.7442682012916,0
20220718T,1273.3489535884,1273.3489535884,1273.3489535884,1273.3489535884,0
20220719T,1375.9870361797512,1375.9870361797512,1375.9870361797512,1375.9870361797512,0
20220720T,926.5621056706295,926.5621056706295,926.5621056706295,926.5621056706295,0
20220721T,1282.4021528577432,1282.4021528577432,1282.4021528577432,1282.4021528577432,0
20220722T,1051.7590166041628,1051.7590166041628,1051.7590166041628,1051.7590166041628,0
20220723T,1271.38172599487,1271.38172599487,1271.38172599487,1271.38172599487,0
20220724T,1047.099356471561,1047.099356471561,1047.099356471561,1047.099356471561,0
20220725T,1318.8199196280912,1318.8199196280912,1318.8199196280912,1318.8199196280912,0
20220726T,1597.0581540600688,1597.0581540600688,1597.0581540600688,1597.0581540600688,0
20220727T,1441.075956016779,1441.075956016779,1441.075956016779,1441.075956016779,0
20220728T,3432.6978091969795,3432.6978091969795,3432.6978091969795,3432.6978091969795,0
20220729T,3009.788664867403,3009.788664867403,3009.788664867403,3009.788664867403,0
20220730T,2531.7883686656132,2531.7883686656132,2531.7883686656132,2531.7883686656132,0
20220731T,1465.8263746619923,1465.8263746619923,1465.8263746619923,1465.8263746619923,0
20220801T,2652.165916972095,2652.165916972095,2652.165916972095,2652.165916972095,0
20220802T,1295.9071549777873,1295.9071549777873,1295.9071549777873,1295.9071549777873,0
20220803T,1140.5222937432118,1140.5222937432118,1140.5222937432118,1140.5222937432118,0
20220804T,1235.3583031432354,1235.3583031432354,1235.3583031432354,1235.3583031432354,0
20220805T,1331.6754480078816,1331.6754480078816,1331.6754480078816,1331.6754480078816,0
20220806T,1356.8637840584852,1356.8637840584852,1356.8637840584852,1356.8637840584852,0
20220807T,1370.6122102465015,1370.6122102465015,1370.6122102465015,1370.6122102465015,0
20220808T,1275.9653813373297,1275.9653813373297,1275.9653813373297,1275.9653813373297,0
20220809T,1212.523502808297,1212.523502808297,1212.523502808297,1212.523502808297,0
20220810T,1337.3481806628406,1337.3481806628406,1337.3481806628406,1337.3481806628406,0
20220811T,2305.866056554951,2305.866056554951,2305.866056554951,2305.866056554951,0
20220812T,2516.12680753367,2516.12680753367,2516.12680753367,2516.12680753367,0
20220813T,1893.1126770176925,1893.1126770176925,1893.1126770176925,1893.1126770176925,0
20220814T,1247.342798050493,1247.342798050493,1247.342798050493,1247.342798050493,0
20220815T,1706.0169264940778,1706.0169264940778,1706.0169264940778,1706.0169264940778,0
20220816T,1586.6290970232803,1586.6290970232803,1586.6290970232803,1586.6290970232803,0
20220817T,1641.5319700950058,1641.5319700950058,1641.5319700950058,1641.5319700950058,0
20220818T,1253.2790622333996,1253.2790622333996,1253.2790622333996,1253.2790622333996,0
20220819T,2732.182853248669,2732.182853248669,2732.182853248669,2732.182853248669,0
20220820T,4303.896898844396,4303.896898844396,4303.896898844396,4303.896898844396,0
20220821T,5093.006293504732,5093.006293504732,5093.006293504732,5093.006293504732,0
20220822T,1831.8771466836333,1831.8771466836333,1831.8771466836333,1831.8771466836333,0
20220823T,1704.6272485638037,1704.6272485638037,1704.6272485638037,1704.6272485638037,0
20220824T,1687.1231199243339,1687.1231199243339,1687.1231199243339,1687.1231199243339,0
20220825T,1781.9299312559888,1781.9299312559888,1781.9299312559888,1781.9299312559888,0
20220826T,2563.961963923881,2563.961963923881,2563.961963923881,2563.961963923881,0
20220827T,1658.1091745640151,1658.1091745640151,1658.1091745640151,1658.1091745640151,0
20220828T,1149.5928251303267,1149.5928251303267,1149.5928251303267,1149.5928251303267,0
20220829T,4083.3592363246717,4083.3592363246717,4083.3592363246717,4083.3592363246717,0
20220830T,4407.333608565736,4407.333608565736,4407.333608565736,4407.333608565736,0
20220831T,1698.4656065923627,1698.4656065923627,1698.4656065923627,1698.4656065923627,0
20220901T,1725.1242224082816,1725.1242224082816,1725.1242224082816,1725.1242224082816,0
20220902T,2755.4579373718007,2755.4579373718007,2755.4579373718007,2755.4579373718007,0
20220903T,2181.9772857869684,2181.9772857869684,2181.9772857869684,2181.9772857869684,0
20220904T,1816.6256634687163,1816.6256634687163,1816.6256634687163,1816.6256634687163,0
20220905T,1894.440391138196,1894.440391138196,1894.440391138196,1894.440391138196,0
20220906T,2249.903785326751,2249.903785326751,2249.903785326751,2249.903785326751,0
20220907T,2896.51968014217,2896.51968014217,2896.51968014217,2896.51968014217,0
20220908T,2136.933510574512,2136.933510574512,2136.933510574512,2136.933510574512,0
20220909T,1855.693096014671,1855.693096014671,1855.693096014671,1855.693096014671,0
20220910T,2625.734436892206,2625.734436892206,2625.734436892206,2625.734436892206,0
20220911T,2065.7116620091256,2065.7116620091256,2065.7116620091256,2065.7116620091256,0
20220912T,1584.6037978635286,1584.6037978635286,1584.6037978635286,1584.6037978635286,0
20220913T,2087.0736257103563,2087.0736257103563,2087.0736257103563,2087.0736257103563,0
20220914T,3024.6336035318673,3024.6336035318673,3024.6336035318673,3024.6336035318673,0
20220915T,8628.737299824483,8628.737299824483,8628.737299824483,8628.737299824483,0
20220916T,3021.143052427855,3021.143052427855,3021.143052427855,3021.143052427855,0
20220917T,1985.2783337357105,1985.2783337357105,1985.2783337357105,1985.2783337357105,0
20220918T,3374.5463715267833,3374.5463715267833,3374.5463715267833,3374.5463715267833,0
20220919T,2594.513492850121,2594.513492850121,2594.513492850121,2594.513492850121,0
20220920T,2427.758624299953,2427.758624299953,2427.758624299953,2427.758624299953,0
20220921T,2059.353919893212,2059.353919893212,2059.353919893212,2059.353919893212,0
20220922T,1493.796910810168,1493.796910810168,1493.796910810168,1493.796910810168,0
20220923T,1710.9254002741072,1710.9254002741072,1710.9254002741072,1710.9254002741072,0
20220924T,3090.9179547925014,3090.9179547925014,3090.9179547925014,3090.9179547925014,0
20220925T,2573.7513403880876,2573.7513403880876,2573.7513403880876,2573.7513403880876,0
20220926T,1505.3397186165676,1505.3397186165676,1505.3397186165676,1505.3397186165676,0
20220927T,1802.5653225048445,1802.5653225048445,1802.5653225048445,1802.5653225048445,0
20220928T,2174.782973173773,2174.782973173773,2174.782973173773,2174.782973173773,0
20220929T,2056.419383555418,2056.419383555418,2056.419383555418,2056.419383555418,0
20220930T,2739.8773352203425,2739.8773352203425,2739.8773352203425,2739.8773352203425,0
20221001T,1760.4169330447912,1760.4169330447912,1760.4169330447912,1760.4169330447912,0
20221002T,1161.3573464218061,1161.3573464218061,1161.3573464218061,1161.3573464218061,0
20221003T,1396.0382450874895,1396.0382450874895,1396.0382450874895,1396.0382450874895,0
20221004T,1534.938473432907,1534.938473432907,1534.938473432907,1534.938473432907,0
20221005T,1838.8890848318115,1838.8890848318115,1838.8890848318115,1838.8890848318115,0
20221006T,1399.9409136028262,1399.9409136028262,1399.9409136028262,1399.9409136028262,0
20221007T,2023.51204845123,2023.51204845123,2023.51204845123,2023.51204845123,0
20221008T,1328.2276672321605,1328.2276672321605,1328.2276672321605,1328.2276672321605,0
20221009T,2498.395430542296,2498.395430542296,2498.395430542296,2498.395430542296,0
20221010T,2884.5051917121746,2884.5051917121746,2884.5051917121746,2884.5051917121746,0
20221011T,2129.236819653306,2129.236819653306,2129.236819653306,2129.236819653306,0
20221012T,1625.293216125574,1625.293216125574,1625.293216125574,1625.293216125574,0
20221013T,2136.3728230474517,2136.3728230474517,2136.3728230474517,2136.3728230474517,0
20221014T,2927.7552690302546,2927.7552690302546,2927.7552690302546,2927.7552690302546,0
20221015T,3332.3121034540236,3332.3121034540236,3332.3121034540236,3332.3121034540236,0
20221016T,1635.0593794730958,1635.0593794730958,1635.0593794730958,1635.0593794730958,0
20221017T,1879.7241663448513,1879.7241663448513,1879.7241663448513,1879.7241663448513,0
20221018T,2496.9694994408637,2496.9694994408637,2496.9694994408637,2496.9694994408637,0
20221019T,3266.243752835435,3266.243752835435,3266.243752835435,3266.243752835435,0
20221020T,1979.5927051041508,1979.5927051041508,1979.5927051041508,1979.5927051041508,0
20221021T,1737.1925135664642,1737.1925135664642,1737.1925135664642,1737.1925135664642,0
20221022T,1839.7490535476245,1839.7490535476245,1839.7490535476245,1839.7490535476245,0
20221023T,1563.0654275575653,1563.0654275575653,1563.0654275575653,1563.0654275575653,0
20221024T,1839.8732361975126,1839.8732361975126,1839.8732361975126,1839.8732361975126,0
20221025T,5095.304665204603,5095.304665204603,5095.304665204603,5095.304665204603,0
20221026T,5318.685791997239,5318.685791997239,5318.685791997239,5318.685791997239,0
20221027T,2471.1705634885,2471.1705634885,2471.1705634885,2471.1705634885,0
20221028T,3074.8457714612596,3074.8457714612596,3074.8457714612596,3074.8457714612596,0
20221029T,2374.0195940116537,2374.0195940116537,2374.0195940116537,2374.0195940116537,0
20221030T,2646.217685581709,2646.217685581709,2646.217685581709,2646.217685581709,0
20221031T,2925.0989821243566,2925.0989821243566,2925.0989821243566,2925.0989821243566,0
20221101T,2307.5738204265945,2307.5738204265945,2307.5738204265945,2307.5738204265945,0
20221102T,1619.6966808974394,1619.6966808974394,1619.6966808974394,1619.6966808974394,0
20221103T,2439.0084951783065,2439.0084951783065,2439.0084951783065,2439.0084951783065,0
20221104T,2177.1178628699854,2177.1178628699854,2177.1178628699854,2177.1178628699854,0
20221105T,1558.6957554652472,1558.6957554652472,1558.6957554652472,1558.6957554652472,0
20221106T,1385.9762275726534,1385.9762275726534,1385.9762275726534,1385.9762275726534,0
20221107T,1595.454928918276,1595.454928918276,1595.454928918276,1595.454928918276,0
20221108T,1616.4119603438303,1616.4119603438303,1616.4119603438303,1616.4119603438303,0
20221109T,4511.662676975975,4511.662676975975,4511.662676975975,4511.662676975975,0
20221110T,2316.373633502517,2316.373633502517,2316.373633502517,2316.373633502517,0
20221111T,1758.178614225646,1758.178614225646,1758.178614225646,1758.178614225646,0
20221112T,1211.019721603021,1211.019721603021,1211.019721603021,1211.019721603021,0
20221113T,1266.455010319245,1266.455010319245,1266.455010319245,1266.455010319245,0
20221114T,1763.1886081695557,1763.1886081695557,1763.1886081695557,1763.1886081695557,0
20221115T,1265.9339638371312,1265.9339638371312,1265.9339638371312,1265.9339638371312,0
20221116T,1095.9957336413208,1095.9957336413208,1095.9957336413208,1095.9957336413208,0
20221117T,4545.845724768937,4545.845724768937,4545.845724768937,4545.845724768937,0
20221118T,1322.8632719930101,1322.8632719930101,1322.8632719930101,1322.8632719930101,0
20221119T,1329.3300959349144,1329.3300959349144,1329.3300959349144,1329.3300959349144,0
20221120T,2682.14812930848,2682.14812930848,2682.14812930848,2682.14812930848,0
20221121T,1981.090668493067,1981.090668493067,1981.090668493067,1981.090668493067,0
20221122T,1934.1092745233327,1934.1092745233327,1934.1092745233327,1934.1092745233327,0
20221123T,4056.702509106137,4056.702509106137,4056.702509106137,4056.702509106137,0
20221124T,3768.400886015035,3768.400886015035,3768.400886015035,3768.400886015035,0
20221125T,2268.2185982232913,2268.2185982232913,2268.2185982232913,2268.2185982232913,0
20221126T,1926.8524301159196,1926.8524301159196,1926.8524301159196,1926.8524301159196,0
20221127T,1079.9349567461759,1079.9349567461759,1079.9349567461759,1079.9349567461759,0
20221128T,1430.5547380521894,1430.5547380521894,1430.5547380521894,1430.5547380521894,0
20221129T,1894.9171115169302,1894.9171115169302,1894.9171115169302,1894.9171115169302,0
20221130T,1570.823292920919,1570.823292920919,1570.823292920919,1570.823292920919,0
20221201T,1121.292373209726,1121.292373209726,1121.292373209726,1121.292373209726,0
20221202T,1338.6035121739842,1338.6035121739842,1338.6035121739842,1338.6035121739842,0
20221203T,980.2750321510248,980.2750321510248,980.2750321510248,980.2750321510248,0
20221204T,835.6538802956784,835.6538802956784,835.6538802956784,835.6538802956784,0
20221205T,995.0638461392373,995.0638461392373,995.0638461392373,995.0638461392373,0
20221206T,941.0230182847008,941.0230182847008,941.0230182847008,941.0230182847008,0
20221207T,1011.0224236662616,1011.0224236662616,1011.0224236662616,1011.0224236662616,0
20221208T,1131.0964975466486,1131.0964975466486,1131.0964975466486,1131.0964975466486,0
20221209T,1370.7393572859,1370.7393572859,1370.7393572859,1370.7393572859,0
20221210T,1363.8280022521503,1363.8280022521503,1363.8280022521503,1363.8280022521503,0
20221211T,924.3314513647929,924.3314513647929,924.3314513647929,924.3314513647929,0
20221212T,1750.6706096180133,1750.6706096180133,1750.6706096180133,1750.6706096180133,0
20221213T,2151.086382091511,2151.086382091511,2151.086382091511,2151.086382091511,0
20221214T,2006.595858096145,2006.595858096145,2006.595858096145,2006.595858096145,0
20221215T,1958.8356753862463,1958.8356753862463,1958.8356753862463,1958.8356753862463,0
20221216T,1875.8203131695627,1875.8203131695627,1875.8203131695627,1875.8203131695627,0
20221217T,2421.668838431273,2421.668838431273,2421.668838431273,2421.668838431273,0
20221218T,1411.085196169326,1411.085196169326,1411.085196169326,1411.085196169326,0
20221219T,2201.326176898321,2201.326176898321,2201.326176898321,2201.326176898321,0
20221220T,2344.599209098349,2344.599209098349,2344.599209098349,2344.599209098349,0
20221221T,2242.60069841519,2242.60069841519,2242.60069841519,2242.60069841519,0
20221222T,2202.478228095919,2202.478228095919,2202.478228095919,2202.478228095919,0
20221223T,1966.037491242867,1966.037491242867,1966.037491242867,1966.037491242867,0
20221224T,5809.366406852379,5809.366406852379,5809.366406852379,5809.366406852379,0
20221225T,5032.331249533221,5032.331249533221,5032.331249533221,5032.331249533221,0
20221226T,2121.4020768719492,2121.4020768719492,2121.4020768719492,2121.4020768719492,0
20221227T,1157.229196997825,1157.229196997825,1157.229196997825,1157.229196997825,0
20221228T,2421.1486971442646,2421.1486971442646,2421.1486971442646,2421.1486971442646,0
20221229T,2228.0880965612596,2228.0880965612596,2228.0880965612596,2228.0880965612596,0
20221230T,4097.112322295783,4097.112322295783,4097.112322295783,4097.112322295783,0
20221231T,4366.227766309166,4366.227766309166,4366.227766309166,4366.227766309166,0
20230101T,2200.8433261986356,2200.8433261986356,2200.8433261986356,2200.8433261986356,0
20230102T,1721.020352769231,1721.020352769231,1721.020352769231,1721.020352769231,0
20230103T,2339.0792456563795,2339.0792456563795,2339.0792456563795,2339.0792456563795,0
20230104T,4756.975094432244,4756.975094432244,4756.975094432244,4756.975094432244,0
20230105T,2796.8637735878583,2796.8637735878583,2796.8637735878583,2796.8637735878583,0
20230106T,7318.55859542964,7318.55859542964,7318.55859542964,7318.55859542964,0
20230107T,1910.7770996997133,1910.7770996997133,1910.7770996997133,1910.7770996997133,0
20230108T,2643.234514005482,2643.234514005482,2643.234514005482,2643.234514005482,0
20230109T,3257.7388733883854,3257.7388733883854,3257.7388733883854,3257.7388733883854,0
20230110T,2009.481805043295,2009.481805043295,2009.481805043295,2009.481805043295,0
20230111T,2173.3347528877202,2173.3347528877202,2173.3347528877202,2173.3347528877202,0
20230112T,2236.551958175609,2236.551958175609,2236.551958175609,2236.551958175609,0
20230113T,3544.5065439795144,3544.5065439795144,3544.5065439795144,3544.5065439795144,0
20230114T,6654.374799745099,6654.374799745099,6654.374799745099,6654.374799745099,0
20230115T,2025.1655363021418,2025.1655363021418,2025.1655363021418,2025.1655363021418,0
20230116T,3702.5905802254565,3702.5905802254565,3702.5905802254565,3702.5905802254565,0
20230117T,2817.4294860502705,2817.4294860502705,2817.4294860502705,2817.4294860502705,0
20230118T,1894.0090338706505,1894.0090338706505,1894.0090338706505,1894.0090338706505,0
20230119T,2491.750808874145,2491.750808874145,2491.750808874145,2491.750808874145,0
20230120T,2032.2420882860315,2032.2420882860315,2032.2420882860315,2032.2420882860315,0
20230121T,1703.5485283506569,1703.5485283506569,1703.5485283506569,1703.5485283506569,0
20230122T,1601.8996039777994,1601.8996039777994,1601.8996039777994,1601.8996039777994,0
20230123T,2721.210157581867,2721.210157581867,2721.210157581867,2721.210157581867,0
20230124T,4053.0909433416964,4053.0909433416964,4053.0909433416964,4053.0909433416964,0
20230125T,3132.835619781661,3132.835619781661,3132.835619781661,3132.835619781661,0
20230126T,1556.6064313281022,1556.6064313281022,1556.6064313281022,1556.6064313281022,0
20230127T,1862.888361922931,1862.888361922931,1862.888361922931,1862.888361922931,0
20230128T,1443.8096357667819,1443.8096357667819,1443.8096357667819,1443.8096357667819,0
20230129T,1528.8041691356339,1528.8041691356339,1528.8041691356339,1528.8041691356339,0
20230130T,6398.739997949684,6398.739997949684,6398.739997949684,6398.739997949684,0
20230131T,5214.384826722904,5214.384826722904,5214.384826722904,5214.384826722904,0
20230201T,2472.6789264266845,2472.6789264266845,2472.6789264266845,2472.6789264266845,0
20230202T,2103.4952179366956,2103.4952179366956,2103.4952179366956,2103.4952179366956,0
20230203T,1621.3883647117764,1621.3883647117764,1621.3883647117764,1621.3883647117764,0
20230204T,2640.403950069798,2640.403950069798,2640.403950069798,2640.403950069798,0
20230205T,3104.8476042351685,3104.8476042351685,3104.8476042351685,3104.8476042351685,0
20230206T,2437.384128435515,2437.384128435515,2437.384128435515,2437.384128435515,0
20230207T,3043.8512192519847,3043.8512192519847,3043.8512192519847,3043.8512192519847,0
