20200505T,546.0,546.0,546.0,546.0,0
20200506T,729.0,729.0,729.0,729.0,0
20200507T,1014.0,1014.0,1014.0,1014.0,0
20200508T,927.0,927.0,927.0,927.0,0
20200509T,710.0,710.0,710.0,710.0,0
20200510T,733.0,733.0,733.0,733.0,0
20200511T,675.0,675.0,675.0,675.0,0
20200512T,765.0,765.0,765.0,765.0,0
20200513T,782.0,782.0,782.0,782.0,0
20200514T,834.0,834.0,834.0,834.0,0
20200515T,717.0,717.0,717.0,717.0,0
20200516T,627.0,627.0,627.0,627.0,0
20200517T,613.0,613.0,613.0,613.0,0
20200518T,976.0,976.0,976.0,976.0,0
20200519T,670.0,670.0,670.0,670.0,0
20200520T,961.0,961.0,961.0,961.0,0
20200521T,1010.0,1010.0,1010.0,1010.0,0
20200522T,907.0,907.0,907.0,907.0,0
20200523T,739.0,739.0,739.0,739.0,0
20200524T,776.0,776.0,776.0,776.0,0
20200525T,865.0,865.0,865.0,865.0,0
20200526T,809.0,809.0,809.0,809.0,0
20200527T,797.0,797.0,797.0,797.0,0
20200528T,911.0,911.0,911.0,911.0,0
20200529T,914.0,914.0,914.0,914.0,0
20200530T,1362.0,1362.0,1362.0,1362.0,0
20200531T,901.0,901.0,901.0,901.0,0
20200601T,1124.0,1124.0,1124.0,1124.0,0
20200602T,984.0,984.0,984.0,984.0,0
20200603T,831.0,831.0,831.0,831.0,0
20200604T,1007.0,1007.0,1007.0,1007.0,0
20200605T,610.0,610.0,610.0,610.0,0
20200606T,560.0,560.0,560.0,560.0,0
20200607T,507.0,507.0,507.0,507.0,0
20200608T,624.0,624.0,624.0,624.0,0
20200609T,566.0,566.0,566.0,566.0,0
20200610T,900.0,900.0,900.0,900.0,0
20200611T,693.0,693.0,693.0,693.0,0
20200612T,726.0,726.0,726.0,726.0,0
20200613T,491.0,491.0,491.0,491.0,0
20200614T,672.0,672.0,672.0,672.0,0
20200615T,716.0,716.0,716.0,716.0,0
20200616T,622.0,622.0,622.0,622.0,0
20200617T,790.0,790.0,790.0,790.0,0
20200618T,754.0,754.0,754.0,754.0,0
20200619T,789.0,789.0,789.0,789.0,0
20200620T,600.0,600.0,600.0,600.0,0
20200621T,598.0,598.0,598.0,598.0,0
20200622T,1135.0,1135.0,1135.0,1135.0,0
20200623T,720.0,720.0,720.0,720.0,0
20200624T,1022.0,1022.0,1022.0,1022.0,0
20200625T,662.0,662.0,662.0,662.0,0
20200626T,610.0,610.0,610.0,610.0,0
20200627T,660.0,660.0,660.0,660.0,0
20200628T,702.0,702.0,702.0,702.0,0
20200629T,595.0,595.0,595.0,595.0,0
20200630T,646.0,646.0,646.0,646.0,0
20200701T,605.0,605.0,605.0,605.0,0
20200702T,609.0,609.0,609.0,609.0,0
20200703T,591.0,591.0,591.0,591.0,0
20200704T,418.0,418.0,418.0,418.0,0
20200705T,514.0,514.0,514.0,514.0,0
20200706T,841.0,841.0,841.0,841.0,0
20200707T,867.0,867.0,867.0,867.0,0
20200708T,1208.0,1208.0,1208.0,1208.0,0
20200709T,952.0,952.0,952.0,952.0,0
20200710T,973.0,973.0,973.0,973.0,0
20200711T,834.0,834.0,834.0,834.0,0
20200712T,787.0,787.0,787.0,787.0,0
20200713T,816.0,816.0,816.0,816.0,0
20200714T,857.0,857.0,857.0,857.0,0
20200715T,909.0,909.0,909.0,909.0,0
20200716T,853.0,853.0,853.0,853.0,0
20200717T,759.0,759.0,759.0,759.0,0
20200718T,888.0,888.0,888.0,888.0,0
20200719T,905.0,905.0,905.0,905.0,0
20200720T,959.0,959.0,959.0,959.0,0
20200721T,1239.0,1239.0,1239.0,1239.0,0
20200722T,1652.0,1652.0,1652.0,1652.0,0
20200723T,2194.0,2194.0,2194.0,2194.0,0
20200724T,1844.0,1844.0,1844.0,1844.0,0
20200725T,2030.0,2030.0,2030.0,2030.0,0
20200726T,1998.0,1998.0,1998.0,1998.0,0
20200727T,2512.0,2512.0,2512.0,2512.0,0
20200728T,1585.0,1585.0,1585.0,1585.0,0
20200729T,1267.0,1267.0,1267.0,1267.0,0
20200730T,1679.0,1679.0,1679.0,1679.0,0
20200731T,1691.0,1691.0,1691.0,1691.0,0
20200801T,2410.0,2410.0,2410.0,2410.0,0
20200802T,2545.0,2545.0,2545.0,2545.0,0
20200803T,1482.0,1482.0,1482.0,1482.0,0
20200804T,1592.0,1592.0,1592.0,1592.0,0
20200805T,1488.0,1488.0,1488.0,1488.0,0
20200806T,1514.0,1514.0,1514.0,1514.0,0
20200807T,1783.0,1783.0,1783.0,1783.0,0
20200808T,1851.0,1851.0,1851.0,1851.0,0
20200809T,1907.0,1907.0,1907.0,1907.0,0
20200810T,1844.0,1844.0,1844.0,1844.0,0
20200811T,1718.0,1718.0,1718.0,1718.0,0
20200812T,1754.0,1754.0,1754.0,1754.0,0
20200813T,2624.0,2624.0,2624.0,2624.0,0
20200814T,2400.0,2400.0,2400.0,2400.0,0
20200815T,1661.0,1661.0,1661.0,1661.0,0
20200816T,1636.0,1636.0,1636.0,1636.0,0
20200817T,1585.0,1585.0,1585.0,1585.0,0
20200818T,1367.0,1367.0,1367.0,1367.0,0
20200819T,1297.0,1297.0,1297.0,1297.0,0
20200820T,1216.0,1216.0,1216.0,1216.0,0
20200821T,1082.0,1082.0,1082.0,1082.0,0
20200822T,1088.0,1088.0,1088.0,1088.0,0
20200823T,831.0,831.0,831.0,831.0,0
20200824T,1092.0,1092.0,1092.0,1092.0,0
20200825T,1265.0,1265.0,1265.0,1265.0,0
20200826T,1151.0,1151.0,1151.0,1151.0,0
20200827T,1087.0,1087.0,1087.0,1087.0,0
20200828T,953.0,953.0,953.0,953.0,0
20200829T,764.0,764.0,764.0,764.0,0
20200830T,1096.0,1096.0,1096.0,1096.0,0
20200831T,1399.0,1399.0,1399.0,1399.0,0
20200901T,2660.0,2660.0,2660.0,2660.0,0
20200902T,1825.0,1825.0,1825.0,1825.0,0
20200903T,1847.0,1847.0,1847.0,1847.0,0
20200904T,1443.0,1443.0,1443.0,1443.0,0
20200905T,1715.0,1715.0,1715.0,1715.0,0
20200906T,1186.0,1186.0,1186.0,1186.0,0
20200907T,1079.0,1079.0,1079.0,1079.0,0
20200908T,930.0,930.0,930.0,930.0,0
20200909T,961.0,961.0,961.0,961.0,0
20200910T,1102.0,1102.0,1102.0,1102.0,0
20200911T,958.0,958.0,958.0,958.0,0
20200912T,1056.0,1056.0,1056.0,1056.0,0
20200913T,1187.0,1187.0,1187.0,1187.0,0
20200914T,882.0,882.0,882.0,882.0,0
20200915T,1020.0,1020.0,1020.0,1020.0,0
20200916T,1121.0,1121.0,1121.0,1121.0,0
20200917T,1753.0,1753.0,1753.0,1753.0,0
20200918T,1195.0,1195.0,1195.0,1195.0,0
20200919T,1045.0,1045.0,1045.0,1045.0,0
20200920T,1231.0,1231.0,1231.0,1231.0,0
20200921T,1077.0,1077.0,1077.0,1077.0,0
20200922T,1206.0,1206.0,1206.0,1206.0,0
20200923T,1136.0,1136.0,1136.0,1136.0,0
20200924T,984.0,984.0,984.0,984.0,0
20200925T,795.0,795.0,795.0,795.0,0
20200926T,991.0,991.0,991.0,991.0,0
20200927T,1303.0,1303.0,1303.0,1303.0,0
20200928T,1032.0,1032.0,1032.0,1032.0,0
20200929T,1086.0,1086.0,1086.0,1086.0,0
20200930T,947.0,947.0,947.0,947.0,0
20201001T,1445.0,1445.0,1445.0,1445.0,0
20201002T,1270.0,1270.0,1270.0,1270.0,0
20201003T,1200.0,1200.0,1200.0,1200.0,0
20201004T,1165.0,1165.0,1165.0,1165.0,0
20201005T,1256.0,1256.0,1256.0,1256.0,0
20201006T,1218.0,1218.0,1218.0,1218.0,0
20201007T,1347.0,1347.0,1347.0,1347.0,0
20201008T,1601.0,1601.0,1601.0,1601.0,0
20201009T,1196.0,1196.0,1196.0,1196.0,0
20201010T,986.0,986.0,986.0,986.0,0
20201011T,845.0,845.0,845.0,845.0,0
20201012T,970.0,970.0,970.0,970.0,0
20201013T,758.0,758.0,758.0,758.0,0
20201014T,977.0,977.0,977.0,977.0,0
20201015T,1027.0,1027.0,1027.0,1027.0,0
20201016T,790.0,790.0,790.0,790.0,0
20201017T,975.0,975.0,975.0,975.0,0
20201018T,731.0,731.0,731.0,731.0,0
20201019T,772.0,772.0,772.0,772.0,0
20201020T,949.0,949.0,949.0,949.0,0
20201021T,1331.0,1331.0,1331.0,1331.0,0
20201022T,1194.0,1194.0,1194.0,1194.0,0
20201023T,764.0,764.0,764.0,764.0,0
20201024T,952.0,952.0,952.0,952.0,0
20201025T,660.0,660.0,660.0,660.0,0
20201026T,825.0,825.0,825.0,825.0,0
20201027T,836.0,836.0,836.0,836.0,0
20201028T,771.0,771.0,771.0,771.0,0
20201029T,754.0,754.0,754.0,754.0,0
20201030T,787.0,787.0,787.0,787.0,0
20201031T,702.0,702.0,702.0,702.0,0
20201101T,655.0,655.0,655.0,655.0,0
20201102T,706.0,706.0,706.0,706.0,0
20201103T,663.0,663.0,663.0,663.0,0
20201104T,1087.0,1087.0,1087.0,1087.0,0
20201105T,1277.0,1277.0,1277.0,1277.0,0
20201106T,1223.0,1223.0,1223.0,1223.0,0
20201107T,927.0,927.0,927.0,927.0,0
20201108T,799.0,799.0,799.0,799.0,0
20201109T,806.0,806.0,806.0,806.0,0
20201110T,1112.0,1112.0,1112.0,1112.0,0
20201111T,1716.0,1716.0,1716.0,1716.0,0
20201112T,1123.0,1123.0,1123.0,1123.0,0
20201113T,960.0,960.0,960.0,960.0,0
20201114T,735.0,735.0,735.0,735.0,0
20201115T,590.0,590.0,590.0,590.0,0
20201116T,837.0,837.0,837.0,837.0,0
20201117T,1092.0,1092.0,1092.0,1092.0,0
20201118T,1233.0,1233.0,1233.0,1233.0,0
20201119T,1026.0,1026.0,1026.0,1026.0,0
20201120T,1468.0,1468.0,1468.0,1468.0,0
20201121T,1408.0,1408.0,1408.0,1408.0,0
20201122T,1431.0,1431.0,1431.0,1431.0,0
20201123T,1930.0,1930.0,1930.0,1930.0,0
20201124T,1855.0,1855.0,1855.0,1855.0,0
20201125T,1214.0,1214.0,1214.0,1214.0,0
20201126T,1107.0,1107.0,1107.0,1107.0,0
20201127T,910.0,910.0,910.0,910.0,0
20201128T,902.0,902.0,902.0,902.0,0
20201129T,922.0,922.0,922.0,922.0,0
20201130T,1344.0,1344.0,1344.0,1344.0,0
20201201T,1742.0,1742.0,1742.0,1742.0,0
20201202T,1119.0,1119.0,1119.0,1119.0,0
20201203T,1056.0,1056.0,1056.0,1056.0,0
20201204T,956.0,956.0,956.0,956.0,0
20201205T,954.0,954.0,954.0,954.0,0
20201206T,713.0,713.0,713.0,713.0,0
20201207T,956.0,956.0,956.0,956.0,0
20201208T,1051.0,1051.0,1051.0,1051.0,0
20201209T,1451.0,1451.0,1451.0,1451.0,0
20201210T,795.0,795.0,795.0,795.0,0
20201211T,853.0,853.0,853.0,853.0,0
20201212T,675.0,675.0,675.0,675.0,0
20201213T,727.0,727.0,727.0,727.0,0
20201214T,869.0,869.0,869.0,869.0,0
20201215T,789.0,789.0,789.0,789.0,0
20201216T,1031.0,1031.0,1031.0,1031.0,0
20201217T,1320.0,1320.0,1320.0,1320.0,0
20201218T,1053.0,1053.0,1053.0,1053.0,0
20201219T,1099.0,1099.0,1099.0,1099.0,0
20201220T,940.0,940.0,940.0,940.0,0
20201221T,884.0,884.0,884.0,884.0,0
20201222T,1412.0,1412.0,1412.0,1412.0,0
20201223T,1235.0,1235.0,1235.0,1235.0,0
20201224T,960.0,960.0,960.0,960.0,0
20201225T,629.0,629.0,629.0,629.0,0
20201226T,1078.0,1078.0,1078.0,1078.0,0
20201227T,1726.0,1726.0,1726.0,1726.0,0
20201228T,2749.0,2749.0,2749.0,2749.0,0
20201229T,1671.0,1671.0,1671.0,1671.0,0
20201230T,1348.0,1348.0,1348.0,1348.0,0
20201231T,1580.0,1580.0,1580.0,1580.0,0
20210101T,1123.0,1123.0,1123.0,1123.0,0
20210102T,1788.0,1788.0,1788.0,1788.0,0
20210103T,3265.0,3265.0,3265.0,3265.0,0
20210104T,3660.0,3660.0,3660.0,3660.0,0
20210105T,2961.0,2961.0,2961.0,2961.0,0
20210106T,2356.0,2356.0,2356.0,2356.0,0
20210107T,2238.0,2238.0,2238.0,2238.0,0
20210108T,2132.0,2132.0,2132.0,2132.0,0
20210109T,2107.0,2107.0,2107.0,2107.0,0
20210110T,2667.0,2667.0,2667.0,2667.0,0
20210111T,2304.0,2304.0,2304.0,2304.0,0
20210112T,1577.0,1577.0,1577.0,1577.0,0
20210113T,1351.0,1351.0,1351.0,1351.0,0
20210114T,1561.0,1561.0,1561.0,1561.0,0
20210115T,1536.0,1536.0,1536.0,1536.0,0
20210116T,1887.0,1887.0,1887.0,1887.0,0
20210117T,1650.0,1650.0,1650.0,1650.0,0
20210118T,1692.0,1692.0,1692.0,1692.0,0
20210119T,3555.0,3555.0,3555.0,3555.0,0
20210120T,2016.0,2016.0,2016.0,2016.0,0
20210121T,1512.0,1512.0,1512.0,1512.0,0
20210122T,1475.0,1475.0,1475.0,1475.0,0
20210123T,1783.0,1783.0,1783.0,1783.0,0
20210124T,2417.0,2417.0,2417.0,2417.0,0
20210125T,2333.0,2333.0,2333.0,2333.0,0
20210126T,1654.0,1654.0,1654.0,1654.0,0
20210127T,1542.0,1542.0,1542.0,1542.0,0
20210128T,1574.0,1574.0,1574.0,1574.0,0
20210129T,2212.0,2212.0,2212.0,2212.0,0
20210130T,1556.0,1556.0,1556.0,1556.0,0
20210131T,1415.0,1415.0,1415.0,1415.0,0
20210201T,1926.0,1926.0,1926.0,1926.0,0
20210202T,2972.0,2972.0,2972.0,2972.0,0
20210203T,2417.0,2417.0,2417.0,2417.0,0
20210204T,1891.0,1891.0,1891.0,1891.0,0
20210205T,1774.0,1774.0,1774.0,1774.0,0
20210206T,1640.0,1640.0,1640.0,1640.0,0
20210207T,1599.0,1599.0,1599.0,1599.0,0
20210208T,2132.0,2132.0,2132.0,2132.0,0
20210209T,1841.0,1841.0,1841.0,1841.0,0
20210210T,1629.0,1629.0,1629.0,1629.0,0
20210211T,1337.0,1337.0,1337.0,1337.0,0
20210212T,2526.0,2526.0,2526.0,2526.0,0
20210213T,1394.0,1394.0,1394.0,1394.0,0
20210214T,1014.0,1014.0,1014.0,1014.0,0
20210215T,1084.0,1084.0,1084.0,1084.0,0
20210216T,1532.0,1532.0,1532.0,1532.0,0
20210217T,1315.0,1315.0,1315.0,1315.0,0
20210218T,2040.0,2040.0,2040.0,2040.0,0
20210219T,2761.0,2761.0,2761.0,2761.0,0
20210220T,2247.0,2247.0,2247.0,2247.0,0
20210221T,1844.0,1844.0,1844.0,1844.0,0
20210222T,2744.0,2744.0,2744.0,2744.0,0
20210223T,2410.0,2410.0,2410.0,2410.0,0
20210224T,1873.0,1873.0,1873.0,1873.0,0
20210225T,1753.0,1753.0,1753.0,1753.0,0
20210226T,1548.0,1548.0,1548.0,1548.0,0
20210227T,2319.0,2319.0,2319.0,2319.0,0
20210228T,2293.0,2293.0,2293.0,2293.0,0
20210301T,1727.0,1727.0,1727.0,1727.0,0
20210302T,1506.0,1506.0,1506.0,1506.0,0
20210303T,1418.0,1418.0,1418.0,1418.0,0
20210304T,1101.0,1101.0,1101.0,1101.0,0
20210305T,1154.0,1154.0,1154.0,1154.0,0
20210306T,2314.0,2314.0,2314.0,2314.0,0
20210307T,1615.0,1615.0,1615.0,1615.0,0
20210308T,1593.0,1593.0,1593.0,1593.0,0
20210309T,1646.0,1646.0,1646.0,1646.0,0
20210310T,1468.0,1468.0,1468.0,1468.0,0
20210311T,1478.0,1478.0,1478.0,1478.0,0
20210312T,1469.0,1469.0,1469.0,1469.0,0
20210313T,1652.0,1652.0,1652.0,1652.0,0
20210314T,1212.0,1212.0,1212.0,1212.0,0
20210315T,1365.0,1365.0,1365.0,1365.0,0
20210316T,1390.0,1390.0,1390.0,1390.0,0
20210317T,1113.0,1113.0,1113.0,1113.0,0
20210318T,1298.0,1298.0,1298.0,1298.0,0
20210319T,1497.0,1497.0,1497.0,1497.0,0
20210320T,2075.0,2075.0,2075.0,2075.0,0
20210321T,1270.0,1270.0,1270.0,1270.0,0
20210322T,1286.0,1286.0,1286.0,1286.0,0
20210323T,1178.0,1178.0,1178.0,1178.0,0
20210324T,1235.0,1235.0,1235.0,1235.0,0
20210325T,1212.0,1212.0,1212.0,1212.0,0
20210326T,1172.0,1172.0,1172.0,1172.0,0
20210327T,964.0,964.0,964.0,964.0,0
20210328T,1025.0,1025.0,1025.0,1025.0,0
20210329T,1876.0,1876.0,1876.0,1876.0,0
20210330T,1610.0,1610.0,1610.0,1610.0,0
20210331T,1547.0,1547.0,1547.0,1547.0,0
20210401T,1558.0,1558.0,1558.0,1558.0,0
20210402T,2150.0,2150.0,2150.0,2150.0,0
20210403T,1795.0,1795.0,1795.0,1795.0,0
20210404T,1556.0,1556.0,1556.0,1556.0,0
20210405T,1759.0,1759.0,1759.0,1759.0,0
20210406T,1651.0,1651.0,1651.0,1651.0,0
20210407T,1424.0,1424.0,1424.0,1424.0,0
20210408T,1596.0,1596.0,1596.0,1596.0,0
20210409T,1327.0,1327.0,1327.0,1327.0,0
20210410T,1726.0,1726.0,1726.0,1726.0,0
20210411T,1435.0,1435.0,1435.0,1435.0,0
20210412T,1602.0,1602.0,1602.0,1602.0,0
20210413T,2128.0,2128.0,2128.0,2128.0,0
20210414T,2380.0,2380.0,2380.0,2380.0,0
20210415T,2600.0,2600.0,2600.0,2600.0,0
20210416T,2248.0,2248.0,2248.0,2248.0,0
20210417T,1627.0,1627.0,1627.0,1627.0,0
20210418T,1674.0,1674.0,1674.0,1674.0,0
20210419T,1334.0,1334.0,1334.0,1334.0,0
20210420T,1581.0,1581.0,1581.0,1581.0,0
20210421T,2143.0,2143.0,2143.0,2143.0,0
20210422T,3260.0,3260.0,3260.0,3260.0,0
20210423T,1876.0,1876.0,1876.0,1876.0,0
20210424T,1629.0,1629.0,1629.0,1629.0,0
20210425T,2087.0,2087.0,2087.0,2087.0,0
20210426T,1766.0,1766.0,1766.0,1766.0,0
20210427T,2356.0,2356.0,2356.0,2356.0,0
20210428T,2852.0,2852.0,2852.0,2852.0,0
20210429T,2630.0,2630.0,2630.0,2630.0,0
20210430T,2146.0,2146.0,2146.0,2146.0,0
20210501T,2758.0,2758.0,2758.0,2758.0,0
20210502T,2768.0,2768.0,2768.0,2768.0,0
20210503T,7618.0,7618.0,7618.0,7618.0,0
20210504T,4956.0,4956.0,4956.0,4956.0,0
20210505T,3345.0,3345.0,3345.0,3345.0,0
20210506T,3477.0,3477.0,3477.0,3477.0,0
20210507T,2299.0,2299.0,2299.0,2299.0,0
20210508T,3842.0,3842.0,3842.0,3842.0,0
20210509T,3072.0,3072.0,3072.0,3072.0,0
20210510T,5689.0,5689.0,5689.0,5689.0,0
20210511T,3007.0,3007.0,3007.0,3007.0,0
20210512T,4710.0,4710.0,4710.0,4710.0,0
20210513T,4385.0,4385.0,4385.0,4385.0,0
20210514T,2587.0,2587.0,2587.0,2587.0,0
20210515T,2609.0,2609.0,2609.0,2609.0,0
20210516T,3345.0,3345.0,3345.0,3345.0,0
20210517T,2484.0,2484.0,2484.0,2484.0,0
20210518T,2185.0,2185.0,2185.0,2185.0,0
20210519T,3276.0,3276.0,3276.0,3276.0,0
20210520T,2113.0,2113.0,2113.0,2113.0,0
20210521T,2280.0,2280.0,2280.0,2280.0,0
20210522T,2058.0,2058.0,2058.0,2058.0,0
20210523T,3162.0,3162.0,3162.0,3162.0,0
20210524T,2323.0,2323.0,2323.0,2323.0,0
20210525T,2151.0,2151.0,2151.0,2151.0,0
20210526T,2133.0,2133.0,2133.0,2133.0,0
20210527T,2416.0,2416.0,2416.0,2416.0,0
20210528T,2219.0,2219.0,2219.0,2219.0,0
20210529T,1635.0,1635.0,1635.0,1635.0,0
20210530T,1674.0,1674.0,1674.0,1674.0,0
20210531T,2028.0,2028.0,2028.0,2028.0,0
20210601T,1942.0,1942.0,1942.0,1942.0,0
20210602T,1802.0,1802.0,1802.0,1802.0,0
20210603T,1809.0,1809.0,1809.0,1809.0,0
20210604T,1577.0,1577.0,1577.0,1577.0,0
20210605T,1564.0,1564.0,1564.0,1564.0,0
20210606T,1735.0,1735.0,1735.0,1735.0,0
20210607T,2057.0,2057.0,2057.0,2057.0,0
20210608T,1648.0,1648.0,1648.0,1648.0,0
20210609T,1731.0,1731.0,1731.0,1731.0,0
20210610T,1487.0,1487.0,1487.0,1487.0,0
20210611T,1258.0,1258.0,1258.0,1258.0,0
20210612T,1322.0,1322.0,1322.0,1322.0,0
20210613T,1851.0,1851.0,1851.0,1851.0,0
20210614T,1517.0,1517.0,1517.0,1517.0,0
20210615T,1393.0,1393.0,1393.0,1393.0,0
20210616T,1294.0,1294.0,1294.0,1294.0,0
20210617T,1107.0,1107.0,1107.0,1107.0,0
20210618T,1229.0,1229.0,1229.0,1229.0,0
20210619T,997.0,997.0,997.0,997.0,0
20210620T,1013.0,1013.0,1013.0,1013.0,0
20210621T,1562.0,1562.0,1562.0,1562.0,0
20210622T,1578.0,1578.0,1578.0,1578.0,0
20210623T,1169.0,1169.0,1169.0,1169.0,0
20210624T,1044.0,1044.0,1044.0,1044.0,0
20210625T,984.0,984.0,984.0,984.0,0
20210626T,843.0,843.0,843.0,843.0,0
20210627T,820.0,820.0,820.0,820.0,0
20210628T,1332.0,1332.0,1332.0,1332.0,0
20210629T,1142.0,1142.0,1142.0,1142.0,0
20210630T,1366.0,1366.0,1366.0,1366.0,0
20210701T,1208.0,1208.0,1208.0,1208.0,0
20210702T,1164.0,1164.0,1164.0,1164.0,0
20210703T,1029.0,1029.0,1029.0,1029.0,0
20210704T,1091.0,1091.0,1091.0,1091.0,0
20210705T,1088.0,1088.0,1088.0,1088.0,0
20210706T,1203.0,1203.0,1203.0,1203.0,0
20210707T,1145.0,1145.0,1145.0,1145.0,0
20210708T,1010.0,1010.0,1010.0,1010.0,0
20210709T,1044.0,1044.0,1044.0,1044.0,0
20210710T,829.0,829.0,829.0,829.0,0
20210711T,872.0,872.0,872.0,872.0,0
20210712T,982.0,982.0,982.0,982.0,0
20210713T,1055.0,1055.0,1055.0,1055.0,0
20210714T,1094.0,1094.0,1094.0,1094.0,0
20210715T,1268.0,1268.0,1268.0,1268.0,0
20210716T,1007.0,1007.0,1007.0,1007.0,0
20210717T,870.0,870.0,870.0,870.0,0
20210718T,1002.0,1002.0,1002.0,1002.0,0
20210719T,873.0,873.0,873.0,873.0,0
20210720T,1218.0,1218.0,1218.0,1218.0,0
20210721T,1441.0,1441.0,1441.0,1441.0,0
20210722T,1303.0,1303.0,1303.0,1303.0,0
20210723T,1892.0,1892.0,1892.0,1892.0,0
20210724T,1234.0,1234.0,1234.0,1234.0,0
20210725T,949.0,949.0,949.0,949.0,0
20210726T,1335.0,1335.0,1335.0,1335.0,0
20210727T,1218.0,1218.0,1218.0,1218.0,0
20210728T,1215.0,1215.0,1215.0,1215.0,0
20210729T,1108.0,1108.0,1108.0,1108.0,0
20210730T,1436.0,1436.0,1436.0,1436.0,0
20210731T,1232.0,1232.0,1232.0,1232.0,0
20210801T,1784.0,1784.0,1784.0,1784.0,0
20210802T,1308.0,1308.0,1308.0,1308.0,0
20210803T,1370.0,1370.0,1370.0,1370.0,0
20210804T,1664.0,1664.0,1664.0,1664.0,0
20210805T,3261.0,3261.0,3261.0,3261.0,0
20210806T,2267.0,2267.0,2267.0,2267.0,0
20210807T,2047.0,2047.0,2047.0,2047.0,0
20210808T,1507.0,1507.0,1507.0,1507.0,0
20210809T,1380.0,1380.0,1380.0,1380.0,0
20210810T,2082.0,2082.0,2082.0,2082.0,0
20210811T,1822.0,1822.0,1822.0,1822.0,0
20210812T,2051.0,2051.0,2051.0,2051.0,0
20210813T,1999.0,1999.0,1999.0,1999.0,0
20210814T,3315.0,3315.0,3315.0,3315.0,0
20210815T,1316.0,1316.0,1316.0,1316.0,0
20210816T,1506.0,1506.0,1506.0,1506.0,0
20210817T,1544.0,1544.0,1544.0,1544.0,0
20210818T,1462.0,1462.0,1462.0,1462.0,0
20210819T,1405.0,1405.0,1405.0,1405.0,0
20210820T,1570.0,1570.0,1570.0,1570.0,0
20210821T,2654.0,2654.0,2654.0,2654.0,0
20210822T,1600.0,1600.0,1600.0,1600.0,0
20210823T,2276.0,2276.0,2276.0,2276.0,0
20210824T,1674.0,1674.0,1674.0,1674.0,0
20210825T,1437.0,1437.0,1437.0,1437.0,0
20210826T,1620.0,1620.0,1620.0,1620.0,0
20210827T,1680.0,1680.0,1680.0,1680.0,0
20210828T,1607.0,1607.0,1607.0,1607.0,0
20210829T,1209.0,1209.0,1209.0,1209.0,0
20210830T,2266.0,2266.0,2266.0,2266.0,0
20210831T,2017.0,2017.0,2017.0,2017.0,0
20210901T,2449.0,2449.0,2449.0,2449.0,0
20210902T,2131.0,2131.0,2131.0,2131.0,0
20210903T,2371.0,2371.0,2371.0,2371.0,0
20210904T,2017.0,2017.0,2017.0,2017.0,0
20210905T,1679.0,1679.0,1679.0,1679.0,0
20210906T,1556.0,1556.0,1556.0,1556.0,0
20210907T,2076.0,2076.0,2076.0,2076.0,0
20210908T,2434.0,2434.0,2434.0,2434.0,0
20210909T,2097.0,2097.0,2097.0,2097.0,0
20210910T,1440.0,1440.0,1440.0,1440.0,0
20210911T,1681.0,1681.0,1681.0,1681.0,0
20210912T,1343.0,1343.0,1343.0,1343.0,0
20210913T,1327.0,1327.0,1327.0,1327.0,0
20210914T,1932.0,1932.0,1932.0,1932.0,0
20210915T,2213.0,2213.0,2213.0,2213.0,0
20210916T,1702.0,1702.0,1702.0,1702.0,0
20210917T,1339.0,1339.0,1339.0,1339.0,0
20210918T,1690.0,1690.0,1690.0,1690.0,0
20210919T,1425.0,1425.0,1425.0,1425.0,0
20210920T,1561.0,1561.0,1561.0,1561.0,0
20210921T,1805.0,1805.0,1805.0,1805.0,0
20210922T,1654.0,1654.0,1654.0,1654.0,0
20210923T,1733.0,1733.0,1733.0,1733.0,0
20210924T,1617.0,1617.0,1617.0,1617.0,0
20210925T,1890.0,1890.0,1890.0,1890.0,0
20210926T,1673.0,1673.0,1673.0,1673.0,0
20210927T,1743.0,1743.0,1743.0,1743.0,0
20210928T,1422.0,1422.0,1422.0,1422.0,0
20210929T,1882.0,1882.0,1882.0,1882.0,0
20210930T,1861.0,1861.0,1861.0,1861.0,0
20211001T,1977.0,1977.0,1977.0,1977.0,0
20211002T,1668.0,1668.0,1668.0,1668.0,0
20211003T,1378.0,1378.0,1378.0,1378.0,0
20211004T,1448.0,1448.0,1448.0,1448.0,0
20211005T,2799.0,2799.0,2799.0,2799.0,0
20211006T,2155.0,2155.0,2155.0,2155.0,0
20211007T,1751.0,1751.0,1751.0,1751.0,0
20211008T,1622.0,1622.0,1622.0,1622.0,0
20211009T,1675.0,1675.0,1675.0,1675.0,0
20211010T,1481.0,1481.0,1481.0,1481.0,0
20211011T,1766.0,1766.0,1766.0,1766.0,0
20211012T,2959.0,2959.0,2959.0,2959.0,0
20211013T,1740.0,1740.0,1740.0,1740.0,0
20211014T,1990.0,1990.0,1990.0,1990.0,0
20211015T,1780.0,1780.0,1780.0,1780.0,0
20211016T,1380.0,1380.0,1380.0,1380.0,0
20211017T,1530.0,1530.0,1530.0,1530.0,0
20211018T,1421.0,1421.0,1421.0,1421.0,0
20211019T,1629.0,1629.0,1629.0,1629.0,0
20211020T,2473.0,2473.0,2473.0,2473.0,0
20211021T,2236.0,2236.0,2236.0,2236.0,0
20211022T,1928.0,1928.0,1928.0,1928.0,0
20211023T,1619.0,1619.0,1619.0,1619.0,0
20211024T,1695.0,1695.0,1695.0,1695.0,0
20211025T,1534.0,1534.0,1534.0,1534.0,0
20211026T,1813.0,1813.0,1813.0,1813.0,0
20211027T,2005.0,2005.0,2005.0,2005.0,0
20211028T,2043.0,2043.0,2043.0,2043.0,0
20211029T,2356.0,2356.0,2356.0,2356.0,0
20211030T,2643.0,2643.0,2643.0,2643.0,0
20211031T,1849.0,1849.0,1849.0,1849.0,0
20211101T,1988.0,1988.0,1988.0,1988.0,0
20211102T,2793.0,2793.0,2793.0,2793.0,0
20211103T,2459.0,2459.0,2459.0,2459.0,0
20211104T,1643.0,1643.0,1643.0,1643.0,0
20211105T,1760.0,1760.0,1760.0,1760.0,0
20211106T,1803.0,1803.0,1803.0,1803.0,0
20211107T,1919.0,1919.0,1919.0,1919.0,0
20211108T,2718.0,2718.0,2718.0,2718.0,0
20211109T,2901.0,2901.0,2901.0,2901.0,0
20211110T,3142.0,3142.0,3142.0,3142.0,0
20211111T,3927.0,3927.0,3927.0,3927.0,0
20211112T,6351.0,6351.0,6351.0,6351.0,0
20211113T,7508.0,7508.0,7508.0,7508.0,0
20211114T,7893.0,7893.0,7893.0,7893.0,0
20211115T,8619.0,8619.0,8619.0,8619.0,0
20211116T,9437.0,9437.0,9437.0,9437.0,0
20211117T,8622.0,8622.0,8622.0,8622.0,0
20211118T,6922.0,6922.0,6922.0,6922.0,0
20211119T,6487.0,6487.0,6487.0,6487.0,0
20211120T,6331.0,6331.0,6331.0,6331.0,0
20211121T,6908.0,6908.0,6908.0,6908.0,0
20211122T,6866.0,6866.0,6866.0,6866.0,0
20211123T,5817.0,5817.0,5817.0,5817.0,0
20211124T,5422.0,5422.0,5422.0,5422.0,0
20211125T,5697.0,5697.0,5697.0,5697.0,0
20211126T,5188.0,5188.0,5188.0,5188.0,0
20211127T,5549.0,5549.0,5549.0,5549.0,0
20211128T,5188.0,5188.0,5188.0,5188.0,0
20211129T,6017.0,6017.0,6017.0,6017.0,0
20211130T,8310.0,8310.0,8310.0,8310.0,0
20211201T,7255.0,7255.0,7255.0,7255.0,0
20211202T,6641.0,6641.0,6641.0,6641.0,0
20211203T,5597.0,5597.0,5597.0,5597.0,0
20211204T,6599.0,6599.0,6599.0,6599.0,0
20211205T,7127.0,7127.0,7127.0,7127.0,0
20211206T,6117.0,6117.0,6117.0,6117.0,0
20211207T,7148.0,7148.0,7148.0,7148.0,0
20211208T,5989.0,5989.0,5989.0,5989.0,0
20211209T,7519.0,7519.0,7519.0,7519.0,0
20211210T,7630.0,7630.0,7630.0,7630.0,0
20211211T,8075.0,8075.0,8075.0,8075.0,0
20211212T,5851.0,5851.0,5851.0,5851.0,0
20211213T,6266.0,6266.0,6266.0,6266.0,0
20211214T,7509.0,7509.0,7509.0,7509.0,0
20211215T,7126.0,7126.0,7126.0,7126.0,0
20211216T,5287.0,5287.0,5287.0,5287.0,0
20211217T,5792.0,5792.0,5792.0,5792.0,0
20211218T,5632.0,5632.0,5632.0,5632.0,0
20211219T,5024.0,5024.0,5024.0,5024.0,0
20211220T,5741.0,5741.0,5741.0,5741.0,0
20211221T,5827.0,5827.0,5827.0,5827.0,0
20211222T,5769.0,5769.0,5769.0,5769.0,0
20211223T,8535.0,8535.0,8535.0,8535.0,0
20211224T,5438.0,5438.0,5438.0,5438.0,0
20211225T,6070.0,6070.0,6070.0,6070.0,0
20211226T,5510.0,5510.0,5510.0,5510.0,0
20211227T,6420.0,6420.0,6420.0,6420.0,0
20211228T,5713.0,5713.0,5713.0,5713.0,0
20211229T,5151.0,5151.0,5151.0,5151.0,0
20211230T,4371.0,4371.0,4371.0,4371.0,0
20211231T,5060.0,5060.0,5060.0,5060.0,0
20220101T,6297.0,6297.0,6297.0,6297.0,0
20220102T,7277.0,7277.0,7277.0,7277.0,0
20220103T,6827.0,6827.0,6827.0,6827.0,0
20220104T,6880.0,6880.0,6880.0,6880.0,0
20220105T,6493.0,6493.0,6493.0,6493.0,0
20220106T,6269.0,6269.0,6269.0,6269.0,0
20220107T,6348.0,6348.0,6348.0,6348.0,0
20220108T,6612.0,6612.0,6612.0,6612.0,0
20220109T,6299.0,6299.0,6299.0,6299.0,0
20220110T,5637.0,5637.0,5637.0,5637.0,0
20220111T,5630.0,5630.0,5630.0,5630.0,0
20220112T,5830.0,5830.0,5830.0,5830.0,0
20220113T,6321.0,6321.0,6321.0,6321.0,0
20220114T,7184.0,7184.0,7184.0,7184.0,0
20220115T,6707.0,6707.0,6707.0,6707.0,0
20220116T,5962.0,5962.0,5962.0,5962.0,0
20220117T,4877.0,4877.0,4877.0,4877.0,0
20220118T,5405.0,5405.0,5405.0,5405.0,0
20220119T,5668.0,5668.0,5668.0,5668.0,0
20220120T,5690.0,5690.0,5690.0,5690.0,0
20220121T,6790.0,6790.0,6790.0,6790.0,0
20220122T,7581.0,7581.0,7581.0,7581.0,0
20220123T,5929.0,5929.0,5929.0,5929.0,0
20220124T,6027.0,6027.0,6027.0,6027.0,0
20220125T,5968.0,5968.0,5968.0,5968.0,0
20220126T,6360.0,6360.0,6360.0,6360.0,0
20220127T,5517.0,5517.0,5517.0,5517.0,0
20220128T,6141.0,6141.0,6141.0,6141.0,0
20220129T,5967.0,5967.0,5967.0,5967.0,0
20220130T,6701.0,6701.0,6701.0,6701.0,0
20220131T,6704.0,6704.0,6704.0,6704.0,0
20220201T,5587.0,5587.0,5587.0,5587.0,0
20220202T,5468.0,5468.0,5468.0,5468.0,0
20220203T,4816.0,4816.0,4816.0,4816.0,0
20220204T,5146.0,5146.0,5146.0,5146.0,0
20220205T,4713.0,4713.0,4713.0,4713.0,0
20220206T,4651.0,4651.0,4651.0,4651.0,0
20220207T,5488.0,5488.0,5488.0,5488.0,0
20220208T,5970.0,5970.0,5970.0,5970.0,0
20220209T,4337.0,4337.0,4337.0,4337.0,0
20220210T,4387.0,4387.0,4387.0,4387.0,0
20220211T,4916.0,4916.0,4916.0,4916.0,0
20220212T,5993.0,5993.0,5993.0,5993.0,0
20220213T,5914.0,5914.0,5914.0,5914.0,0
20220214T,4821.0,4821.0,4821.0,4821.0,0
20220215T,5673.0,5673.0,5673.0,5673.0,0
20220216T,5256.0,5256.0,5256.0,5256.0,0
20220217T,4429.0,4429.0,4429.0,4429.0,0
20220218T,5851.0,5851.0,5851.0,5851.0,0
20220219T,3728.0,3728.0,3728.0,3728.0,0
20220220T,4370.0,4370.0,4370.0,4370.0,0
20220221T,4926.0,4926.0,4926.0,4926.0,0
20220222T,4514.0,4514.0,4514.0,4514.0,0
20220223T,4306.0,4306.0,4306.0,4306.0,0
20220224T,3961.0,3961.0,3961.0,3961.0,0
20220225T,3027.0,3027.0,3027.0,3027.0,0
20220226T,3712.0,3712.0,3712.0,3712.0,0
20220227T,3573.0,3573.0,3573.0,3573.0,0
20220228T,3967.0,3967.0,3967.0,3967.0,0
20220301T,3738.0,3738.0,3738.0,3738.0,0
20220302T,3454.0,3454.0,3454.0,3454.0,0
20220303T,3542.0,3542.0,3542.0,3542.0,0
20220304T,3875.0,3875.0,3875.0,3875.0,0
20220305T,4038.0,4038.0,4038.0,4038.0,0
20220306T,3395.0,3395.0,3395.0,3395.0,0
20220307T,4293.0,4293.0,4293.0,4293.0,0
20220308T,4513.0,4513.0,4513.0,4513.0,0
20220309T,4107.0,4107.0,4107.0,4107.0,0
20220310T,5334.0,5334.0,5334.0,5334.0,0
20220311T,4507.0,4507.0,4507.0,4507.0,0
20220312T,5246.0,5246.0,5246.0,5246.0,0
20220313T,4006.0,4006.0,4006.0,4006.0,0
20220314T,4215.0,4215.0,4215.0,4215.0,0
20220315T,3843.0,3843.0,3843.0,3843.0,0
20220316T,3847.0,3847.0,3847.0,3847.0,0
20220317T,5430.0,5430.0,5430.0,5430.0,0
20220318T,5761.0,5761.0,5761.0,5761.0,0
20220319T,5648.0,5648.0,5648.0,5648.0,0
20220320T,4598.0,4598.0,4598.0,4598.0,0
20220321T,4396.0,4396.0,4396.0,4396.0,0
20220322T,4325.0,4325.0,4325.0,4325.0,0
20220323T,3953.0,3953.0,3953.0,3953.0,0
20220324T,4579.0,4579.0,4579.0,4579.0,0
20220325T,3423.0,3423.0,3423.0,3423.0,0
20220326T,3761.0,3761.0,3761.0,3761.0,0
20220327T,4327.0,4327.0,4327.0,4327.0,0
20220328T,3696.0,3696.0,3696.0,3696.0,0
20220329T,4372.0,4372.0,4372.0,4372.0,0
20220330T,3503.0,3503.0,3503.0,3503.0,0
20220331T,4036.0,4036.0,4036.0,4036.0,0
20220401T,3940.0,3940.0,3940.0,3940.0,0
20220402T,4135.0,4135.0,4135.0,4135.0,0
20220403T,3980.0,3980.0,3980.0,3980.0,0
20220404T,3949.0,3949.0,3949.0,3949.0,0
20220405T,4367.0,4367.0,4367.0,4367.0,0
20220406T,3968.0,3968.0,3968.0,3968.0,0
20220407T,3816.0,3816.0,3816.0,3816.0,0
20220408T,3645.0,3645.0,3645.0,3645.0,0
20220409T,3697.0,3697.0,3697.0,3697.0,0
20220410T,4229.0,4229.0,4229.0,4229.0,0
20220411T,4271.0,4271.0,4271.0,4271.0,0
20220412T,4281.0,4281.0,4281.0,4281.0,0
20220413T,4854.0,4854.0,4854.0,4854.0,0
20220414T,5242.0,5242.0,5242.0,5242.0,0
20220415T,4649.0,4649.0,4649.0,4649.0,0
20220416T,5987.0,5987.0,5987.0,5987.0,0
20220417T,5739.0,5739.0,5739.0,5739.0,0
20220418T,5768.0,5768.0,5768.0,5768.0,0
20220419T,7290.0,7290.0,7290.0,7290.0,0
20220420T,6364.0,6364.0,6364.0,6364.0,0
20220421T,9238.0,9238.0,9238.0,9238.0,0
20220422T,6620.0,6620.0,6620.0,6620.0,0
20220423T,6920.0,6920.0,6920.0,6920.0,0
20220424T,6004.0,6004.0,6004.0,6004.0,0
20220425T,5243.0,5243.0,5243.0,5243.0,0
20220426T,5222.0,5222.0,5222.0,5222.0,0
20220427T,4997.0,4997.0,4997.0,4997.0,0
20220428T,5190.0,5190.0,5190.0,5190.0,0
20220429T,5588.0,5588.0,5588.0,5588.0,0
20220430T,5271.0,5271.0,5271.0,5271.0,0
20220501T,8896.0,8896.0,8896.0,8896.0,0
20220502T,5295.0,5295.0,5295.0,5295.0,0
20220503T,4161.0,4161.0,4161.0,4161.0,0
20220504T,5439.0,5439.0,5439.0,5439.0,0
20220505T,5680.0,5680.0,5680.0,5680.0,0
20220506T,5739.0,5739.0,5739.0,5739.0,0
20220507T,4102.0,4102.0,4102.0,4102.0,0
20220508T,3805.0,3805.0,3805.0,3805.0,0
20220509T,5031.0,5031.0,5031.0,5031.0,0
20220510T,4554.0,4554.0,4554.0,4554.0,0
20220511T,5202.0,5202.0,5202.0,5202.0,0
20220512T,5381.0,5381.0,5381.0,5381.0,0
20220513T,4709.0,4709.0,4709.0,4709.0,0
20220514T,3300.0,3300.0,3300.0,3300.0,0
20220515T,2988.0,2988.0,2988.0,2988.0,0
20220516T,12962.0,12962.0,12962.0,12962.0,0
20220517T,4657.0,4657.0,4657.0,4657.0,0
20220518T,3542.0,3542.0,3542.0,3542.0,0
20220519T,3851.0,3851.0,3851.0,3851.0,0
20220520T,2949.0,2949.0,2949.0,2949.0,0
20220521T,3247.0,3247.0,3247.0,3247.0,0
20220522T,3151.0,3151.0,3151.0,3151.0,0
20220523T,3248.0,3248.0,3248.0,3248.0,0
20220524T,3839.0,3839.0,3839.0,3839.0,0
20220525T,3194.0,3194.0,3194.0,3194.0,0
20220526T,4294.0,4294.0,4294.0,4294.0,0
20220527T,5296.0,5296.0,5296.0,5296.0,0
20220528T,4006.0,4006.0,4006.0,4006.0,0
20220529T,2684.0,2684.0,2684.0,2684.0,0
20220530T,3961.0,3961.0,3961.0,3961.0,0
20220531T,3867.0,3867.0,3867.0,3867.0,0
20220601T,4022.0,4022.0,4022.0,4022.0,0
20220602T,3037.0,3037.0,3037.0,3037.0,0
20220603T,3071.0,3071.0,3071.0,3071.0,0
20220604T,3120.0,3120.0,3120.0,3120.0,0
20220605T,2819.0,2819.0,2819.0,2819.0,0
20220606T,3315.0,3315.0,3315.0,3315.0,0
20220607T,3261.0,3261.0,3261.0,3261.0,0
20220608T,3181.0,3181.0,3181.0,3181.0,0
20220609T,3279.0,3279.0,3279.0,3279.0,0
20220610T,3746.0,3746.0,3746.0,3746.0,0
20220611T,4970.0,4970.0,4970.0,4970.0,0
20220612T,4449.0,4449.0,4449.0,4449.0,0
20220613T,6630.0,6630.0,6630.0,6630.0,0
20220614T,6577.0,6577.0,6577.0,6577.0,0
20220615T,5589.0,5589.0,5589.0,5589.0,0
20220616T,3646.0,3646.0,3646.0,3646.0,0
20220617T,3599.0,3599.0,3599.0,3599.0,0
20220618T,5417.0,5417.0,5417.0,5417.0,0
20220619T,3853.0,3853.0,3853.0,3853.0,0
20220620T,4440.0,4440.0,4440.0,4440.0,0
20220621T,3614.0,3614.0,3614.0,3614.0,0
20220622T,3975.0,3975.0,3975.0,3975.0,0
20220623T,3301.0,3301.0,3301.0,3301.0,0
20220624T,3891.0,3891.0,3891.0,3891.0,0
20220625T,2798.0,2798.0,2798.0,2798.0,0
20220626T,3228.0,3228.0,3228.0,3228.0,0
20220627T,3007.0,3007.0,3007.0,3007.0,0
20220628T,3635.0,3635.0,3635.0,3635.0,0
20220629T,3747.0,3747.0,3747.0,3747.0,0
20220630T,3126.0,3126.0,3126.0,3126.0,0
20220701T,4326.0,4326.0,4326.0,4326.0,0
20220702T,2599.0,2599.0,2599.0,2599.0,0
20220703T,2732.0,2732.0,2732.0,2732.0,0
20220704T,2820.0,2820.0,2820.0,2820.0,0
20220705T,2519.0,2519.0,2519.0,2519.0,0
20220706T,2873.0,2873.0,2873.0,2873.0,0
20220707T,2842.0,2842.0,2842.0,2842.0,0
20220708T,3588.0,3588.0,3588.0,3588.0,0
20220709T,2527.0,2527.0,2527.0,2527.0,0
20220710T,2104.0,2104.0,2104.0,2104.0,0
20220711T,3421.0,3421.0,3421.0,3421.0,0
20220712T,3446.0,3446.0,3446.0,3446.0,0
20220713T,4211.0,4211.0,4211.0,4211.0,0
20220714T,2744.0,2744.0,2744.0,2744.0,0
20220715T,3208.0,3208.0,3208.0,3208.0,0
20220716T,3016.0,3016.0,3016.0,3016.0,0
20220717T,2560.0,2560.0,2560.0,2560.0,0
20220718T,3652.0,3652.0,3652.0,3652.0,0
20220719T,3261.0,3261.0,3261.0,3261.0,0
20220720T,3303.0,3303.0,3303.0,3303.0,0
20220721T,3038.0,3038.0,3038.0,3038.0,0
20220722T,2784.0,2784.0,2784.0,2784.0,0
20220723T,2386.0,2386.0,2386.0,2386.0,0
20220724T,2379.0,2379.0,2379.0,2379.0,0
20220725T,2422.0,2422.0,2422.0,2422.0,0
20220726T,3059.0,3059.0,3059.0,3059.0,0
20220727T,3149.0,3149.0,3149.0,3149.0,0
20220728T,3973.0,3973.0,3973.0,3973.0,0
20220729T,2833.0,2833.0,2833.0,2833.0,0
20220730T,2388.0,2388.0,2388.0,2388.0,0
20220731T,3429.0,3429.0,3429.0,3429.0,0
20220801T,5380.0,5380.0,5380.0,5380.0,0
20220802T,3811.0,3811.0,3811.0,3811.0,0
20220803T,3201.0,3201.0,3201.0,3201.0,0
20220804T,2890.0,2890.0,2890.0,2890.0,0
20220805T,2735.0,2735.0,2735.0,2735.0,0
20220806T,3004.0,3004.0,3004.0,3004.0,0
20220807T,2835.0,2835.0,2835.0,2835.0,0
20220808T,3704.0,3704.0,3704.0,3704.0,0
20220809T,3357.0,3357.0,3357.0,3357.0,0
20220810T,3496.0,3496.0,3496.0,3496.0,0
20220811T,6449.0,6449.0,6449.0,6449.0,0
20220812T,5200.0,5200.0,5200.0,5200.0,0
20220813T,4476.0,4476.0,4476.0,4476.0,0
20220814T,3165.0,3165.0,3165.0,3165.0,0
20220815T,3208.0,3208.0,3208.0,3208.0,0
20220816T,3562.0,3562.0,3562.0,3562.0,0
20220817T,3774.0,3774.0,3774.0,3774.0,0
20220818T,3710.0,3710.0,3710.0,3710.0,0
20220819T,4216.0,4216.0,4216.0,4216.0,0
20220820T,5210.0,5210.0,5210.0,5210.0,0
20220821T,5976.0,5976.0,5976.0,5976.0,0
20220822T,3007.0,3007.0,3007.0,3007.0,0
20220823T,3012.0,3012.0,3012.0,3012.0,0
20220824T,3414.0,3414.0,3414.0,3414.0,0
20220825T,4079.0,4079.0,4079.0,4079.0,0
20220826T,2759.0,2759.0,2759.0,2759.0,0
20220827T,2985.0,2985.0,2985.0,2985.0,0
20220828T,2624.0,2624.0,2624.0,2624.0,0
20220829T,2902.0,2902.0,2902.0,2902.0,0
20220830T,3488.0,3488.0,3488.0,3488.0,0
20220831T,2926.0,2926.0,2926.0,2926.0,0
20220901T,2758.0,2758.0,2758.0,2758.0,0
20220902T,2997.0,2997.0,2997.0,2997.0,0
20220903T,2780.0,2780.0,2780.0,2780.0,0
20220904T,2871.0,2871.0,2871.0,2871.0,0
20220905T,3244.0,3244.0,3244.0,3244.0,0
20220906T,4003.0,4003.0,4003.0,4003.0,0
20220907T,3830.0,3830.0,3830.0,3830.0,0
20220908T,4308.0,4308.0,4308.0,4308.0,0
20220909T,3987.0,3987.0,3987.0,3987.0,0
20220910T,3167.0,3167.0,3167.0,3167.0,0
20220911T,3945.0,3945.0,3945.0,3945.0,0
20220912T,3555.0,3555.0,3555.0,3555.0,0
20220913T,4366.0,4366.0,4366.0,4366.0,0
20220914T,6357.0,6357.0,6357.0,6357.0,0
20220915T,11747.0,11747.0,11747.0,11747.0,0
20220916T,5183.0,5183.0,5183.0,5183.0,0
20220917T,3726.0,3726.0,3726.0,3726.0,0
20220918T,3689.0,3689.0,3689.0,3689.0,0
20220919T,4645.0,4645.0,4645.0,4645.0,0
20220920T,4499.0,4499.0,4499.0,4499.0,0
20220921T,3894.0,3894.0,3894.0,3894.0,0
20220922T,3495.0,3495.0,3495.0,3495.0,0
20220923T,3432.0,3432.0,3432.0,3432.0,0
20220924T,3483.0,3483.0,3483.0,3483.0,0
20220925T,2098.0,2098.0,2098.0,2098.0,0
20220926T,2627.0,2627.0,2627.0,2627.0,0
20220927T,2912.0,2912.0,2912.0,2912.0,0
20220928T,3044.0,3044.0,3044.0,3044.0,0
20220929T,3179.0,3179.0,3179.0,3179.0,0
20220930T,3776.0,3776.0,3776.0,3776.0,0
20221001T,2285.0,2285.0,2285.0,2285.0,0
20221002T,2053.0,2053.0,2053.0,2053.0,0
20221003T,2534.0,2534.0,2534.0,2534.0,0
20221004T,2682.0,2682.0,2682.0,2682.0,0
20221005T,2988.0,2988.0,2988.0,2988.0,0
20221006T,2883.0,2883.0,2883.0,2883.0,0
20221007T,2997.0,2997.0,2997.0,2997.0,0
20221008T,2122.0,2122.0,2122.0,2122.0,0
20221009T,2107.0,2107.0,2107.0,2107.0,0
20221010T,2356.0,2356.0,2356.0,2356.0,0
20221011T,2739.0,2739.0,2739.0,2739.0,0
20221012T,2255.0,2255.0,2255.0,2255.0,0
20221013T,2754.0,2754.0,2754.0,2754.0,0
20221014T,3981.0,3981.0,3981.0,3981.0,0
20221015T,3919.0,3919.0,3919.0,3919.0,0
20221016T,2329.0,2329.0,2329.0,2329.0,0
20221017T,2966.0,2966.0,2966.0,2966.0,0
20221018T,3063.0,3063.0,3063.0,3063.0,0
20221019T,3291.0,3291.0,3291.0,3291.0,0
20221020T,2485.0,2485.0,2485.0,2485.0,0
20221021T,3193.0,3193.0,3193.0,3193.0,0
20221022T,2263.0,2263.0,2263.0,2263.0,0
20221023T,2260.0,2260.0,2260.0,2260.0,0
20221024T,2095.0,2095.0,2095.0,2095.0,0
20221025T,2891.0,2891.0,2891.0,2891.0,0
20221026T,3892.0,3892.0,3892.0,3892.0,0
20221027T,3114.0,3114.0,3114.0,3114.0,0
20221028T,3792.0,3792.0,3792.0,3792.0,0
20221029T,3160.0,3160.0,3160.0,3160.0,0
20221030T,2913.0,2913.0,2913.0,2913.0,0
20221031T,3605.0,3605.0,3605.0,3605.0,0
20221101T,3518.0,3518.0,3518.0,3518.0,0
20221102T,3191.0,3191.0,3191.0,3191.0,0
20221103T,3674.0,3674.0,3674.0,3674.0,0
20221104T,3467.0,3467.0,3467.0,3467.0,0
20221105T,3044.0,3044.0,3044.0,3044.0,0
20221106T,2588.0,2588.0,2588.0,2588.0,0
20221107T,2651.0,2651.0,2651.0,2651.0,0
20221108T,3647.0,3647.0,3647.0,3647.0,0
20221109T,7609.0,7609.0,7609.0,7609.0,0
20221110T,3618.0,3618.0,3618.0,3618.0,0
20221111T,3108.0,3108.0,3108.0,3108.0,0
20221112T,2767.0,2767.0,2767.0,2767.0,0
20221113T,3352.0,3352.0,3352.0,3352.0,0
20221114T,3271.0,3271.0,3271.0,3271.0,0
20221115T,3634.0,3634.0,3634.0,3634.0,0
20221116T,3058.0,3058.0,3058.0,3058.0,0
20221117T,6845.0,6845.0,6845.0,6845.0,0
20221118T,2951.0,2951.0,2951.0,2951.0,0
20221119T,2476.0,2476.0,2476.0,2476.0,0
20221120T,2954.0,2954.0,2954.0,2954.0,0
20221121T,3673.0,3673.0,3673.0,3673.0,0
20221122T,2914.0,2914.0,2914.0,2914.0,0
20221123T,6642.0,6642.0,6642.0,6642.0,0
20221124T,6819.0,6819.0,6819.0,6819.0,0
20221125T,4167.0,4167.0,4167.0,4167.0,0
20221126T,3305.0,3305.0,3305.0,3305.0,0
20221127T,2424.0,2424.0,2424.0,2424.0,0
20221128T,2676.0,2676.0,2676.0,2676.0,0
20221129T,3890.0,3890.0,3890.0,3890.0,0
20221130T,2638.0,2638.0,2638.0,2638.0,0
20221201T,2390.0,2390.0,2390.0,2390.0,0
20221202T,2924.0,2924.0,2924.0,2924.0,0
20221203T,1772.0,1772.0,1772.0,1772.0,0
20221204T,1793.0,1793.0,1793.0,1793.0,0
20221205T,2053.0,2053.0,2053.0,2053.0,0
20221206T,2049.0,2049.0,2049.0,2049.0,0
20221207T,2270.0,2270.0,2270.0,2270.0,0
20221208T,2495.0,2495.0,2495.0,2495.0,0
20221209T,2425.0,2425.0,2425.0,2425.0,0
20221210T,2466.0,2466.0,2466.0,2466.0,0
20221211T,2059.0,2059.0,2059.0,2059.0,0
20221212T,3736.0,3736.0,3736.0,3736.0,0
20221213T,4652.0,4652.0,4652.0,4652.0,0
20221214T,4636.0,4636.0,4636.0,4636.0,0
20221215T,4048.0,4048.0,4048.0,4048.0,0
20221216T,4421.0,4421.0,4421.0,4421.0,0
20221217T,5132.0,5132.0,5132.0,5132.0,0
20221218T,3085.0,3085.0,3085.0,3085.0,0
20221219T,3637.0,3637.0,3637.0,3637.0,0
20221220T,4874.0,4874.0,4874.0,4874.0,0
20221221T,4663.0,4663.0,4663.0,4663.0,0
20221222T,4682.0,4682.0,4682.0,4682.0,0
20221223T,4193.0,4193.0,4193.0,4193.0,0
20221224T,9388.0,9388.0,9388.0,9388.0,0
20221225T,8322.0,8322.0,8322.0,8322.0,0
20221226T,4886.0,4886.0,4886.0,4886.0,0
20221227T,4307.0,4307.0,4307.0,4307.0,0
20221228T,4478.0,4478.0,4478.0,4478.0,0
20221229T,4780.0,4780.0,4780.0,4780.0,0
20221230T,7918.0,7918.0,7918.0,7918.0,0
20221231T,8831.0,8831.0,8831.0,8831.0,0
20230101T,4960.0,4960.0,4960.0,4960.0,0
20230102T,4251.0,4251.0,4251.0,4251.0,0
20230103T,4559.0,4559.0,4559.0,4559.0,0
20230104T,8271.0,8271.0,8271.0,8271.0,0
20230105T,5656.0,5656.0,5656.0,5656.0,0
20230106T,12390.0,12390.0,12390.0,12390.0,0
20230107T,3904.0,3904.0,3904.0,3904.0,0
20230108T,5117.0,5117.0,5117.0,5117.0,0
20230109T,5536.0,5536.0,5536.0,5536.0,0
20230110T,4780.0,4780.0,4780.0,4780.0,0
20230111T,4966.0,4966.0,4966.0,4966.0,0
20230112T,5205.0,5205.0,5205.0,5205.0,0
20230113T,7667.0,7667.0,7667.0,7667.0,0
20230114T,14253.0,14253.0,14253.0,14253.0,0
20230115T,3706.0,3706.0,3706.0,3706.0,0
20230116T,6046.0,6046.0,6046.0,6046.0,0
20230117T,4758.0,4758.0,4758.0,4758.0,0
20230118T,4008.0,4008.0,4008.0,4008.0,0
20230119T,4864.0,4864.0,4864.0,4864.0,0
20230120T,4067.0,4067.0,4067.0,4067.0,0
20230121T,3816.0,3816.0,3816.0,3816.0,0
20230122T,3354.0,3354.0,3354.0,3354.0,0
20230123T,6721.0,6721.0,6721.0,6721.0,0
20230124T,7896.0,7896.0,7896.0,7896.0,0
20230125T,6584.0,6584.0,6584.0,6584.0,0
20230126T,3574.0,3574.0,3574.0,3574.0,0
20230127T,3797.0,3797.0,3797.0,3797.0,0
20230128T,3151.0,3151.0,3151.0,3151.0,0
20230129T,3310.0,3310.0,3310.0,3310.0,0
20230130T,10791.0,10791.0,10791.0,10791.0,0
20230131T,9160.0,9160.0,9160.0,9160.0,0
20230201T,5192.0,5192.0,5192.0,5192.0,0
20230202T,3907.0,3907.0,3907.0,3907.0,0
20230203T,3486.0,3486.0,3486.0,3486.0,0
20230204T,3318.0,3318.0,3318.0,3318.0,0
20230205T,4646.0,4646.0,4646.0,4646.0,0
20230206T,4755.0,4755.0,4755.0,4755.0,0
20230207T,4219.0,4219.0,4219.0,4219.0,0
